NIfTI ID,Slice Index,Tumor Ratio,Tumor Area (in pixel),Brain Area (in pixel),Tumor Area (in mm),Brain Area (in mm)
BraTS-GLI-00615-000,40,0.0104,115,11032,115.0,11032.0
BraTS-GLI-00615-000,41,0.0231,265,11476,265.0,11476.0
BraTS-GLI-00615-000,42,0.0341,403,11832,403.0,11832.0
BraTS-GLI-00615-000,43,0.0394,476,12086,476.0,12086.0
BraTS-GLI-00615-000,44,0.0429,530,12340,530.0,12340.0
BraTS-GLI-00615-000,45,0.0543,682,12556,682.0,12556.0
BraTS-GLI-00615-000,46,0.0633,808,12762,808.0,12762.0
BraTS-GLI-00615-000,47,0.0714,925,12954,925.0,12954.0
BraTS-GLI-00615-000,48,0.0817,1078,13188,1078.0,13188.0
BraTS-GLI-00615-000,49,0.0935,1258,13458,1258.0,13458.0
BraTS-GLI-00615-000,50,0.0965,1324,13727,1324.0,13727.0
BraTS-GLI-00615-000,51,0.098,1377,14050,1377.0,14050.0
BraTS-GLI-00615-000,52,0.0971,1390,14310,1390.0,14310.0
BraTS-GLI-00615-000,53,0.0944,1382,14639,1382.0,14639.0
BraTS-GLI-00615-000,54,0.0918,1361,14823,1361.0,14823.0
BraTS-GLI-00615-000,55,0.0886,1327,14974,1327.0,14974.0
BraTS-GLI-00615-000,56,0.086,1300,15121,1300.0,15121.0
BraTS-GLI-00615-000,57,0.0857,1308,15256,1308.0,15256.0
BraTS-GLI-00615-000,58,0.0822,1263,15369,1263.0,15369.0
BraTS-GLI-00615-000,59,0.0787,1217,15471,1217.0,15471.0
BraTS-GLI-00615-000,60,0.0717,1118,15591,1118.0,15591.0
BraTS-GLI-00615-000,61,0.0633,995,15709,995.0,15709.0
BraTS-GLI-00615-000,62,0.0507,803,15837,803.0,15837.0
BraTS-GLI-00615-000,63,0.0407,649,15962,649.0,15962.0
BraTS-GLI-00615-000,64,0.0302,486,16103,486.0,16103.0
BraTS-GLI-00615-000,65,0.0257,418,16244,418.0,16244.0
BraTS-GLI-00615-000,66,0.0252,413,16379,413.0,16379.0
BraTS-GLI-00615-000,67,0.0247,408,16495,408.0,16495.0
BraTS-GLI-00615-000,68,0.0218,362,16616,362.0,16616.0
BraTS-GLI-00615-000,69,0.0195,326,16728,326.0,16728.0
BraTS-GLI-00615-000,70,0.0164,276,16868,276.0,16868.0
BraTS-GLI-00615-000,71,0.0137,233,16971,233.0,16971.0
BraTS-GLI-00615-000,72,0.0093,158,17069,158.0,17069.0
BraTS-GLI-00615-000,73,0.0051,87,17144,87.0,17144.0
BraTS-GLI-00615-000,74,0.002,35,17215,35.0,17215.0
BraTS-GLI-00615-000,75,0.0006,10,17288,10.0,17288.0
BraTS-GLI-00810-000,40,0.0791,866,10946,866.0,10946.0
BraTS-GLI-00810-000,41,0.088,984,11185,984.0,11185.0
BraTS-GLI-00810-000,42,0.0967,1097,11345,1097.0,11345.0
BraTS-GLI-00810-000,43,0.1075,1237,11512,1237.0,11512.0
BraTS-GLI-00810-000,44,0.1181,1376,11653,1376.0,11653.0
BraTS-GLI-00810-000,45,0.1291,1517,11754,1517.0,11754.0
BraTS-GLI-00810-000,46,0.1399,1660,11864,1660.0,11864.0
BraTS-GLI-00810-000,47,0.1487,1774,11934,1774.0,11934.0
BraTS-GLI-00810-000,48,0.1628,1957,12022,1957.0,12022.0
BraTS-GLI-00810-000,49,0.1672,2020,12079,2020.0,12079.0
BraTS-GLI-00810-000,50,0.172,2087,12133,2087.0,12133.0
BraTS-GLI-00810-000,51,0.1758,2145,12204,2145.0,12204.0
BraTS-GLI-00810-000,52,0.179,2199,12284,2199.0,12284.0
BraTS-GLI-00810-000,53,0.182,2246,12338,2246.0,12338.0
BraTS-GLI-00810-000,54,0.1845,2282,12371,2282.0,12371.0
BraTS-GLI-00810-000,55,0.1862,2321,12463,2321.0,12463.0
BraTS-GLI-00810-000,56,0.1836,2378,12953,2378.0,12953.0
BraTS-GLI-00810-000,57,0.1833,2418,13195,2418.0,13195.0
BraTS-GLI-00810-000,58,0.1817,2442,13442,2442.0,13442.0
BraTS-GLI-00810-000,59,0.183,2484,13576,2484.0,13576.0
BraTS-GLI-00810-000,60,0.1833,2500,13642,2500.0,13642.0
BraTS-GLI-00810-000,61,0.1834,2535,13823,2535.0,13823.0
BraTS-GLI-00810-000,62,0.1858,2597,13978,2597.0,13978.0
BraTS-GLI-00810-000,63,0.1921,2706,14086,2706.0,14086.0
BraTS-GLI-00810-000,64,0.1942,2774,14282,2774.0,14282.0
BraTS-GLI-00810-000,65,0.1968,2816,14307,2816.0,14307.0
BraTS-GLI-00810-000,66,0.1961,2831,14435,2831.0,14435.0
BraTS-GLI-00810-000,67,0.1894,2747,14505,2747.0,14505.0
BraTS-GLI-00810-000,68,0.1886,2749,14574,2749.0,14574.0
BraTS-GLI-00810-000,69,0.191,2797,14647,2797.0,14647.0
BraTS-GLI-00810-000,70,0.1944,2866,14740,2866.0,14740.0
BraTS-GLI-00810-000,71,0.1997,2963,14836,2963.0,14836.0
BraTS-GLI-00810-000,72,0.2052,3069,14958,3069.0,14958.0
BraTS-GLI-00810-000,73,0.2075,3133,15097,3133.0,15097.0
BraTS-GLI-00810-000,74,0.2083,3163,15186,3163.0,15186.0
BraTS-GLI-00810-000,75,0.2077,3173,15277,3173.0,15277.0
BraTS-GLI-00810-000,76,0.2047,3143,15351,3143.0,15351.0
BraTS-GLI-00810-000,77,0.2039,3138,15389,3138.0,15389.0
BraTS-GLI-00810-000,78,0.2028,3128,15423,3128.0,15423.0
BraTS-GLI-00810-000,79,0.1992,3075,15440,3075.0,15440.0
BraTS-GLI-00810-000,80,0.1949,3010,15443,3010.0,15443.0
BraTS-GLI-00810-000,81,0.1905,2943,15451,2943.0,15451.0
BraTS-GLI-00810-000,82,0.1879,2902,15446,2902.0,15446.0
BraTS-GLI-00810-000,83,0.1849,2853,15431,2853.0,15431.0
BraTS-GLI-00810-000,84,0.1812,2789,15394,2789.0,15394.0
BraTS-GLI-00810-000,85,0.1755,2693,15347,2693.0,15347.0
BraTS-GLI-00810-000,86,0.1687,2585,15319,2585.0,15319.0
BraTS-GLI-00810-000,87,0.1595,2433,15256,2433.0,15256.0
BraTS-GLI-00810-000,88,0.1471,2230,15159,2230.0,15159.0
BraTS-GLI-00810-000,89,0.1348,2029,15052,2029.0,15052.0
BraTS-GLI-00810-000,90,0.1234,1838,14890,1838.0,14890.0
BraTS-GLI-00810-000,91,0.1123,1658,14764,1658.0,14764.0
BraTS-GLI-00810-000,92,0.0981,1436,14636,1436.0,14636.0
BraTS-GLI-00810-000,93,0.0836,1208,14453,1208.0,14453.0
BraTS-GLI-00810-000,94,0.0775,1107,14283,1107.0,14283.0
BraTS-GLI-00810-000,95,0.0707,998,14117,998.0,14117.0
BraTS-GLI-00810-000,96,0.0633,875,13818,875.0,13818.0
BraTS-GLI-00810-000,97,0.0542,745,13738,745.0,13738.0
BraTS-GLI-00810-000,98,0.0443,601,13567,601.0,13567.0
BraTS-GLI-00810-000,99,0.036,482,13407,482.0,13407.0
BraTS-GLI-00810-000,100,0.0255,336,13174,336.0,13174.0
BraTS-GLI-00810-000,101,0.0149,192,12926,192.0,12926.0
BraTS-GLI-00810-000,102,0.0076,97,12694,97.0,12694.0
BraTS-GLI-00810-000,103,0.0033,41,12495,41.0,12495.0
BraTS-GLI-00810-000,104,0.0011,13,12296,13.0,12296.0
BraTS-GLI-00734-001,40,0.2041,2783,13638,2783.0,13638.0
BraTS-GLI-00734-001,41,0.2108,2908,13794,2908.0,13794.0
BraTS-GLI-00734-001,42,0.2181,3038,13930,3038.0,13930.0
BraTS-GLI-00734-001,43,0.2251,3165,14061,3165.0,14061.0
BraTS-GLI-00734-001,44,0.2309,3270,14161,3270.0,14161.0
BraTS-GLI-00734-001,45,0.2355,3356,14253,3356.0,14253.0
BraTS-GLI-00734-001,46,0.2385,3417,14326,3417.0,14326.0
BraTS-GLI-00734-001,47,0.2402,3457,14392,3457.0,14392.0
BraTS-GLI-00734-001,48,0.2414,3491,14459,3491.0,14459.0
BraTS-GLI-00734-001,49,0.2439,3531,14477,3531.0,14477.0
BraTS-GLI-00734-001,50,0.2478,3595,14507,3595.0,14507.0
BraTS-GLI-00734-001,51,0.2506,3644,14541,3644.0,14541.0
BraTS-GLI-00734-001,52,0.2528,3695,14615,3695.0,14615.0
BraTS-GLI-00734-001,53,0.2567,3782,14732,3782.0,14732.0
BraTS-GLI-00734-001,54,0.2577,3827,14853,3827.0,14853.0
BraTS-GLI-00734-001,55,0.255,3863,15150,3863.0,15150.0
BraTS-GLI-00734-001,56,0.2541,3946,15529,3946.0,15529.0
BraTS-GLI-00734-001,57,0.2544,4035,15858,4035.0,15858.0
BraTS-GLI-00734-001,58,0.253,4091,16172,4091.0,16172.0
BraTS-GLI-00734-001,59,0.2547,4159,16328,4159.0,16328.0
BraTS-GLI-00734-001,60,0.2555,4201,16441,4201.0,16441.0
BraTS-GLI-00734-001,61,0.2548,4232,16608,4232.0,16608.0
BraTS-GLI-00734-001,62,0.2546,4261,16738,4261.0,16738.0
BraTS-GLI-00734-001,63,0.2499,4220,16887,4220.0,16887.0
BraTS-GLI-00734-001,64,0.2376,4101,17258,4101.0,17258.0
BraTS-GLI-00734-001,65,0.231,3998,17311,3998.0,17311.0
BraTS-GLI-00734-001,66,0.2246,3915,17431,3915.0,17431.0
BraTS-GLI-00734-001,67,0.2175,3817,17552,3817.0,17552.0
BraTS-GLI-00734-001,68,0.2076,3675,17706,3675.0,17706.0
BraTS-GLI-00734-001,69,0.1996,3557,17825,3557.0,17825.0
BraTS-GLI-00734-001,70,0.1932,3467,17943,3467.0,17943.0
BraTS-GLI-00734-001,71,0.1873,3373,18008,3373.0,18008.0
BraTS-GLI-00734-001,72,0.1785,3226,18069,3226.0,18069.0
BraTS-GLI-00734-001,73,0.1706,3097,18158,3097.0,18158.0
BraTS-GLI-00734-001,74,0.1639,2989,18237,2989.0,18237.0
BraTS-GLI-00734-001,75,0.1602,2927,18274,2927.0,18274.0
BraTS-GLI-00734-001,76,0.1563,2863,18313,2863.0,18313.0
BraTS-GLI-00734-001,77,0.1535,2814,18333,2814.0,18333.0
BraTS-GLI-00734-001,78,0.1529,2797,18291,2797.0,18291.0
BraTS-GLI-00734-001,79,0.1529,2794,18269,2794.0,18269.0
BraTS-GLI-00734-001,80,0.1532,2787,18194,2787.0,18194.0
BraTS-GLI-00734-001,81,0.1511,2743,18149,2743.0,18149.0
BraTS-GLI-00734-001,82,0.1504,2723,18106,2723.0,18106.0
BraTS-GLI-00734-001,83,0.1462,2636,18029,2636.0,18029.0
BraTS-GLI-00734-001,84,0.1425,2556,17942,2556.0,17942.0
BraTS-GLI-00734-001,85,0.1377,2459,17852,2459.0,17852.0
BraTS-GLI-00734-001,86,0.1328,2366,17811,2366.0,17811.0
BraTS-GLI-00734-001,87,0.126,2237,17749,2237.0,17749.0
BraTS-GLI-00734-001,88,0.117,2060,17608,2060.0,17608.0
BraTS-GLI-00734-001,89,0.1123,1964,17495,1964.0,17495.0
BraTS-GLI-00734-001,90,0.1086,1881,17319,1881.0,17319.0
BraTS-GLI-00734-001,91,0.1065,1834,17218,1834.0,17218.0
BraTS-GLI-00734-001,92,0.1036,1772,17109,1772.0,17109.0
BraTS-GLI-00734-001,93,0.1004,1698,16905,1698.0,16905.0
BraTS-GLI-00734-001,94,0.0965,1612,16698,1612.0,16698.0
BraTS-GLI-00734-001,95,0.0934,1538,16468,1538.0,16468.0
BraTS-GLI-00734-001,96,0.0901,1451,16109,1451.0,16109.0
BraTS-GLI-00734-001,97,0.0845,1359,16085,1359.0,16085.0
BraTS-GLI-00734-001,98,0.0755,1200,15888,1200.0,15888.0
BraTS-GLI-00734-001,99,0.0672,1057,15729,1057.0,15729.0
BraTS-GLI-00734-001,100,0.0628,972,15478,972.0,15478.0
BraTS-GLI-00734-001,101,0.0583,887,15216,887.0,15216.0
BraTS-GLI-00734-001,102,0.0547,818,14949,818.0,14949.0
BraTS-GLI-00734-001,103,0.0513,758,14770,758.0,14770.0
BraTS-GLI-00734-001,104,0.0482,700,14536,700.0,14536.0
BraTS-GLI-00734-001,105,0.0446,635,14248,635.0,14248.0
BraTS-GLI-00734-001,106,0.038,533,14015,533.0,14015.0
BraTS-GLI-00734-001,107,0.0304,416,13669,416.0,13669.0
BraTS-GLI-00734-001,108,0.0214,288,13436,288.0,13436.0
BraTS-GLI-00734-001,109,0.0184,243,13212,243.0,13212.0
BraTS-GLI-00734-001,110,0.0143,184,12836,184.0,12836.0
BraTS-GLI-00734-001,111,0.0097,121,12523,121.0,12523.0
BraTS-GLI-00734-001,112,0.0064,77,12122,77.0,12122.0
BraTS-GLI-00734-001,113,0.0039,46,11813,46.0,11813.0
BraTS-GLI-00734-001,114,0.0003,4,11529,4.0,11529.0
BraTS-GLI-01193-000,40,0.0128,124,9702,124.0,9702.0
BraTS-GLI-01193-000,41,0.0287,286,9954,286.0,9954.0
BraTS-GLI-01193-000,42,0.0507,517,10207,517.0,10207.0
BraTS-GLI-01193-000,43,0.0728,767,10542,767.0,10542.0
BraTS-GLI-01193-000,44,0.095,1024,10778,1024.0,10778.0
BraTS-GLI-01193-000,45,0.117,1285,10985,1285.0,10985.0
BraTS-GLI-01193-000,46,0.1338,1489,11126,1489.0,11126.0
BraTS-GLI-01193-000,47,0.1482,1671,11278,1671.0,11278.0
BraTS-GLI-01193-000,48,0.1598,1829,11447,1829.0,11447.0
BraTS-GLI-01193-000,49,0.1696,1965,11589,1965.0,11589.0
BraTS-GLI-01193-000,50,0.1771,2076,11725,2076.0,11725.0
BraTS-GLI-01193-000,51,0.1874,2219,11840,2219.0,11840.0
BraTS-GLI-01193-000,52,0.1958,2337,11938,2337.0,11938.0
BraTS-GLI-01193-000,53,0.2014,2425,12043,2425.0,12043.0
BraTS-GLI-01193-000,54,0.1935,2479,12809,2479.0,12809.0
BraTS-GLI-01193-000,55,0.1923,2509,13046,2509.0,13046.0
BraTS-GLI-01193-000,56,0.1917,2521,13154,2521.0,13154.0
BraTS-GLI-01193-000,57,0.1894,2519,13300,2519.0,13300.0
BraTS-GLI-01193-000,58,0.1859,2505,13478,2505.0,13478.0
BraTS-GLI-01193-000,59,0.1823,2480,13607,2480.0,13607.0
BraTS-GLI-01193-000,60,0.1802,2475,13735,2475.0,13735.0
BraTS-GLI-01193-000,61,0.1775,2455,13834,2455.0,13834.0
BraTS-GLI-01193-000,62,0.176,2454,13944,2454.0,13944.0
BraTS-GLI-01193-000,63,0.1732,2447,14128,2447.0,14128.0
BraTS-GLI-01193-000,64,0.1709,2445,14303,2445.0,14303.0
BraTS-GLI-01193-000,65,0.1702,2454,14415,2454.0,14415.0
BraTS-GLI-01193-000,66,0.1689,2452,14514,2452.0,14514.0
BraTS-GLI-01193-000,67,0.1685,2465,14630,2465.0,14630.0
BraTS-GLI-01193-000,68,0.1658,2459,14827,2459.0,14827.0
BraTS-GLI-01193-000,69,0.1632,2444,14974,2444.0,14974.0
BraTS-GLI-01193-000,70,0.1603,2426,15133,2426.0,15133.0
BraTS-GLI-01193-000,71,0.1597,2437,15263,2437.0,15263.0
BraTS-GLI-01193-000,72,0.1588,2442,15376,2442.0,15376.0
BraTS-GLI-01193-000,73,0.1574,2445,15534,2445.0,15534.0
BraTS-GLI-01193-000,74,0.1504,2360,15690,2360.0,15690.0
BraTS-GLI-01193-000,75,0.1392,2206,15851,2206.0,15851.0
BraTS-GLI-01193-000,76,0.1271,2030,15967,2030.0,15967.0
BraTS-GLI-01193-000,77,0.1139,1834,16095,1834.0,16095.0
BraTS-GLI-01193-000,78,0.1006,1630,16200,1630.0,16200.0
BraTS-GLI-01193-000,79,0.0829,1350,16279,1350.0,16279.0
BraTS-GLI-01193-000,80,0.0653,1068,16344,1068.0,16344.0
BraTS-GLI-01193-000,81,0.0471,770,16360,770.0,16360.0
BraTS-GLI-01193-000,82,0.0314,514,16365,514.0,16365.0
BraTS-GLI-01193-000,83,0.0167,274,16374,274.0,16374.0
BraTS-GLI-01193-000,84,0.0062,102,16371,102.0,16371.0
BraTS-GLI-01193-000,85,0.0048,79,16356,79.0,16356.0
BraTS-GLI-01193-000,86,0.0039,63,16347,63.0,16347.0
BraTS-GLI-01193-000,87,0.0027,44,16298,44.0,16298.0
BraTS-GLI-01193-000,88,0.001,17,16246,17.0,16246.0
BraTS-GLI-01162-000,40,0.1261,1558,12356,1558.0,12356.0
BraTS-GLI-01162-000,41,0.1484,1863,12555,1863.0,12555.0
BraTS-GLI-01162-000,42,0.1608,2042,12701,2042.0,12701.0
BraTS-GLI-01162-000,43,0.1523,1956,12842,1956.0,12842.0
BraTS-GLI-01162-000,44,0.1523,1974,12965,1974.0,12965.0
BraTS-GLI-01162-000,45,0.1692,2217,13100,2217.0,13100.0
BraTS-GLI-01162-000,46,0.1858,2470,13294,2470.0,13294.0
BraTS-GLI-01162-000,47,0.1851,2506,13537,2506.0,13537.0
BraTS-GLI-01162-000,48,0.177,2466,13936,2466.0,13936.0
BraTS-GLI-01162-000,49,0.181,2602,14373,2602.0,14373.0
BraTS-GLI-01162-000,50,0.1821,2675,14687,2675.0,14687.0
BraTS-GLI-01162-000,51,0.1751,2605,14879,2605.0,14879.0
BraTS-GLI-01162-000,52,0.1861,2803,15062,2803.0,15062.0
BraTS-GLI-01162-000,53,0.175,2663,15217,2663.0,15217.0
BraTS-GLI-01162-000,54,0.1788,2746,15362,2746.0,15362.0
BraTS-GLI-01162-000,55,0.1755,2717,15478,2717.0,15478.0
BraTS-GLI-01162-000,56,0.1786,2788,15611,2788.0,15611.0
BraTS-GLI-01162-000,57,0.1758,2766,15733,2766.0,15733.0
BraTS-GLI-01162-000,58,0.1649,2615,15856,2615.0,15856.0
BraTS-GLI-01162-000,59,0.1656,2659,16057,2659.0,16057.0
BraTS-GLI-01162-000,60,0.1507,2448,16242,2448.0,16242.0
BraTS-GLI-01162-000,61,0.1589,2611,16430,2611.0,16430.0
BraTS-GLI-01162-000,62,0.1595,2645,16584,2645.0,16584.0
BraTS-GLI-01162-000,63,0.1733,2893,16690,2893.0,16690.0
BraTS-GLI-01162-000,64,0.1721,2910,16904,2910.0,16904.0
BraTS-GLI-01162-000,65,0.1638,2781,16983,2781.0,16983.0
BraTS-GLI-01162-000,66,0.1559,2671,17128,2671.0,17128.0
BraTS-GLI-01162-000,67,0.1537,2650,17236,2650.0,17236.0
BraTS-GLI-01162-000,68,0.1218,2109,17313,2109.0,17313.0
BraTS-GLI-01162-000,69,0.123,2138,17379,2138.0,17379.0
BraTS-GLI-01162-000,70,0.121,2108,17424,2108.0,17424.0
BraTS-GLI-01162-000,71,0.1216,2124,17462,2124.0,17462.0
BraTS-GLI-01162-000,72,0.112,1959,17490,1959.0,17490.0
BraTS-GLI-01162-000,73,0.1114,1951,17516,1951.0,17516.0
BraTS-GLI-01162-000,74,0.1044,1830,17526,1830.0,17526.0
BraTS-GLI-01162-000,75,0.1013,1775,17527,1775.0,17527.0
BraTS-GLI-01162-000,76,0.1019,1787,17532,1787.0,17532.0
BraTS-GLI-01162-000,77,0.1006,1763,17524,1763.0,17524.0
BraTS-GLI-01162-000,78,0.1027,1797,17491,1797.0,17491.0
BraTS-GLI-01162-000,79,0.101,1764,17473,1764.0,17473.0
BraTS-GLI-01162-000,80,0.0978,1707,17448,1707.0,17448.0
BraTS-GLI-01162-000,81,0.0928,1615,17407,1615.0,17407.0
BraTS-GLI-01162-000,82,0.0765,1328,17363,1328.0,17363.0
BraTS-GLI-01162-000,83,0.0721,1248,17317,1248.0,17317.0
BraTS-GLI-01162-000,84,0.0679,1172,17259,1172.0,17259.0
BraTS-GLI-01162-000,85,0.0551,948,17195,948.0,17195.0
BraTS-GLI-01162-000,86,0.0488,835,17126,835.0,17126.0
BraTS-GLI-01162-000,87,0.0456,778,17067,778.0,17067.0
BraTS-GLI-01162-000,88,0.0346,588,16997,588.0,16997.0
BraTS-GLI-01162-000,89,0.0332,562,16909,562.0,16909.0
BraTS-GLI-01162-000,90,0.0286,480,16809,480.0,16809.0
BraTS-GLI-01162-000,91,0.0239,399,16717,399.0,16717.0
BraTS-GLI-01162-000,92,0.0207,344,16616,344.0,16616.0
BraTS-GLI-00296-000,83,0.0002,4,17256,4.0,17256.0
BraTS-GLI-00296-000,84,0.0012,21,17232,21.0,17232.0
BraTS-GLI-00296-000,85,0.0027,47,17202,47.0,17202.0
BraTS-GLI-00296-000,86,0.0048,82,17167,82.0,17167.0
BraTS-GLI-00296-000,87,0.0096,164,17119,164.0,17119.0
BraTS-GLI-00296-000,88,0.0177,302,17060,302.0,17060.0
BraTS-GLI-00296-000,89,0.025,425,16998,425.0,16998.0
BraTS-GLI-00296-000,90,0.0352,596,16921,596.0,16921.0
BraTS-GLI-00296-000,91,0.0455,765,16831,765.0,16831.0
BraTS-GLI-00296-000,92,0.0618,1035,16736,1035.0,16736.0
BraTS-GLI-00296-000,93,0.0756,1257,16620,1257.0,16620.0
BraTS-GLI-00296-000,94,0.0895,1478,16511,1478.0,16511.0
BraTS-GLI-00296-000,95,0.0987,1616,16375,1616.0,16375.0
BraTS-GLI-00296-000,96,0.1064,1726,16219,1726.0,16219.0
BraTS-GLI-00296-000,97,0.1065,1712,16075,1712.0,16075.0
BraTS-GLI-00296-000,98,0.109,1733,15900,1733.0,15900.0
BraTS-GLI-00296-000,99,0.1109,1744,15723,1744.0,15723.0
BraTS-GLI-00296-000,100,0.1064,1655,15548,1655.0,15548.0
BraTS-GLI-00296-000,101,0.105,1610,15335,1610.0,15335.0
BraTS-GLI-00296-000,102,0.1008,1525,15123,1525.0,15123.0
BraTS-GLI-00296-000,103,0.0945,1408,14900,1408.0,14900.0
BraTS-GLI-00296-000,104,0.0904,1325,14659,1325.0,14659.0
BraTS-GLI-00296-000,105,0.0859,1237,14400,1237.0,14400.0
BraTS-GLI-00296-000,106,0.082,1159,14142,1159.0,14142.0
BraTS-GLI-00296-000,107,0.0754,1046,13867,1046.0,13867.0
BraTS-GLI-00296-000,108,0.0666,907,13627,907.0,13627.0
BraTS-GLI-00296-000,109,0.0529,707,13367,707.0,13367.0
BraTS-GLI-00296-000,110,0.0468,613,13089,613.0,13089.0
BraTS-GLI-00296-000,111,0.0438,560,12773,560.0,12773.0
BraTS-GLI-00296-000,112,0.0419,522,12472,522.0,12472.0
BraTS-GLI-00296-000,113,0.0436,528,12121,528.0,12121.0
BraTS-GLI-00296-000,114,0.0428,503,11765,503.0,11765.0
BraTS-GLI-00296-000,115,0.0391,446,11416,446.0,11416.0
BraTS-GLI-01308-000,75,0.0001,1,17453,1.0,17453.0
BraTS-GLI-01308-000,76,0.0015,27,17472,27.0,17472.0
BraTS-GLI-01308-000,77,0.0053,93,17467,93.0,17467.0
BraTS-GLI-01308-000,78,0.0111,194,17444,194.0,17444.0
BraTS-GLI-01308-000,79,0.0137,239,17412,239.0,17412.0
BraTS-GLI-01308-000,80,0.0167,290,17387,290.0,17387.0
BraTS-GLI-01308-000,81,0.0185,321,17343,321.0,17343.0
BraTS-GLI-01308-000,82,0.021,363,17304,363.0,17304.0
BraTS-GLI-01308-000,83,0.0222,383,17261,383.0,17261.0
BraTS-GLI-01308-000,84,0.0228,392,17188,392.0,17188.0
BraTS-GLI-01308-000,85,0.0244,418,17117,418.0,17117.0
BraTS-GLI-01308-000,86,0.0242,412,17032,412.0,17032.0
BraTS-GLI-01308-000,87,0.0251,425,16939,425.0,16939.0
BraTS-GLI-01308-000,88,0.0244,411,16858,411.0,16858.0
BraTS-GLI-01308-000,89,0.0241,403,16737,403.0,16737.0
BraTS-GLI-01308-000,90,0.0237,393,16604,393.0,16604.0
BraTS-GLI-01308-000,91,0.0226,372,16467,372.0,16467.0
BraTS-GLI-01308-000,92,0.0211,344,16311,344.0,16311.0
BraTS-GLI-01308-000,93,0.0194,314,16160,314.0,16160.0
BraTS-GLI-01308-000,94,0.0148,237,15992,237.0,15992.0
BraTS-GLI-01308-000,95,0.0121,191,15828,191.0,15828.0
BraTS-GLI-01308-000,96,0.0102,160,15630,160.0,15630.0
BraTS-GLI-01308-000,97,0.0089,137,15415,137.0,15415.0
BraTS-GLI-01209-000,40,0.1412,1133,8024,1133.0,8024.0
BraTS-GLI-01209-000,41,0.1387,1183,8528,1183.0,8528.0
BraTS-GLI-01209-000,42,0.1489,1355,9100,1355.0,9100.0
BraTS-GLI-01209-000,43,0.1646,1604,9747,1604.0,9747.0
BraTS-GLI-01209-000,44,0.1858,1917,10320,1917.0,10320.0
BraTS-GLI-01209-000,45,0.199,2121,10659,2121.0,10659.0
BraTS-GLI-01209-000,46,0.2044,2222,10870,2222.0,10870.0
BraTS-GLI-01209-000,47,0.2113,2338,11063,2338.0,11063.0
BraTS-GLI-01209-000,48,0.221,2480,11221,2480.0,11221.0
BraTS-GLI-01209-000,49,0.224,2547,11368,2547.0,11368.0
BraTS-GLI-01209-000,50,0.2287,2631,11503,2631.0,11503.0
BraTS-GLI-01209-000,51,0.2381,2763,11605,2763.0,11605.0
BraTS-GLI-01209-000,52,0.2447,2865,11708,2865.0,11708.0
BraTS-GLI-01209-000,53,0.2487,2959,11899,2959.0,11899.0
BraTS-GLI-01209-000,54,0.254,3074,12102,3074.0,12102.0
BraTS-GLI-01209-000,55,0.2617,3235,12360,3235.0,12360.0
BraTS-GLI-01209-000,56,0.2674,3404,12728,3404.0,12728.0
BraTS-GLI-01209-000,57,0.2675,3493,13060,3493.0,13060.0
BraTS-GLI-01209-000,58,0.2722,3620,13298,3620.0,13298.0
BraTS-GLI-01209-000,59,0.2719,3664,13476,3664.0,13476.0
BraTS-GLI-01209-000,60,0.275,3750,13638,3750.0,13638.0
BraTS-GLI-01209-000,61,0.2826,3896,13788,3896.0,13788.0
BraTS-GLI-01209-000,62,0.2838,3959,13949,3959.0,13949.0
BraTS-GLI-01209-000,63,0.2864,4040,14105,4040.0,14105.0
BraTS-GLI-01209-000,64,0.2855,4071,14261,4071.0,14261.0
BraTS-GLI-01209-000,65,0.2893,4172,14421,4172.0,14421.0
BraTS-GLI-01209-000,66,0.2895,4219,14572,4219.0,14572.0
BraTS-GLI-01209-000,67,0.2859,4204,14703,4204.0,14703.0
BraTS-GLI-01209-000,68,0.2834,4210,14856,4210.0,14856.0
BraTS-GLI-01209-000,69,0.2772,4164,15021,4164.0,15021.0
BraTS-GLI-01209-000,70,0.2694,4095,15202,4095.0,15202.0
BraTS-GLI-01209-000,71,0.2624,4038,15386,4038.0,15386.0
BraTS-GLI-01209-000,72,0.2472,3842,15540,3842.0,15540.0
BraTS-GLI-01209-000,73,0.2405,3765,15658,3765.0,15658.0
BraTS-GLI-01209-000,74,0.2333,3665,15710,3665.0,15710.0
BraTS-GLI-01209-000,75,0.2229,3514,15765,3514.0,15765.0
BraTS-GLI-01209-000,76,0.2203,3485,15821,3485.0,15821.0
BraTS-GLI-01209-000,77,0.2163,3424,15832,3424.0,15832.0
BraTS-GLI-01209-000,78,0.2053,3257,15864,3257.0,15864.0
BraTS-GLI-01209-000,79,0.1958,3109,15879,3109.0,15879.0
BraTS-GLI-01209-000,80,0.187,2970,15883,2970.0,15883.0
BraTS-GLI-01209-000,81,0.1775,2819,15884,2819.0,15884.0
BraTS-GLI-01209-000,82,0.1666,2649,15904,2649.0,15904.0
BraTS-GLI-01209-000,83,0.1607,2552,15880,2552.0,15880.0
BraTS-GLI-01209-000,84,0.1606,2547,15859,2547.0,15859.0
BraTS-GLI-01209-000,85,0.1574,2489,15812,2489.0,15812.0
BraTS-GLI-01209-000,86,0.1536,2424,15782,2424.0,15782.0
BraTS-GLI-01209-000,87,0.1519,2392,15747,2392.0,15747.0
BraTS-GLI-01209-000,88,0.1533,2405,15687,2405.0,15687.0
BraTS-GLI-01209-000,89,0.1525,2384,15629,2384.0,15629.0
BraTS-GLI-01209-000,90,0.157,2444,15568,2444.0,15568.0
BraTS-GLI-01209-000,91,0.1558,2419,15525,2419.0,15525.0
BraTS-GLI-01209-000,92,0.1545,2390,15470,2390.0,15470.0
BraTS-GLI-01209-000,93,0.1465,2256,15402,2256.0,15402.0
BraTS-GLI-01209-000,94,0.1382,2118,15323,2118.0,15323.0
BraTS-GLI-01209-000,95,0.1277,1945,15231,1945.0,15231.0
BraTS-GLI-01209-000,96,0.1204,1822,15130,1822.0,15130.0
BraTS-GLI-01209-000,97,0.1157,1735,14999,1735.0,14999.0
BraTS-GLI-01209-000,98,0.1098,1632,14869,1632.0,14869.0
BraTS-GLI-01209-000,99,0.1048,1539,14692,1539.0,14692.0
BraTS-GLI-01209-000,100,0.098,1421,14503,1421.0,14503.0
BraTS-GLI-01209-000,101,0.0883,1264,14313,1264.0,14313.0
BraTS-GLI-01209-000,102,0.0765,1082,14150,1082.0,14150.0
BraTS-GLI-01209-000,103,0.0598,836,13985,836.0,13985.0
BraTS-GLI-01209-000,104,0.0438,604,13801,604.0,13801.0
BraTS-GLI-01209-000,105,0.031,421,13591,421.0,13591.0
BraTS-GLI-01209-000,106,0.0193,258,13346,258.0,13346.0
BraTS-GLI-01209-000,107,0.0097,127,13121,127.0,13121.0
BraTS-GLI-01209-000,108,0.0053,68,12882,68.0,12882.0
BraTS-GLI-01209-000,109,0.0016,20,12607,20.0,12607.0
BraTS-GLI-01209-000,110,0.0006,7,12348,7.0,12348.0
BraTS-GLI-01072-000,54,0.0113,131,11588,131.0,11588.0
BraTS-GLI-01072-000,55,0.0125,152,12195,152.0,12195.0
BraTS-GLI-01072-000,56,0.0126,159,12575,159.0,12575.0
BraTS-GLI-01072-000,57,0.0116,150,12911,150.0,12911.0
BraTS-GLI-01072-000,58,0.0206,272,13188,272.0,13188.0
BraTS-GLI-01072-000,59,0.024,323,13432,323.0,13432.0
BraTS-GLI-01072-000,60,0.0261,357,13683,357.0,13683.0
BraTS-GLI-01072-000,61,0.0468,649,13878,649.0,13878.0
BraTS-GLI-01072-000,62,0.0517,728,14081,728.0,14081.0
BraTS-GLI-01072-000,63,0.0697,995,14278,995.0,14278.0
BraTS-GLI-01072-000,64,0.0862,1251,14510,1251.0,14510.0
BraTS-GLI-01072-000,65,0.0959,1411,14712,1411.0,14712.0
BraTS-GLI-01072-000,66,0.1094,1628,14887,1628.0,14887.0
BraTS-GLI-01072-000,67,0.131,1972,15053,1972.0,15053.0
BraTS-GLI-01072-000,68,0.1499,2277,15188,2277.0,15188.0
BraTS-GLI-01072-000,69,0.166,2541,15303,2541.0,15303.0
BraTS-GLI-01072-000,70,0.1737,2681,15431,2681.0,15431.0
BraTS-GLI-01072-000,71,0.1779,2761,15519,2761.0,15519.0
BraTS-GLI-01072-000,72,0.1827,2850,15597,2850.0,15597.0
BraTS-GLI-01072-000,73,0.19,2977,15667,2977.0,15667.0
BraTS-GLI-01072-000,74,0.1925,3027,15727,3027.0,15727.0
BraTS-GLI-01072-000,75,0.1949,3071,15756,3071.0,15756.0
BraTS-GLI-01072-000,76,0.1991,3141,15778,3141.0,15778.0
BraTS-GLI-01072-000,77,0.1965,3104,15799,3104.0,15799.0
BraTS-GLI-01072-000,78,0.1941,3066,15800,3066.0,15800.0
BraTS-GLI-01072-000,79,0.1924,3039,15799,3039.0,15799.0
BraTS-GLI-01072-000,80,0.1902,3001,15775,3001.0,15775.0
BraTS-GLI-01072-000,81,0.1949,3070,15752,3070.0,15752.0
BraTS-GLI-01072-000,82,0.1989,3124,15710,3124.0,15710.0
BraTS-GLI-01072-000,83,0.1991,3115,15649,3115.0,15649.0
BraTS-GLI-01072-000,84,0.2018,3148,15598,3148.0,15598.0
BraTS-GLI-01072-000,85,0.1988,3088,15532,3088.0,15532.0
BraTS-GLI-01072-000,86,0.1963,3039,15483,3039.0,15483.0
BraTS-GLI-01072-000,87,0.1912,2945,15403,2945.0,15403.0
BraTS-GLI-01072-000,88,0.1848,2832,15321,2832.0,15321.0
BraTS-GLI-01072-000,89,0.1816,2768,15240,2768.0,15240.0
BraTS-GLI-01072-000,90,0.1771,2684,15154,2684.0,15154.0
BraTS-GLI-01072-000,91,0.1658,2496,15054,2496.0,15054.0
BraTS-GLI-01072-000,92,0.1589,2375,14950,2375.0,14950.0
BraTS-GLI-01072-000,93,0.1558,2310,14824,2310.0,14824.0
BraTS-GLI-01072-000,94,0.155,2281,14713,2281.0,14713.0
BraTS-GLI-01072-000,95,0.1553,2262,14570,2262.0,14570.0
BraTS-GLI-01072-000,96,0.1516,2188,14429,2188.0,14429.0
BraTS-GLI-01072-000,97,0.1441,2056,14271,2056.0,14271.0
BraTS-GLI-01072-000,98,0.1315,1858,14124,1858.0,14124.0
BraTS-GLI-01072-000,99,0.121,1687,13944,1687.0,13944.0
BraTS-GLI-01072-000,100,0.1103,1518,13757,1518.0,13757.0
BraTS-GLI-01072-000,101,0.1028,1395,13576,1395.0,13576.0
BraTS-GLI-01072-000,102,0.0949,1271,13388,1271.0,13388.0
BraTS-GLI-01072-000,103,0.0878,1158,13183,1158.0,13183.0
BraTS-GLI-01072-000,104,0.0793,1031,12995,1031.0,12995.0
BraTS-GLI-01072-000,105,0.0728,931,12784,931.0,12784.0
BraTS-GLI-01072-000,106,0.0731,918,12559,918.0,12559.0
BraTS-GLI-01072-000,107,0.0671,827,12324,827.0,12324.0
BraTS-GLI-01072-000,108,0.0568,685,12060,685.0,12060.0
BraTS-GLI-01072-000,109,0.0609,719,11802,719.0,11802.0
BraTS-GLI-01072-000,110,0.0551,636,11538,636.0,11538.0
BraTS-GLI-01072-000,111,0.0468,528,11275,528.0,11275.0
BraTS-GLI-01072-000,112,0.0491,539,10982,539.0,10982.0
BraTS-GLI-01072-000,113,0.0449,480,10688,480.0,10688.0
BraTS-GLI-01072-000,114,0.0428,445,10390,445.0,10390.0
BraTS-GLI-01072-000,115,0.0378,382,10104,382.0,10104.0
BraTS-GLI-00185-000,44,0.0005,7,13572,7.0,13572.0
BraTS-GLI-00185-000,45,0.0015,21,13698,21.0,13698.0
BraTS-GLI-00185-000,46,0.0034,48,14069,48.0,14069.0
BraTS-GLI-00185-000,47,0.0068,98,14408,98.0,14408.0
BraTS-GLI-00185-000,48,0.0108,159,14686,159.0,14686.0
BraTS-GLI-00185-000,49,0.0128,190,14893,190.0,14893.0
BraTS-GLI-00185-000,50,0.0138,208,15120,208.0,15120.0
BraTS-GLI-00185-000,51,0.0195,299,15361,299.0,15361.0
BraTS-GLI-00185-000,52,0.0221,346,15646,346.0,15646.0
BraTS-GLI-00185-000,53,0.0306,486,15863,486.0,15863.0
BraTS-GLI-00185-000,54,0.0369,590,15978,590.0,15978.0
BraTS-GLI-00185-000,55,0.0407,654,16080,654.0,16080.0
BraTS-GLI-00185-000,56,0.0458,741,16177,741.0,16177.0
BraTS-GLI-00185-000,57,0.0509,828,16279,828.0,16279.0
BraTS-GLI-00185-000,58,0.0547,895,16372,895.0,16372.0
BraTS-GLI-00185-000,59,0.0563,929,16506,929.0,16506.0
BraTS-GLI-00185-000,60,0.0579,965,16665,965.0,16665.0
BraTS-GLI-00185-000,61,0.0564,949,16832,949.0,16832.0
BraTS-GLI-00185-000,62,0.0596,1013,16992,1013.0,16992.0
BraTS-GLI-00185-000,63,0.0649,1110,17116,1110.0,17116.0
BraTS-GLI-00185-000,64,0.0687,1190,17321,1190.0,17321.0
BraTS-GLI-00185-000,65,0.0743,1295,17421,1295.0,17421.0
BraTS-GLI-00185-000,66,0.0779,1366,17535,1366.0,17535.0
BraTS-GLI-00185-000,67,0.0792,1397,17645,1397.0,17645.0
BraTS-GLI-00185-000,68,0.079,1402,17752,1402.0,17752.0
BraTS-GLI-00185-000,69,0.0821,1463,17812,1463.0,17812.0
BraTS-GLI-00185-000,70,0.0829,1482,17871,1482.0,17871.0
BraTS-GLI-00185-000,71,0.0826,1481,17940,1481.0,17940.0
BraTS-GLI-00185-000,72,0.0884,1589,17977,1589.0,17977.0
BraTS-GLI-00185-000,73,0.0854,1537,17998,1537.0,17998.0
BraTS-GLI-00185-000,74,0.0826,1488,18014,1488.0,18014.0
BraTS-GLI-00185-000,75,0.0826,1488,18019,1488.0,18019.0
BraTS-GLI-00185-000,76,0.0827,1488,17990,1488.0,17990.0
BraTS-GLI-00185-000,77,0.0842,1514,17971,1514.0,17971.0
BraTS-GLI-00185-000,78,0.0888,1594,17947,1594.0,17947.0
BraTS-GLI-00185-000,79,0.0859,1537,17892,1537.0,17892.0
BraTS-GLI-00185-000,80,0.0791,1413,17858,1413.0,17858.0
BraTS-GLI-00185-000,81,0.073,1299,17797,1299.0,17797.0
BraTS-GLI-00185-000,82,0.072,1277,17734,1277.0,17734.0
BraTS-GLI-00185-000,83,0.0712,1257,17649,1257.0,17649.0
BraTS-GLI-00185-000,84,0.0694,1220,17570,1220.0,17570.0
BraTS-GLI-00185-000,85,0.0708,1238,17474,1238.0,17474.0
BraTS-GLI-00185-000,86,0.0717,1247,17392,1247.0,17392.0
BraTS-GLI-00185-000,87,0.0685,1186,17305,1186.0,17305.0
BraTS-GLI-00185-000,88,0.0675,1162,17217,1162.0,17217.0
BraTS-GLI-00185-000,89,0.0618,1059,17138,1059.0,17138.0
BraTS-GLI-00185-000,90,0.0612,1042,17040,1042.0,17040.0
BraTS-GLI-00185-000,91,0.0618,1046,16928,1046.0,16928.0
BraTS-GLI-00185-000,92,0.0568,955,16811,955.0,16811.0
BraTS-GLI-00185-000,93,0.0578,963,16659,963.0,16659.0
BraTS-GLI-00185-000,94,0.0617,1018,16511,1018.0,16511.0
BraTS-GLI-00185-000,95,0.0715,1170,16364,1170.0,16364.0
BraTS-GLI-00185-000,96,0.0728,1172,16106,1172.0,16106.0
BraTS-GLI-00185-000,97,0.075,1199,15985,1199.0,15985.0
BraTS-GLI-00185-000,98,0.0593,935,15767,935.0,15767.0
BraTS-GLI-00185-000,99,0.0552,858,15545,858.0,15545.0
BraTS-GLI-00185-000,100,0.0482,739,15319,739.0,15319.0
BraTS-GLI-00185-000,101,0.0442,667,15080,667.0,15080.0
BraTS-GLI-00185-000,102,0.0404,598,14810,598.0,14810.0
BraTS-GLI-00185-000,103,0.0364,529,14526,529.0,14526.0
BraTS-GLI-00185-000,104,0.0351,501,14280,501.0,14280.0
BraTS-GLI-00185-000,105,0.0369,517,14002,517.0,14002.0
BraTS-GLI-00185-000,106,0.0341,469,13739,469.0,13739.0
BraTS-GLI-00185-000,107,0.0305,410,13433,410.0,13433.0
BraTS-GLI-00185-000,108,0.0262,344,13137,344.0,13137.0
BraTS-GLI-00185-000,109,0.0251,322,12829,322.0,12829.0
BraTS-GLI-00185-000,110,0.0199,248,12487,248.0,12487.0
BraTS-GLI-00185-000,111,0.0146,177,12122,177.0,12122.0
BraTS-GLI-00185-000,112,0.0185,218,11763,218.0,11763.0
BraTS-GLI-00185-000,113,0.016,183,11437,183.0,11437.0
BraTS-GLI-00185-000,114,0.0023,26,11104,26.0,11104.0
BraTS-GLI-00185-000,115,0.0001,1,10737,1.0,10737.0
BraTS-GLI-01326-000,40,0.0621,654,10534,654.0,10534.0
BraTS-GLI-01326-000,41,0.067,736,10993,736.0,10993.0
BraTS-GLI-01326-000,42,0.0737,836,11342,836.0,11342.0
BraTS-GLI-01326-000,43,0.0867,1018,11737,1018.0,11737.0
BraTS-GLI-01326-000,44,0.0957,1149,12005,1149.0,12005.0
BraTS-GLI-01326-000,45,0.1042,1278,12261,1278.0,12261.0
BraTS-GLI-01326-000,46,0.1137,1424,12524,1424.0,12524.0
BraTS-GLI-01326-000,47,0.1299,1655,12739,1655.0,12739.0
BraTS-GLI-01326-000,48,0.1401,1813,12937,1813.0,12937.0
BraTS-GLI-01326-000,49,0.1475,1944,13178,1944.0,13178.0
BraTS-GLI-01326-000,50,0.1537,2092,13610,2092.0,13610.0
BraTS-GLI-01326-000,51,0.1592,2253,14153,2253.0,14153.0
BraTS-GLI-01326-000,52,0.1666,2417,14504,2417.0,14504.0
BraTS-GLI-01326-000,53,0.1745,2587,14823,2587.0,14823.0
BraTS-GLI-01326-000,54,0.1796,2710,15087,2710.0,15087.0
BraTS-GLI-01326-000,55,0.1849,2836,15341,2836.0,15341.0
BraTS-GLI-01326-000,56,0.194,3021,15572,3021.0,15572.0
BraTS-GLI-01326-000,57,0.2095,3292,15716,3292.0,15716.0
BraTS-GLI-01326-000,58,0.2182,3463,15874,3463.0,15874.0
BraTS-GLI-01326-000,59,0.2193,3522,16062,3522.0,16062.0
BraTS-GLI-01326-000,60,0.2193,3562,16240,3562.0,16240.0
BraTS-GLI-01326-000,61,0.225,3702,16452,3702.0,16452.0
BraTS-GLI-01326-000,62,0.2293,3816,16640,3816.0,16640.0
BraTS-GLI-01326-000,63,0.2302,3866,16792,3866.0,16792.0
BraTS-GLI-01326-000,64,0.2316,3945,17031,3945.0,17031.0
BraTS-GLI-01326-000,65,0.2351,4030,17144,4030.0,17144.0
BraTS-GLI-01326-000,66,0.2401,4158,17317,4158.0,17317.0
BraTS-GLI-01326-000,67,0.2459,4299,17482,4299.0,17482.0
BraTS-GLI-01326-000,68,0.2477,4364,17617,4364.0,17617.0
BraTS-GLI-01326-000,69,0.2476,4383,17703,4383.0,17703.0
BraTS-GLI-01326-000,70,0.2454,4359,17760,4359.0,17760.0
BraTS-GLI-01326-000,71,0.2412,4300,17824,4300.0,17824.0
BraTS-GLI-01326-000,72,0.2358,4211,17856,4211.0,17856.0
BraTS-GLI-01326-000,73,0.2302,4115,17875,4115.0,17875.0
BraTS-GLI-01326-000,74,0.225,4026,17895,4026.0,17895.0
BraTS-GLI-01326-000,75,0.2205,3950,17910,3950.0,17910.0
BraTS-GLI-01326-000,76,0.2172,3890,17907,3890.0,17907.0
BraTS-GLI-01326-000,77,0.2163,3869,17889,3869.0,17889.0
BraTS-GLI-01326-000,78,0.2181,3896,17867,3896.0,17867.0
BraTS-GLI-01326-000,79,0.2201,3926,17838,3926.0,17838.0
BraTS-GLI-01326-000,80,0.2228,3968,17806,3968.0,17806.0
BraTS-GLI-01326-000,81,0.2294,4073,17755,4073.0,17755.0
BraTS-GLI-01326-000,82,0.2334,4131,17697,4131.0,17697.0
BraTS-GLI-01326-000,83,0.239,4212,17623,4212.0,17623.0
BraTS-GLI-01326-000,84,0.2431,4269,17559,4269.0,17559.0
BraTS-GLI-01326-000,85,0.2458,4292,17458,4292.0,17458.0
BraTS-GLI-01326-000,86,0.2469,4289,17369,4289.0,17369.0
BraTS-GLI-01326-000,87,0.248,4285,17277,4285.0,17277.0
BraTS-GLI-01326-000,88,0.247,4235,17147,4235.0,17147.0
BraTS-GLI-01326-000,89,0.2445,4159,17013,4159.0,17013.0
BraTS-GLI-01326-000,90,0.2409,4065,16873,4065.0,16873.0
BraTS-GLI-01326-000,91,0.2364,3955,16730,3955.0,16730.0
BraTS-GLI-01326-000,92,0.2283,3791,16604,3791.0,16604.0
BraTS-GLI-01326-000,93,0.216,3559,16474,3559.0,16474.0
BraTS-GLI-01326-000,94,0.2041,3334,16339,3334.0,16339.0
BraTS-GLI-01326-000,95,0.1944,3152,16216,3152.0,16216.0
BraTS-GLI-01326-000,96,0.1871,2997,16016,2997.0,16016.0
BraTS-GLI-01326-000,97,0.1788,2840,15886,2840.0,15886.0
BraTS-GLI-01326-000,98,0.1664,2612,15693,2612.0,15693.0
BraTS-GLI-01326-000,99,0.153,2371,15495,2371.0,15495.0
BraTS-GLI-01326-000,100,0.139,2123,15278,2123.0,15278.0
BraTS-GLI-01326-000,101,0.129,1941,15047,1941.0,15047.0
BraTS-GLI-01326-000,102,0.121,1790,14798,1790.0,14798.0
BraTS-GLI-01326-000,103,0.114,1660,14560,1660.0,14560.0
BraTS-GLI-01326-000,104,0.1089,1556,14291,1556.0,14291.0
BraTS-GLI-01326-000,105,0.104,1457,14012,1457.0,14012.0
BraTS-GLI-01326-000,106,0.1017,1397,13731,1397.0,13731.0
BraTS-GLI-01326-000,107,0.0972,1305,13432,1305.0,13432.0
BraTS-GLI-01326-000,108,0.09,1182,13140,1182.0,13140.0
BraTS-GLI-01326-000,109,0.0775,996,12859,996.0,12859.0
BraTS-GLI-01326-000,110,0.0696,871,12520,871.0,12520.0
BraTS-GLI-01326-000,111,0.0597,730,12235,730.0,12235.0
BraTS-GLI-01326-000,112,0.0456,545,11944,545.0,11944.0
BraTS-GLI-01326-000,113,0.034,396,11655,396.0,11655.0
BraTS-GLI-01326-000,114,0.0245,278,11350,278.0,11350.0
BraTS-GLI-01326-000,115,0.0144,158,10992,158.0,10992.0
BraTS-GLI-00608-001,54,0.0031,44,14292,44.0,14292.0
BraTS-GLI-00608-001,55,0.0091,131,14466,131.0,14466.0
BraTS-GLI-00608-001,56,0.014,207,14752,207.0,14752.0
BraTS-GLI-00608-001,57,0.0183,273,14881,273.0,14881.0
BraTS-GLI-00608-001,58,0.0234,352,15042,352.0,15042.0
BraTS-GLI-00608-001,59,0.0324,490,15130,490.0,15130.0
BraTS-GLI-00608-001,60,0.0383,584,15245,584.0,15245.0
BraTS-GLI-00608-001,61,0.0428,658,15369,658.0,15369.0
BraTS-GLI-00608-001,62,0.0511,791,15492,791.0,15492.0
BraTS-GLI-00608-001,63,0.057,888,15589,888.0,15589.0
BraTS-GLI-00608-001,64,0.0636,1004,15782,1004.0,15782.0
BraTS-GLI-00608-001,65,0.0705,1116,15840,1116.0,15840.0
BraTS-GLI-00608-001,66,0.0781,1246,15963,1246.0,15963.0
BraTS-GLI-00608-001,67,0.0851,1368,16079,1368.0,16079.0
BraTS-GLI-00608-001,68,0.0923,1498,16224,1498.0,16224.0
BraTS-GLI-00608-001,69,0.0987,1616,16370,1616.0,16370.0
BraTS-GLI-00608-001,70,0.105,1735,16517,1735.0,16517.0
BraTS-GLI-00608-001,71,0.1119,1859,16613,1859.0,16613.0
BraTS-GLI-00608-001,72,0.1211,2029,16750,2029.0,16750.0
BraTS-GLI-00608-001,73,0.1318,2223,16861,2223.0,16861.0
BraTS-GLI-00608-001,74,0.1407,2382,16935,2382.0,16935.0
BraTS-GLI-00608-001,75,0.1489,2532,17003,2532.0,17003.0
BraTS-GLI-00608-001,76,0.1588,2702,17014,2702.0,17014.0
BraTS-GLI-00608-001,77,0.1703,2899,17024,2899.0,17024.0
BraTS-GLI-00608-001,78,0.1771,3014,17018,3014.0,17018.0
BraTS-GLI-00608-001,79,0.1821,3098,17009,3098.0,17009.0
BraTS-GLI-00608-001,80,0.1857,3152,16975,3152.0,16975.0
BraTS-GLI-00608-001,81,0.1884,3193,16944,3193.0,16944.0
BraTS-GLI-00608-001,82,0.1919,3242,16891,3242.0,16891.0
BraTS-GLI-00608-001,83,0.1946,3274,16823,3274.0,16823.0
BraTS-GLI-00608-001,84,0.1976,3310,16747,3310.0,16747.0
BraTS-GLI-00608-001,85,0.1999,3331,16662,3331.0,16662.0
BraTS-GLI-00608-001,86,0.201,3338,16610,3338.0,16610.0
BraTS-GLI-00608-001,87,0.2015,3333,16538,3333.0,16538.0
BraTS-GLI-00608-001,88,0.1996,3278,16419,3278.0,16419.0
BraTS-GLI-00608-001,89,0.198,3227,16301,3227.0,16301.0
BraTS-GLI-00608-001,90,0.1985,3202,16132,3202.0,16132.0
BraTS-GLI-00608-001,91,0.1961,3142,16019,3142.0,16019.0
BraTS-GLI-00608-001,92,0.1921,3051,15881,3051.0,15881.0
BraTS-GLI-00608-001,93,0.1898,2981,15705,2981.0,15705.0
BraTS-GLI-00608-001,94,0.1857,2888,15552,2888.0,15552.0
BraTS-GLI-00608-001,95,0.1813,2787,15371,2787.0,15371.0
BraTS-GLI-00608-001,96,0.175,2635,15057,2635.0,15057.0
BraTS-GLI-00608-001,97,0.1656,2486,15013,2486.0,15013.0
BraTS-GLI-00608-001,98,0.1574,2330,14806,2330.0,14806.0
BraTS-GLI-00608-001,99,0.1499,2190,14607,2190.0,14607.0
BraTS-GLI-00608-001,100,0.1463,2099,14351,2099.0,14351.0
BraTS-GLI-00608-001,101,0.1411,1986,14074,1986.0,14074.0
BraTS-GLI-00608-001,102,0.1364,1879,13773,1879.0,13773.0
BraTS-GLI-00608-001,103,0.1317,1781,13528,1781.0,13528.0
BraTS-GLI-00608-001,104,0.1283,1701,13260,1701.0,13260.0
BraTS-GLI-00608-001,105,0.1244,1606,12915,1606.0,12915.0
BraTS-GLI-00608-001,106,0.1167,1476,12649,1476.0,12649.0
BraTS-GLI-00608-001,107,0.1101,1349,12250,1349.0,12250.0
BraTS-GLI-00608-001,108,0.098,1179,12025,1179.0,12025.0
BraTS-GLI-00608-001,109,0.084,990,11789,990.0,11789.0
BraTS-GLI-00608-001,110,0.0689,783,11368,783.0,11368.0
BraTS-GLI-00608-001,111,0.0541,599,11066,599.0,11066.0
BraTS-GLI-00608-001,112,0.042,449,10680,449.0,10680.0
BraTS-GLI-00608-001,113,0.0328,339,10346,339.0,10346.0
BraTS-GLI-00608-001,114,0.0203,204,10034,204.0,10034.0
BraTS-GLI-00608-001,115,0.0126,120,9557,120.0,9557.0
BraTS-GLI-01053-000,40,0.0655,621,9478,621.0,9478.0
BraTS-GLI-01053-000,41,0.0693,695,10029,695.0,10029.0
BraTS-GLI-01053-000,42,0.0847,890,10504,890.0,10504.0
BraTS-GLI-01053-000,43,0.1356,1486,10960,1486.0,10960.0
BraTS-GLI-01053-000,44,0.1551,1743,11235,1743.0,11235.0
BraTS-GLI-01053-000,45,0.1652,1884,11404,1884.0,11404.0
BraTS-GLI-01053-000,46,0.1779,2060,11581,2060.0,11581.0
BraTS-GLI-01053-000,47,0.1891,2215,11713,2215.0,11713.0
BraTS-GLI-01053-000,48,0.1991,2357,11841,2357.0,11841.0
BraTS-GLI-01053-000,49,0.2072,2484,11988,2484.0,11988.0
BraTS-GLI-01053-000,50,0.2114,2574,12178,2574.0,12178.0
BraTS-GLI-01053-000,51,0.2126,2707,12731,2707.0,12731.0
BraTS-GLI-01053-000,52,0.2081,2755,13241,2755.0,13241.0
BraTS-GLI-01053-000,53,0.2057,2780,13513,2780.0,13513.0
BraTS-GLI-01053-000,54,0.2065,2855,13825,2855.0,13825.0
BraTS-GLI-01053-000,55,0.2059,2907,14121,2907.0,14121.0
BraTS-GLI-01053-000,56,0.2098,3022,14405,3022.0,14405.0
BraTS-GLI-01053-000,57,0.2152,3149,14634,3149.0,14634.0
BraTS-GLI-01053-000,58,0.2187,3245,14840,3245.0,14840.0
BraTS-GLI-01053-000,59,0.2184,3276,15000,3276.0,15000.0
BraTS-GLI-01053-000,60,0.2167,3292,15194,3292.0,15194.0
BraTS-GLI-01053-000,61,0.2132,3280,15388,3280.0,15388.0
BraTS-GLI-01053-000,62,0.2118,3299,15579,3299.0,15579.0
BraTS-GLI-01053-000,63,0.2141,3375,15763,3375.0,15763.0
BraTS-GLI-01053-000,64,0.2157,3434,15920,3434.0,15920.0
BraTS-GLI-01053-000,65,0.2137,3444,16114,3444.0,16114.0
BraTS-GLI-01053-000,66,0.2122,3463,16322,3463.0,16322.0
BraTS-GLI-01053-000,67,0.2102,3468,16502,3468.0,16502.0
BraTS-GLI-01053-000,68,0.2102,3504,16670,3504.0,16670.0
BraTS-GLI-01053-000,69,0.2095,3520,16801,3520.0,16801.0
BraTS-GLI-01053-000,70,0.2093,3542,16927,3542.0,16927.0
BraTS-GLI-01053-000,71,0.2079,3538,17015,3538.0,17015.0
BraTS-GLI-01053-000,72,0.2067,3527,17061,3527.0,17061.0
BraTS-GLI-01053-000,73,0.2055,3518,17116,3518.0,17116.0
BraTS-GLI-01053-000,74,0.2042,3499,17136,3499.0,17136.0
BraTS-GLI-01053-000,75,0.2031,3483,17150,3483.0,17150.0
BraTS-GLI-01053-000,76,0.2,3432,17157,3432.0,17157.0
BraTS-GLI-01053-000,77,0.1935,3318,17150,3318.0,17150.0
BraTS-GLI-01053-000,78,0.1883,3228,17146,3228.0,17146.0
BraTS-GLI-01053-000,79,0.1823,3123,17131,3123.0,17131.0
BraTS-GLI-01053-000,80,0.1759,3007,17097,3007.0,17097.0
BraTS-GLI-01053-000,81,0.1698,2898,17066,2898.0,17066.0
BraTS-GLI-01053-000,82,0.1647,2804,17026,2804.0,17026.0
BraTS-GLI-01053-000,83,0.1581,2683,16973,2683.0,16973.0
BraTS-GLI-01053-000,84,0.151,2555,16916,2555.0,16916.0
BraTS-GLI-01053-000,85,0.1447,2435,16831,2435.0,16831.0
BraTS-GLI-01053-000,86,0.1376,2302,16728,2302.0,16728.0
BraTS-GLI-01053-000,87,0.1289,2143,16631,2143.0,16631.0
BraTS-GLI-01053-000,88,0.1235,2041,16527,2041.0,16527.0
BraTS-GLI-01053-000,89,0.1199,1969,16416,1969.0,16416.0
BraTS-GLI-01053-000,90,0.1129,1840,16301,1840.0,16301.0
BraTS-GLI-01053-000,91,0.1028,1668,16218,1668.0,16218.0
BraTS-GLI-01053-000,92,0.0909,1463,16092,1463.0,16092.0
BraTS-GLI-01053-000,93,0.0765,1220,15943,1220.0,15943.0
BraTS-GLI-01053-000,94,0.0701,1106,15773,1106.0,15773.0
BraTS-GLI-01053-000,95,0.0627,979,15610,979.0,15610.0
BraTS-GLI-01053-000,96,0.0567,875,15430,875.0,15430.0
BraTS-GLI-01053-000,97,0.0461,702,15231,702.0,15231.0
BraTS-GLI-01053-000,98,0.0337,507,15053,507.0,15053.0
BraTS-GLI-01053-000,99,0.019,283,14859,283.0,14859.0
BraTS-GLI-01053-000,100,0.0102,149,14657,149.0,14657.0
BraTS-GLI-01053-000,101,0.0042,60,14426,60.0,14426.0
BraTS-GLI-01282-000,57,0.0012,20,16273,20.0,16273.0
BraTS-GLI-01282-000,58,0.0042,69,16326,69.0,16326.0
BraTS-GLI-01282-000,59,0.0086,144,16708,144.0,16708.0
BraTS-GLI-01282-000,60,0.0158,264,16756,264.0,16756.0
BraTS-GLI-01282-000,61,0.0242,414,17119,414.0,17119.0
BraTS-GLI-01282-000,62,0.031,532,17142,532.0,17142.0
BraTS-GLI-01282-000,63,0.0352,616,17491,616.0,17491.0
BraTS-GLI-01282-000,64,0.0404,707,17518,707.0,17518.0
BraTS-GLI-01282-000,65,0.0422,751,17817,751.0,17817.0
BraTS-GLI-01282-000,66,0.0467,833,17837,833.0,17837.0
BraTS-GLI-01282-000,67,0.0517,924,17868,924.0,17868.0
BraTS-GLI-01282-000,68,0.0561,1003,17872,1003.0,17872.0
BraTS-GLI-01282-000,69,0.0639,1146,17927,1146.0,17927.0
BraTS-GLI-01282-000,70,0.0676,1212,17938,1212.0,17938.0
BraTS-GLI-01282-000,71,0.0723,1299,17957,1299.0,17957.0
BraTS-GLI-01282-000,72,0.0756,1357,17960,1357.0,17960.0
BraTS-GLI-01282-000,73,0.0828,1485,17940,1485.0,17940.0
BraTS-GLI-01282-000,74,0.0905,1621,17920,1621.0,17920.0
BraTS-GLI-01282-000,75,0.0972,1741,17917,1741.0,17917.0
BraTS-GLI-01282-000,76,0.1021,1830,17915,1830.0,17915.0
BraTS-GLI-01282-000,77,0.1064,1907,17929,1907.0,17929.0
BraTS-GLI-01282-000,78,0.1099,1970,17926,1970.0,17926.0
BraTS-GLI-01282-000,79,0.1136,2032,17893,2032.0,17893.0
BraTS-GLI-01282-000,80,0.1179,2106,17870,2106.0,17870.0
BraTS-GLI-01282-000,81,0.1228,2189,17825,2189.0,17825.0
BraTS-GLI-01282-000,82,0.1276,2270,17788,2270.0,17788.0
BraTS-GLI-01282-000,83,0.1321,2335,17677,2335.0,17677.0
BraTS-GLI-01282-000,84,0.1385,2439,17610,2439.0,17610.0
BraTS-GLI-01282-000,85,0.147,2563,17434,2563.0,17434.0
BraTS-GLI-01282-000,86,0.1535,2659,17320,2659.0,17320.0
BraTS-GLI-01282-000,87,0.1612,2765,17156,2765.0,17156.0
BraTS-GLI-01282-000,88,0.1703,2904,17048,2904.0,17048.0
BraTS-GLI-01282-000,89,0.1821,3067,16846,3067.0,16846.0
BraTS-GLI-01282-000,90,0.1903,3183,16726,3183.0,16726.0
BraTS-GLI-01282-000,91,0.2,3302,16508,3302.0,16508.0
BraTS-GLI-01282-000,92,0.2084,3407,16350,3407.0,16350.0
BraTS-GLI-01282-000,93,0.2178,3508,16105,3508.0,16105.0
BraTS-GLI-01282-000,94,0.2232,3556,15929,3556.0,15929.0
BraTS-GLI-01282-000,95,0.2231,3496,15669,3496.0,15669.0
BraTS-GLI-01282-000,96,0.2241,3467,15471,3467.0,15471.0
BraTS-GLI-01282-000,97,0.2247,3403,15143,3403.0,15143.0
BraTS-GLI-01282-000,98,0.2234,3332,14912,3332.0,14912.0
BraTS-GLI-01282-000,99,0.2235,3252,14552,3252.0,14552.0
BraTS-GLI-01282-000,100,0.2234,3201,14329,3201.0,14329.0
BraTS-GLI-01282-000,101,0.2196,3067,13964,3067.0,13964.0
BraTS-GLI-01282-000,102,0.2127,2918,13718,2918.0,13718.0
BraTS-GLI-01282-000,103,0.2089,2788,13344,2788.0,13344.0
BraTS-GLI-01282-000,104,0.199,2603,13082,2603.0,13082.0
BraTS-GLI-01282-000,105,0.1907,2419,12685,2419.0,12685.0
BraTS-GLI-01282-000,106,0.1839,2283,12416,2283.0,12416.0
BraTS-GLI-01282-000,107,0.1804,2174,12050,2174.0,12050.0
BraTS-GLI-01282-000,108,0.1764,2072,11745,2072.0,11745.0
BraTS-GLI-01282-000,109,0.1743,1979,11351,1979.0,11351.0
BraTS-GLI-01282-000,110,0.1728,1912,11065,1912.0,11065.0
BraTS-GLI-01282-000,111,0.1734,1836,10591,1836.0,10591.0
BraTS-GLI-01282-000,112,0.1746,1796,10289,1796.0,10289.0
BraTS-GLI-01282-000,113,0.1705,1679,9850,1679.0,9850.0
BraTS-GLI-01282-000,114,0.163,1559,9565,1559.0,9565.0
BraTS-GLI-01282-000,115,0.1544,1411,9139,1411.0,9139.0
BraTS-GLI-00249-000,40,0.0883,1092,12366,1092.0,12366.0
BraTS-GLI-00249-000,41,0.0953,1200,12589,1200.0,12589.0
BraTS-GLI-00249-000,42,0.0981,1255,12799,1255.0,12799.0
BraTS-GLI-00249-000,43,0.1016,1319,12988,1319.0,12988.0
BraTS-GLI-00249-000,44,0.1098,1444,13149,1444.0,13149.0
BraTS-GLI-00249-000,45,0.1197,1593,13307,1593.0,13307.0
BraTS-GLI-00249-000,46,0.131,1764,13469,1764.0,13469.0
BraTS-GLI-00249-000,47,0.1407,1969,13997,1969.0,13997.0
BraTS-GLI-00249-000,48,0.1445,2078,14380,2078.0,14380.0
BraTS-GLI-00249-000,49,0.1541,2262,14681,2262.0,14681.0
BraTS-GLI-00249-000,50,0.1579,2360,14944,2360.0,14944.0
BraTS-GLI-00249-000,51,0.1614,2447,15165,2447.0,15165.0
BraTS-GLI-00249-000,52,0.1649,2530,15347,2530.0,15347.0
BraTS-GLI-00249-000,53,0.1662,2578,15514,2578.0,15514.0
BraTS-GLI-00249-000,54,0.1668,2611,15652,2611.0,15652.0
BraTS-GLI-00249-000,55,0.1652,2608,15789,2608.0,15789.0
BraTS-GLI-00249-000,56,0.1641,2626,16003,2626.0,16003.0
BraTS-GLI-00249-000,57,0.1645,2663,16187,2663.0,16187.0
BraTS-GLI-00249-000,58,0.1652,2705,16370,2705.0,16370.0
BraTS-GLI-00249-000,59,0.1652,2734,16554,2734.0,16554.0
BraTS-GLI-00249-000,60,0.166,2776,16718,2776.0,16718.0
BraTS-GLI-00249-000,61,0.1688,2849,16873,2849.0,16873.0
BraTS-GLI-00249-000,62,0.1721,2934,17051,2934.0,17051.0
BraTS-GLI-00249-000,63,0.1753,3018,17216,3018.0,17216.0
BraTS-GLI-00249-000,64,0.1791,3111,17371,3111.0,17371.0
BraTS-GLI-00249-000,65,0.1812,3175,17521,3175.0,17521.0
BraTS-GLI-00249-000,66,0.1833,3235,17651,3235.0,17651.0
BraTS-GLI-00249-000,67,0.1841,3267,17743,3267.0,17743.0
BraTS-GLI-00249-000,68,0.1865,3326,17836,3326.0,17836.0
BraTS-GLI-00249-000,69,0.1879,3364,17904,3364.0,17904.0
BraTS-GLI-00249-000,70,0.1881,3376,17949,3376.0,17949.0
BraTS-GLI-00249-000,71,0.1875,3373,17992,3373.0,17992.0
BraTS-GLI-00249-000,72,0.1853,3337,18011,3337.0,18011.0
BraTS-GLI-00249-000,73,0.184,3322,18053,3322.0,18053.0
BraTS-GLI-00249-000,74,0.1829,3308,18082,3308.0,18082.0
BraTS-GLI-00249-000,75,0.183,3310,18091,3310.0,18091.0
BraTS-GLI-00249-000,76,0.183,3314,18105,3314.0,18105.0
BraTS-GLI-00249-000,77,0.18,3257,18091,3257.0,18091.0
BraTS-GLI-00249-000,78,0.1725,3118,18076,3118.0,18076.0
BraTS-GLI-00249-000,79,0.1634,2950,18050,2950.0,18050.0
BraTS-GLI-00249-000,80,0.1562,2814,18021,2814.0,18021.0
BraTS-GLI-00249-000,81,0.1497,2693,17986,2693.0,17986.0
BraTS-GLI-00249-000,82,0.142,2551,17960,2551.0,17960.0
BraTS-GLI-00249-000,83,0.1318,2360,17904,2360.0,17904.0
BraTS-GLI-00249-000,84,0.1236,2207,17861,2207.0,17861.0
BraTS-GLI-00249-000,85,0.1121,1994,17789,1994.0,17789.0
BraTS-GLI-00249-000,86,0.0975,1726,17706,1726.0,17706.0
BraTS-GLI-00249-000,87,0.0847,1492,17610,1492.0,17610.0
BraTS-GLI-00249-000,88,0.0681,1191,17499,1191.0,17499.0
BraTS-GLI-00249-000,89,0.0516,897,17382,897.0,17382.0
BraTS-GLI-00249-000,90,0.0378,652,17252,652.0,17252.0
BraTS-GLI-00249-000,91,0.0265,454,17125,454.0,17125.0
BraTS-GLI-00249-000,92,0.0183,311,16997,311.0,16997.0
BraTS-GLI-00249-000,93,0.0118,198,16843,198.0,16843.0
BraTS-GLI-00249-000,94,0.0052,87,16689,87.0,16689.0
BraTS-GLI-00249-000,95,0.0004,7,16512,7.0,16512.0
BraTS-GLI-01338-000,52,0.0002,3,14065,3.0,14065.0
BraTS-GLI-01338-000,53,0.0007,10,14365,10.0,14365.0
BraTS-GLI-01338-000,54,0.0032,47,14537,47.0,14537.0
BraTS-GLI-01338-000,55,0.0097,143,14744,143.0,14744.0
BraTS-GLI-01338-000,56,0.0169,252,14906,252.0,14906.0
BraTS-GLI-01338-000,57,0.0284,427,15043,427.0,15043.0
BraTS-GLI-01338-000,58,0.0494,751,15189,751.0,15189.0
BraTS-GLI-01338-000,59,0.0663,1015,15312,1015.0,15312.0
BraTS-GLI-01338-000,60,0.084,1298,15458,1298.0,15458.0
BraTS-GLI-01338-000,61,0.0941,1472,15637,1472.0,15637.0
BraTS-GLI-01338-000,62,0.1018,1610,15819,1610.0,15819.0
BraTS-GLI-01338-000,63,0.1102,1760,15972,1760.0,15972.0
BraTS-GLI-01338-000,64,0.1169,1898,16237,1898.0,16237.0
BraTS-GLI-01338-000,65,0.1225,2007,16381,2007.0,16381.0
BraTS-GLI-01338-000,66,0.1263,2089,16545,2089.0,16545.0
BraTS-GLI-01338-000,67,0.1304,2172,16662,2172.0,16662.0
BraTS-GLI-01338-000,68,0.1331,2235,16792,2235.0,16792.0
BraTS-GLI-01338-000,69,0.1352,2284,16893,2284.0,16893.0
BraTS-GLI-01338-000,70,0.1356,2304,16988,2304.0,16988.0
BraTS-GLI-01338-000,71,0.1364,2326,17052,2326.0,17052.0
BraTS-GLI-01338-000,72,0.1382,2366,17114,2366.0,17114.0
BraTS-GLI-01338-000,73,0.1387,2379,17147,2379.0,17147.0
BraTS-GLI-01338-000,74,0.1391,2388,17166,2388.0,17166.0
BraTS-GLI-01338-000,75,0.1392,2390,17166,2390.0,17166.0
BraTS-GLI-01338-000,76,0.1386,2378,17158,2378.0,17158.0
BraTS-GLI-01338-000,77,0.1386,2377,17144,2377.0,17144.0
BraTS-GLI-01338-000,78,0.138,2363,17129,2363.0,17129.0
BraTS-GLI-01338-000,79,0.138,2362,17119,2362.0,17119.0
BraTS-GLI-01338-000,80,0.1392,2381,17102,2381.0,17102.0
BraTS-GLI-01338-000,81,0.1424,2432,17080,2432.0,17080.0
BraTS-GLI-01338-000,82,0.1457,2485,17060,2485.0,17060.0
BraTS-GLI-01338-000,83,0.1464,2493,17027,2493.0,17027.0
BraTS-GLI-01338-000,84,0.1473,2501,16980,2501.0,16980.0
BraTS-GLI-01338-000,85,0.1467,2485,16944,2485.0,16944.0
BraTS-GLI-01338-000,86,0.1437,2429,16898,2429.0,16898.0
BraTS-GLI-01338-000,87,0.1436,2418,16836,2418.0,16836.0
BraTS-GLI-01338-000,88,0.1411,2367,16772,2367.0,16772.0
BraTS-GLI-01338-000,89,0.1398,2335,16706,2335.0,16706.0
BraTS-GLI-01338-000,90,0.1378,2291,16621,2291.0,16621.0
BraTS-GLI-01338-000,91,0.1339,2212,16525,2212.0,16525.0
BraTS-GLI-01338-000,92,0.131,2154,16437,2154.0,16437.0
BraTS-GLI-01338-000,93,0.1299,2120,16323,2120.0,16323.0
BraTS-GLI-01338-000,94,0.1273,2061,16186,2061.0,16186.0
BraTS-GLI-01338-000,95,0.1225,1971,16095,1971.0,16095.0
BraTS-GLI-01338-000,96,0.1164,1847,15862,1847.0,15862.0
BraTS-GLI-01338-000,97,0.1078,1699,15755,1699.0,15755.0
BraTS-GLI-01338-000,98,0.0974,1517,15570,1517.0,15570.0
BraTS-GLI-01338-000,99,0.089,1371,15405,1371.0,15405.0
BraTS-GLI-01338-000,100,0.0823,1252,15207,1252.0,15207.0
BraTS-GLI-01338-000,101,0.073,1095,14993,1095.0,14993.0
BraTS-GLI-01338-000,102,0.0635,939,14780,939.0,14780.0
BraTS-GLI-01338-000,103,0.0555,808,14567,808.0,14567.0
BraTS-GLI-01338-000,104,0.0482,690,14328,690.0,14328.0
BraTS-GLI-01338-000,105,0.0424,597,14096,597.0,14096.0
BraTS-GLI-01338-000,106,0.0383,530,13854,530.0,13854.0
BraTS-GLI-01338-000,107,0.0341,464,13590,464.0,13590.0
BraTS-GLI-01338-000,108,0.0311,413,13299,413.0,13299.0
BraTS-GLI-01338-000,109,0.0294,383,13040,383.0,13040.0
BraTS-GLI-01338-000,110,0.0277,353,12725,353.0,12725.0
BraTS-GLI-01338-000,111,0.0263,328,12478,328.0,12478.0
BraTS-GLI-01338-000,112,0.0243,296,12181,296.0,12181.0
BraTS-GLI-01338-000,113,0.0209,248,11878,248.0,11878.0
BraTS-GLI-01338-000,114,0.0166,193,11607,193.0,11607.0
BraTS-GLI-01338-000,115,0.0132,149,11327,149.0,11327.0
BraTS-GLI-01121-000,40,0.1158,1563,13496,1563.0,13496.0
BraTS-GLI-01121-000,41,0.1278,1749,13684,1749.0,13684.0
BraTS-GLI-01121-000,42,0.1426,1971,13826,1971.0,13826.0
BraTS-GLI-01121-000,43,0.156,2178,13960,2178.0,13960.0
BraTS-GLI-01121-000,44,0.1731,2434,14065,2434.0,14065.0
BraTS-GLI-01121-000,45,0.1891,2676,14148,2676.0,14148.0
BraTS-GLI-01121-000,46,0.2024,2875,14203,2875.0,14203.0
BraTS-GLI-01121-000,47,0.2169,3087,14234,3087.0,14234.0
BraTS-GLI-01121-000,48,0.2274,3245,14270,3245.0,14270.0
BraTS-GLI-01121-000,49,0.2362,3375,14289,3375.0,14289.0
BraTS-GLI-01121-000,50,0.2402,3441,14323,3441.0,14323.0
BraTS-GLI-01121-000,51,0.2408,3484,14468,3484.0,14468.0
BraTS-GLI-01121-000,52,0.2391,3576,14956,3576.0,14956.0
BraTS-GLI-01121-000,53,0.238,3654,15352,3654.0,15352.0
BraTS-GLI-01121-000,54,0.2379,3720,15635,3720.0,15635.0
BraTS-GLI-01121-000,55,0.2369,3768,15903,3768.0,15903.0
BraTS-GLI-01121-000,56,0.2341,3789,16186,3789.0,16186.0
BraTS-GLI-01121-000,57,0.2315,3809,16457,3809.0,16457.0
BraTS-GLI-01121-000,58,0.2311,3843,16629,3843.0,16629.0
BraTS-GLI-01121-000,59,0.2315,3876,16743,3876.0,16743.0
BraTS-GLI-01121-000,60,0.2331,3939,16898,3939.0,16898.0
BraTS-GLI-01121-000,61,0.2305,3943,17103,3943.0,17103.0
BraTS-GLI-01121-000,62,0.2277,3938,17297,3938.0,17297.0
BraTS-GLI-01121-000,63,0.2254,3925,17417,3925.0,17417.0
BraTS-GLI-01121-000,64,0.2207,3888,17619,3888.0,17619.0
BraTS-GLI-01121-000,65,0.2134,3786,17739,3786.0,17739.0
BraTS-GLI-01121-000,66,0.2062,3694,17912,3694.0,17912.0
BraTS-GLI-01121-000,67,0.2002,3616,18064,3616.0,18064.0
BraTS-GLI-01121-000,68,0.1943,3539,18211,3539.0,18211.0
BraTS-GLI-01121-000,69,0.1854,3403,18357,3403.0,18357.0
BraTS-GLI-01121-000,70,0.173,3199,18490,3199.0,18490.0
BraTS-GLI-01121-000,71,0.1633,3041,18625,3041.0,18625.0
BraTS-GLI-01121-000,72,0.1555,2913,18731,2913.0,18731.0
BraTS-GLI-01121-000,73,0.1508,2840,18827,2840.0,18827.0
BraTS-GLI-01121-000,74,0.1476,2785,18870,2785.0,18870.0
BraTS-GLI-01121-000,75,0.1462,2767,18923,2767.0,18923.0
BraTS-GLI-01121-000,76,0.145,2747,18948,2747.0,18948.0
BraTS-GLI-01121-000,77,0.1402,2660,18976,2660.0,18976.0
BraTS-GLI-01121-000,78,0.1395,2653,19016,2653.0,19016.0
BraTS-GLI-01121-000,79,0.1391,2648,19032,2648.0,19032.0
BraTS-GLI-01121-000,80,0.1367,2602,19031,2602.0,19031.0
BraTS-GLI-01121-000,81,0.1339,2549,19035,2549.0,19035.0
BraTS-GLI-01121-000,82,0.1303,2479,19020,2479.0,19020.0
BraTS-GLI-01121-000,83,0.1255,2383,18993,2383.0,18993.0
BraTS-GLI-01121-000,84,0.1201,2274,18939,2274.0,18939.0
BraTS-GLI-01121-000,85,0.1144,2158,18869,2158.0,18869.0
BraTS-GLI-01121-000,86,0.1107,2083,18811,2083.0,18811.0
BraTS-GLI-01121-000,87,0.1057,1982,18743,1982.0,18743.0
BraTS-GLI-01121-000,88,0.1017,1899,18680,1899.0,18680.0
BraTS-GLI-01121-000,89,0.0977,1820,18624,1820.0,18624.0
BraTS-GLI-01121-000,90,0.0939,1741,18535,1741.0,18535.0
BraTS-GLI-01121-000,91,0.0866,1598,18462,1598.0,18462.0
BraTS-GLI-01121-000,92,0.0802,1472,18348,1472.0,18348.0
BraTS-GLI-01121-000,93,0.0756,1378,18219,1378.0,18219.0
BraTS-GLI-01121-000,94,0.0734,1329,18111,1329.0,18111.0
BraTS-GLI-01121-000,95,0.0717,1291,18002,1291.0,18002.0
BraTS-GLI-01121-000,96,0.0688,1223,17778,1223.0,17778.0
BraTS-GLI-01121-000,97,0.0651,1151,17669,1151.0,17669.0
BraTS-GLI-01121-000,98,0.0609,1065,17474,1065.0,17474.0
BraTS-GLI-01121-000,99,0.0546,943,17265,943.0,17265.0
BraTS-GLI-01121-000,100,0.049,836,17044,836.0,17044.0
BraTS-GLI-01121-000,101,0.0421,707,16797,707.0,16797.0
BraTS-GLI-01121-000,102,0.0324,535,16534,535.0,16534.0
BraTS-GLI-01121-000,103,0.0222,361,16293,361.0,16293.0
BraTS-GLI-01121-000,104,0.0165,265,16027,265.0,16027.0
BraTS-GLI-01121-000,105,0.0137,216,15754,216.0,15754.0
BraTS-GLI-01121-000,106,0.0104,161,15459,161.0,15459.0
BraTS-GLI-01121-000,107,0.0053,81,15170,81.0,15170.0
BraTS-GLI-01121-000,108,0.0019,28,14872,28.0,14872.0
BraTS-GLI-01121-000,109,0.0012,17,14589,17.0,14589.0
BraTS-GLI-01121-000,110,0.0023,33,14259,33.0,14259.0
BraTS-GLI-01121-000,111,0.003,42,13948,42.0,13948.0
BraTS-GLI-01121-000,112,0.0034,46,13639,46.0,13639.0
BraTS-GLI-01121-000,113,0.0041,54,13329,54.0,13329.0
BraTS-GLI-01121-000,114,0.0046,60,13017,60.0,13017.0
BraTS-GLI-01121-000,115,0.0049,62,12695,62.0,12695.0
BraTS-GLI-01183-000,61,0.0019,25,13461,25.0,13461.0
BraTS-GLI-01183-000,62,0.0169,230,13646,230.0,13646.0
BraTS-GLI-01183-000,63,0.0288,400,13906,400.0,13906.0
BraTS-GLI-01183-000,64,0.0356,504,14156,504.0,14156.0
BraTS-GLI-01183-000,65,0.0517,743,14359,743.0,14359.0
BraTS-GLI-01183-000,66,0.062,897,14462,897.0,14462.0
BraTS-GLI-01183-000,67,0.0874,1272,14561,1272.0,14561.0
BraTS-GLI-01183-000,68,0.0934,1367,14629,1367.0,14629.0
BraTS-GLI-01183-000,69,0.1284,1882,14652,1882.0,14652.0
BraTS-GLI-01183-000,70,0.1277,1877,14699,1877.0,14699.0
BraTS-GLI-01183-000,71,0.1411,2082,14751,2082.0,14751.0
BraTS-GLI-01183-000,72,0.1523,2251,14780,2251.0,14780.0
BraTS-GLI-01183-000,73,0.1461,2164,14807,2164.0,14807.0
BraTS-GLI-01183-000,74,0.1625,2410,14831,2410.0,14831.0
BraTS-GLI-01183-000,75,0.1652,2454,14855,2454.0,14855.0
BraTS-GLI-01183-000,76,0.1636,2436,14887,2436.0,14887.0
BraTS-GLI-01183-000,77,0.1708,2550,14926,2550.0,14926.0
BraTS-GLI-01183-000,78,0.1718,2567,14946,2567.0,14946.0
BraTS-GLI-01183-000,79,0.1802,2693,14946,2693.0,14946.0
BraTS-GLI-01183-000,80,0.1834,2743,14957,2743.0,14957.0
BraTS-GLI-01183-000,81,0.1813,2711,14954,2711.0,14954.0
BraTS-GLI-01183-000,82,0.1782,2664,14947,2664.0,14947.0
BraTS-GLI-01183-000,83,0.1837,2744,14935,2744.0,14935.0
BraTS-GLI-01183-000,84,0.1846,2751,14902,2751.0,14902.0
BraTS-GLI-01183-000,85,0.1936,2881,14881,2881.0,14881.0
BraTS-GLI-01183-000,86,0.1983,2946,14859,2946.0,14859.0
BraTS-GLI-01183-000,87,0.1961,2908,14828,2908.0,14828.0
BraTS-GLI-01183-000,88,0.1993,2948,14792,2948.0,14792.0
BraTS-GLI-01183-000,89,0.1958,2888,14749,2888.0,14749.0
BraTS-GLI-01183-000,90,0.1984,2915,14696,2915.0,14696.0
BraTS-GLI-01183-000,91,0.1992,2913,14625,2913.0,14625.0
BraTS-GLI-01183-000,92,0.199,2897,14558,2897.0,14558.0
BraTS-GLI-01183-000,93,0.1987,2880,14494,2880.0,14494.0
BraTS-GLI-01183-000,94,0.1995,2877,14419,2877.0,14419.0
BraTS-GLI-01183-000,95,0.199,2848,14311,2848.0,14311.0
BraTS-GLI-01183-000,96,0.198,2812,14203,2812.0,14203.0
BraTS-GLI-01183-000,97,0.1958,2753,14058,2753.0,14058.0
BraTS-GLI-01183-000,98,0.1981,2762,13940,2762.0,13940.0
BraTS-GLI-01183-000,99,0.1934,2668,13797,2668.0,13797.0
BraTS-GLI-01183-000,100,0.193,2629,13620,2629.0,13620.0
BraTS-GLI-01183-000,101,0.1935,2605,13464,2605.0,13464.0
BraTS-GLI-01183-000,102,0.1904,2534,13309,2534.0,13309.0
BraTS-GLI-01183-000,103,0.172,2252,13090,2252.0,13090.0
BraTS-GLI-01183-000,104,0.1631,2101,12884,2101.0,12884.0
BraTS-GLI-01183-000,105,0.1603,2030,12667,2030.0,12667.0
BraTS-GLI-01183-000,106,0.158,1961,12413,1961.0,12413.0
BraTS-GLI-01183-000,107,0.151,1834,12149,1834.0,12149.0
BraTS-GLI-01183-000,108,0.1481,1768,11937,1768.0,11937.0
BraTS-GLI-01183-000,109,0.1491,1744,11696,1744.0,11696.0
BraTS-GLI-01183-000,110,0.1485,1698,11437,1698.0,11437.0
BraTS-GLI-01183-000,111,0.1398,1553,11109,1553.0,11109.0
BraTS-GLI-01183-000,112,0.1156,1245,10774,1245.0,10774.0
BraTS-GLI-01183-000,113,0.1166,1224,10499,1224.0,10499.0
BraTS-GLI-01183-000,114,0.1238,1272,10275,1272.0,10275.0
BraTS-GLI-01183-000,115,0.1229,1222,9943,1222.0,9943.0
BraTS-GLI-00472-000,40,0.1131,1412,12488,1412.0,12488.0
BraTS-GLI-00472-000,41,0.1156,1470,12717,1470.0,12717.0
BraTS-GLI-00472-000,42,0.1188,1537,12937,1537.0,12937.0
BraTS-GLI-00472-000,43,0.1183,1549,13099,1549.0,13099.0
BraTS-GLI-00472-000,44,0.118,1560,13216,1560.0,13216.0
BraTS-GLI-00472-000,45,0.1179,1572,13337,1572.0,13337.0
BraTS-GLI-00472-000,46,0.118,1585,13427,1585.0,13427.0
BraTS-GLI-00472-000,47,0.1173,1583,13495,1583.0,13495.0
BraTS-GLI-00472-000,48,0.1187,1611,13576,1611.0,13576.0
BraTS-GLI-00472-000,49,0.1232,1680,13633,1680.0,13633.0
BraTS-GLI-00472-000,50,0.1347,1844,13690,1844.0,13690.0
BraTS-GLI-00472-000,51,0.1452,1995,13737,1995.0,13737.0
BraTS-GLI-00472-000,52,0.1574,2167,13770,2167.0,13770.0
BraTS-GLI-00472-000,53,0.1648,2273,13796,2273.0,13796.0
BraTS-GLI-00472-000,54,0.1658,2295,13839,2295.0,13839.0
BraTS-GLI-00472-000,55,0.1635,2301,14072,2301.0,14072.0
BraTS-GLI-00472-000,56,0.156,2257,14470,2257.0,14470.0
BraTS-GLI-00472-000,57,0.1493,2214,14830,2214.0,14830.0
BraTS-GLI-00472-000,58,0.14,2126,15185,2126.0,15185.0
BraTS-GLI-00472-000,59,0.1357,2094,15430,2094.0,15430.0
BraTS-GLI-00472-000,60,0.1275,1997,15659,1997.0,15659.0
BraTS-GLI-00472-000,61,0.1181,1872,15848,1872.0,15848.0
BraTS-GLI-00472-000,62,0.1113,1785,16043,1785.0,16043.0
BraTS-GLI-00472-000,63,0.1076,1748,16246,1748.0,16246.0
BraTS-GLI-00472-000,64,0.1046,1715,16396,1715.0,16396.0
BraTS-GLI-00472-000,65,0.1024,1693,16538,1693.0,16538.0
BraTS-GLI-00472-000,66,0.1023,1706,16680,1706.0,16680.0
BraTS-GLI-00472-000,67,0.1008,1694,16802,1694.0,16802.0
BraTS-GLI-00472-000,68,0.1016,1721,16934,1721.0,16934.0
BraTS-GLI-00472-000,69,0.1014,1733,17089,1733.0,17089.0
BraTS-GLI-00472-000,70,0.1007,1739,17268,1739.0,17268.0
BraTS-GLI-00472-000,71,0.0971,1692,17432,1692.0,17432.0
BraTS-GLI-00472-000,72,0.0937,1649,17605,1649.0,17605.0
BraTS-GLI-00472-000,73,0.0882,1568,17778,1568.0,17778.0
BraTS-GLI-00472-000,74,0.0806,1442,17899,1442.0,17899.0
BraTS-GLI-00472-000,75,0.074,1336,18056,1336.0,18056.0
BraTS-GLI-00472-000,76,0.0667,1213,18173,1213.0,18173.0
BraTS-GLI-00472-000,77,0.0591,1081,18286,1081.0,18286.0
BraTS-GLI-00472-000,78,0.0456,838,18380,838.0,18380.0
BraTS-GLI-00472-000,79,0.0338,623,18454,623.0,18454.0
BraTS-GLI-00472-000,80,0.0238,441,18498,441.0,18498.0
BraTS-GLI-00472-000,81,0.0185,342,18502,342.0,18502.0
BraTS-GLI-00472-000,82,0.0133,246,18515,246.0,18515.0
BraTS-GLI-00472-000,83,0.008,148,18525,148.0,18525.0
BraTS-GLI-00472-000,84,0.0046,86,18507,86.0,18507.0
BraTS-GLI-00472-000,85,0.0035,64,18464,64.0,18464.0
BraTS-GLI-00472-000,86,0.001,18,18419,18.0,18419.0
BraTS-GLI-00097-001,70,0.0001,1,16655,1.0,16655.0
BraTS-GLI-00097-001,71,0.0013,22,16790,22.0,16790.0
BraTS-GLI-00097-001,72,0.0057,96,16904,96.0,16904.0
BraTS-GLI-00097-001,73,0.0131,222,16993,222.0,16993.0
BraTS-GLI-00097-001,74,0.0171,292,17071,292.0,17071.0
BraTS-GLI-00097-001,75,0.02,343,17134,343.0,17134.0
BraTS-GLI-00097-001,76,0.025,428,17153,428.0,17153.0
BraTS-GLI-00097-001,77,0.0302,519,17158,519.0,17158.0
BraTS-GLI-00097-001,78,0.036,617,17140,617.0,17140.0
BraTS-GLI-00097-001,79,0.0411,704,17119,704.0,17119.0
BraTS-GLI-00097-001,80,0.0459,785,17086,785.0,17086.0
BraTS-GLI-00097-001,81,0.0486,829,17052,829.0,17052.0
BraTS-GLI-00097-001,82,0.0505,859,17000,859.0,17000.0
BraTS-GLI-00097-001,83,0.053,898,16931,898.0,16931.0
BraTS-GLI-00097-001,84,0.0553,934,16878,934.0,16878.0
BraTS-GLI-00097-001,85,0.0566,951,16803,951.0,16803.0
BraTS-GLI-00097-001,86,0.0577,966,16742,966.0,16742.0
BraTS-GLI-00097-001,87,0.0588,979,16659,979.0,16659.0
BraTS-GLI-00097-001,88,0.0593,982,16553,982.0,16553.0
BraTS-GLI-00097-001,89,0.0593,975,16448,975.0,16448.0
BraTS-GLI-00097-001,90,0.059,963,16310,963.0,16310.0
BraTS-GLI-00097-001,91,0.0583,944,16197,944.0,16197.0
BraTS-GLI-00097-001,92,0.0575,925,16079,925.0,16079.0
BraTS-GLI-00097-001,93,0.0562,895,15934,895.0,15934.0
BraTS-GLI-00097-001,94,0.0544,859,15799,859.0,15799.0
BraTS-GLI-00097-001,95,0.0523,818,15638,818.0,15638.0
BraTS-GLI-00097-001,96,0.0506,778,15364,778.0,15364.0
BraTS-GLI-00097-001,97,0.0494,754,15277,754.0,15277.0
BraTS-GLI-00097-001,98,0.0475,717,15101,717.0,15101.0
BraTS-GLI-00097-001,99,0.0438,654,14916,654.0,14916.0
BraTS-GLI-00097-001,100,0.0398,585,14697,585.0,14697.0
BraTS-GLI-00097-001,101,0.0364,528,14487,528.0,14487.0
BraTS-GLI-00097-001,102,0.0338,483,14282,483.0,14282.0
BraTS-GLI-00097-001,103,0.0298,420,14108,420.0,14108.0
BraTS-GLI-00097-001,104,0.0237,329,13886,329.0,13886.0
BraTS-GLI-00097-001,105,0.0165,224,13600,224.0,13600.0
BraTS-GLI-00097-001,106,0.0117,156,13363,156.0,13363.0
BraTS-GLI-00097-001,107,0.0075,98,13081,98.0,13081.0
BraTS-GLI-00097-001,108,0.0048,62,12879,62.0,12879.0
BraTS-GLI-00097-001,109,0.0037,47,12676,47.0,12676.0
BraTS-GLI-00097-001,110,0.0022,27,12388,27.0,12388.0
BraTS-GLI-00469-001,52,0.0011,14,12433,14.0,12433.0
BraTS-GLI-00469-001,53,0.0105,134,12730,134.0,12730.0
BraTS-GLI-00469-001,54,0.0213,278,13080,278.0,13080.0
BraTS-GLI-00469-001,55,0.0294,404,13732,404.0,13732.0
BraTS-GLI-00469-001,56,0.0362,520,14364,520.0,14364.0
BraTS-GLI-00469-001,57,0.043,631,14667,631.0,14667.0
BraTS-GLI-00469-001,58,0.0495,740,14940,740.0,14940.0
BraTS-GLI-00469-001,59,0.0569,862,15160,862.0,15160.0
BraTS-GLI-00469-001,60,0.0649,997,15373,997.0,15373.0
BraTS-GLI-00469-001,61,0.0735,1149,15631,1149.0,15631.0
BraTS-GLI-00469-001,62,0.081,1279,15792,1279.0,15792.0
BraTS-GLI-00469-001,63,0.0874,1396,15974,1396.0,15974.0
BraTS-GLI-00469-001,64,0.0931,1514,16255,1514.0,16255.0
BraTS-GLI-00469-001,65,0.1005,1636,16281,1636.0,16281.0
BraTS-GLI-00469-001,66,0.1081,1774,16410,1774.0,16410.0
BraTS-GLI-00469-001,67,0.1143,1900,16624,1900.0,16624.0
BraTS-GLI-00469-001,68,0.1167,1967,16851,1967.0,16851.0
BraTS-GLI-00469-001,69,0.1171,1997,17053,1997.0,17053.0
BraTS-GLI-00469-001,70,0.1181,2033,17210,2033.0,17210.0
BraTS-GLI-00469-001,71,0.12,2076,17295,2076.0,17295.0
BraTS-GLI-00469-001,72,0.1223,2123,17354,2123.0,17354.0
BraTS-GLI-00469-001,73,0.1249,2175,17408,2175.0,17408.0
BraTS-GLI-00469-001,74,0.1258,2197,17470,2197.0,17470.0
BraTS-GLI-00469-001,75,0.1253,2194,17514,2194.0,17514.0
BraTS-GLI-00469-001,76,0.1252,2196,17542,2196.0,17542.0
BraTS-GLI-00469-001,77,0.1247,2191,17574,2191.0,17574.0
BraTS-GLI-00469-001,78,0.125,2194,17555,2194.0,17555.0
BraTS-GLI-00469-001,79,0.1241,2176,17531,2176.0,17531.0
BraTS-GLI-00469-001,80,0.123,2153,17502,2153.0,17502.0
BraTS-GLI-00469-001,81,0.1197,2096,17514,2096.0,17514.0
BraTS-GLI-00469-001,82,0.1154,2019,17500,2019.0,17500.0
BraTS-GLI-00469-001,83,0.1133,1976,17438,1976.0,17438.0
BraTS-GLI-00469-001,84,0.1115,1934,17353,1934.0,17353.0
BraTS-GLI-00469-001,85,0.1094,1890,17280,1890.0,17280.0
BraTS-GLI-00469-001,86,0.1071,1845,17222,1845.0,17222.0
BraTS-GLI-00469-001,87,0.105,1802,17163,1802.0,17163.0
BraTS-GLI-00469-001,88,0.1031,1761,17082,1761.0,17082.0
BraTS-GLI-00469-001,89,0.0998,1697,16998,1697.0,16998.0
BraTS-GLI-00469-001,90,0.0974,1644,16879,1644.0,16879.0
BraTS-GLI-00469-001,91,0.0943,1583,16787,1583.0,16787.0
BraTS-GLI-00469-001,92,0.0907,1514,16688,1514.0,16688.0
BraTS-GLI-00469-001,93,0.0879,1449,16490,1449.0,16490.0
BraTS-GLI-00469-001,94,0.0848,1383,16314,1383.0,16314.0
BraTS-GLI-00469-001,95,0.0814,1311,16105,1311.0,16105.0
BraTS-GLI-00469-001,96,0.0785,1242,15812,1242.0,15812.0
BraTS-GLI-00469-001,97,0.074,1169,15787,1169.0,15787.0
BraTS-GLI-00469-001,98,0.0701,1097,15638,1097.0,15638.0
BraTS-GLI-00469-001,99,0.0667,1032,15469,1032.0,15469.0
BraTS-GLI-00469-001,100,0.0615,935,15213,935.0,15213.0
BraTS-GLI-00469-001,101,0.0555,831,14962,831.0,14962.0
BraTS-GLI-00469-001,102,0.0461,676,14671,676.0,14671.0
BraTS-GLI-00469-001,103,0.0329,475,14436,475.0,14436.0
BraTS-GLI-00469-001,104,0.0191,272,14208,272.0,14208.0
BraTS-GLI-00469-001,105,0.0096,133,13916,133.0,13916.0
BraTS-GLI-00469-001,106,0.0038,52,13661,52.0,13661.0
BraTS-GLI-01335-000,49,0.0002,3,14640,3.0,14640.0
BraTS-GLI-01335-000,50,0.0031,46,14942,46.0,14942.0
BraTS-GLI-01335-000,51,0.007,107,15241,107.0,15241.0
BraTS-GLI-01335-000,52,0.0115,178,15477,178.0,15477.0
BraTS-GLI-01335-000,53,0.0175,274,15647,274.0,15647.0
BraTS-GLI-01335-000,54,0.026,410,15763,410.0,15763.0
BraTS-GLI-01335-000,55,0.0383,606,15839,606.0,15839.0
BraTS-GLI-01335-000,56,0.0482,768,15948,768.0,15948.0
BraTS-GLI-01335-000,57,0.057,914,16040,914.0,16040.0
BraTS-GLI-01335-000,58,0.0653,1054,16153,1054.0,16153.0
BraTS-GLI-01335-000,59,0.0737,1199,16278,1199.0,16278.0
BraTS-GLI-01335-000,60,0.0824,1352,16405,1352.0,16405.0
BraTS-GLI-01335-000,61,0.0908,1505,16580,1505.0,16580.0
BraTS-GLI-01335-000,62,0.1041,1747,16779,1747.0,16779.0
BraTS-GLI-01335-000,63,0.1116,1885,16886,1885.0,16886.0
BraTS-GLI-01335-000,64,0.1136,1943,17097,1943.0,17097.0
BraTS-GLI-01335-000,65,0.1112,1916,17236,1916.0,17236.0
BraTS-GLI-01335-000,66,0.1091,1899,17403,1899.0,17403.0
BraTS-GLI-01335-000,67,0.1047,1837,17545,1837.0,17545.0
BraTS-GLI-01335-000,68,0.097,1714,17674,1714.0,17674.0
BraTS-GLI-01335-000,69,0.0944,1682,17811,1682.0,17811.0
BraTS-GLI-01335-000,70,0.0969,1734,17895,1734.0,17895.0
BraTS-GLI-01335-000,71,0.1033,1854,17956,1854.0,17956.0
BraTS-GLI-01335-000,72,0.1102,1981,17978,1981.0,17978.0
BraTS-GLI-01335-000,73,0.1188,2139,17998,2139.0,17998.0
BraTS-GLI-01335-000,74,0.129,2323,18004,2323.0,18004.0
BraTS-GLI-01335-000,75,0.1363,2455,18008,2455.0,18008.0
BraTS-GLI-01335-000,76,0.1443,2601,18026,2601.0,18026.0
BraTS-GLI-01335-000,77,0.1514,2729,18027,2729.0,18027.0
BraTS-GLI-01335-000,78,0.1593,2870,18014,2870.0,18014.0
BraTS-GLI-01335-000,79,0.1647,2961,17977,2961.0,17977.0
BraTS-GLI-01335-000,80,0.1698,3050,17960,3050.0,17960.0
BraTS-GLI-01335-000,81,0.1764,3160,17918,3160.0,17918.0
BraTS-GLI-01335-000,82,0.1807,3231,17881,3231.0,17881.0
BraTS-GLI-01335-000,83,0.1839,3280,17837,3280.0,17837.0
BraTS-GLI-01335-000,84,0.188,3345,17788,3345.0,17788.0
BraTS-GLI-01335-000,85,0.1896,3359,17719,3359.0,17719.0
BraTS-GLI-01335-000,86,0.1876,3311,17651,3311.0,17651.0
BraTS-GLI-01335-000,87,0.1866,3281,17584,3281.0,17584.0
BraTS-GLI-01335-000,88,0.1837,3214,17492,3214.0,17492.0
BraTS-GLI-01335-000,89,0.1834,3192,17407,3192.0,17407.0
BraTS-GLI-01335-000,90,0.1834,3169,17278,3169.0,17278.0
BraTS-GLI-01335-000,91,0.1836,3154,17181,3154.0,17181.0
BraTS-GLI-01335-000,92,0.1823,3109,17051,3109.0,17051.0
BraTS-GLI-01335-000,93,0.1787,3019,16893,3019.0,16893.0
BraTS-GLI-01335-000,94,0.1752,2936,16762,2936.0,16762.0
BraTS-GLI-01335-000,95,0.1723,2867,16636,2867.0,16636.0
BraTS-GLI-01335-000,96,0.1726,2828,16383,2828.0,16383.0
BraTS-GLI-01335-000,97,0.1692,2754,16279,2754.0,16279.0
BraTS-GLI-01335-000,98,0.1664,2685,16139,2685.0,16139.0
BraTS-GLI-01335-000,99,0.1616,2582,15974,2582.0,15974.0
BraTS-GLI-01335-000,100,0.1591,2512,15785,2512.0,15785.0
BraTS-GLI-01335-000,101,0.158,2457,15551,2457.0,15551.0
BraTS-GLI-01335-000,102,0.1553,2379,15316,2379.0,15316.0
BraTS-GLI-01335-000,103,0.1592,2402,15086,2402.0,15086.0
BraTS-GLI-01335-000,104,0.1642,2436,14835,2436.0,14835.0
BraTS-GLI-01335-000,105,0.1659,2423,14607,2423.0,14607.0
BraTS-GLI-01335-000,106,0.1636,2349,14358,2349.0,14358.0
BraTS-GLI-01335-000,107,0.1619,2279,14073,2279.0,14073.0
BraTS-GLI-01335-000,108,0.1585,2192,13832,2192.0,13832.0
BraTS-GLI-01335-000,109,0.1533,2080,13566,2080.0,13566.0
BraTS-GLI-01335-000,110,0.149,1975,13254,1975.0,13254.0
BraTS-GLI-01335-000,111,0.1431,1854,12958,1854.0,12958.0
BraTS-GLI-01335-000,112,0.1374,1737,12642,1737.0,12642.0
BraTS-GLI-01335-000,113,0.131,1614,12324,1614.0,12324.0
BraTS-GLI-01335-000,114,0.1219,1466,12025,1466.0,12025.0
BraTS-GLI-01335-000,115,0.1131,1320,11675,1320.0,11675.0
BraTS-GLI-00775-001,40,0.0975,1034,10606,1034.0,10606.0
BraTS-GLI-00775-001,41,0.0959,1050,10951,1050.0,10951.0
BraTS-GLI-00775-001,42,0.0992,1114,11229,1114.0,11229.0
BraTS-GLI-00775-001,43,0.1023,1175,11486,1175.0,11486.0
BraTS-GLI-00775-001,44,0.1054,1234,11708,1234.0,11708.0
BraTS-GLI-00775-001,45,0.1111,1322,11895,1322.0,11895.0
BraTS-GLI-00775-001,46,0.1147,1385,12080,1385.0,12080.0
BraTS-GLI-00775-001,47,0.1164,1422,12215,1422.0,12215.0
BraTS-GLI-00775-001,48,0.1198,1477,12329,1477.0,12329.0
BraTS-GLI-00775-001,49,0.1216,1516,12466,1516.0,12466.0
BraTS-GLI-00775-001,50,0.1215,1533,12615,1533.0,12615.0
BraTS-GLI-00775-001,51,0.1194,1555,13021,1555.0,13021.0
BraTS-GLI-00775-001,52,0.1153,1564,13562,1564.0,13562.0
BraTS-GLI-00775-001,53,0.1125,1584,14079,1584.0,14079.0
BraTS-GLI-00775-001,54,0.1106,1582,14300,1582.0,14300.0
BraTS-GLI-00775-001,55,0.1114,1615,14496,1615.0,14496.0
BraTS-GLI-00775-001,56,0.1101,1615,14675,1615.0,14675.0
BraTS-GLI-00775-001,57,0.108,1604,14853,1604.0,14853.0
BraTS-GLI-00775-001,58,0.1033,1555,15048,1555.0,15048.0
BraTS-GLI-00775-001,59,0.1006,1530,15210,1530.0,15210.0
BraTS-GLI-00775-001,60,0.0978,1506,15399,1506.0,15399.0
BraTS-GLI-00775-001,61,0.0935,1460,15609,1460.0,15609.0
BraTS-GLI-00775-001,62,0.089,1407,15808,1407.0,15808.0
BraTS-GLI-00775-001,63,0.0838,1340,15999,1340.0,15999.0
BraTS-GLI-00775-001,64,0.0748,1224,16366,1224.0,16366.0
BraTS-GLI-00775-001,65,0.065,1072,16491,1072.0,16491.0
BraTS-GLI-00775-001,66,0.053,883,16650,883.0,16650.0
BraTS-GLI-00775-001,67,0.0414,697,16833,697.0,16833.0
BraTS-GLI-00775-001,68,0.0306,521,17025,521.0,17025.0
BraTS-GLI-00775-001,69,0.0203,348,17151,348.0,17151.0
BraTS-GLI-00775-001,70,0.0142,246,17307,246.0,17307.0
BraTS-GLI-00775-001,71,0.0094,164,17446,164.0,17446.0
BraTS-GLI-00775-001,72,0.0042,74,17569,74.0,17569.0
BraTS-GLI-00775-001,73,0.0033,58,17637,58.0,17637.0
BraTS-GLI-00775-001,74,0.0024,43,17680,43.0,17680.0
BraTS-GLI-00775-001,75,0.0019,34,17691,34.0,17691.0
BraTS-GLI-00775-001,76,0.0008,14,17698,14.0,17698.0
BraTS-GLI-00775-001,77,0.0005,9,17717,9.0,17717.0
BraTS-GLI-00775-001,78,0.0002,3,17691,3.0,17691.0
BraTS-GLI-01039-000,98,0.0007,10,15384,10.0,15384.0
BraTS-GLI-01039-000,99,0.0027,41,15130,41.0,15130.0
BraTS-GLI-01039-000,100,0.0046,69,14845,69.0,14845.0
BraTS-GLI-01039-000,101,0.0085,124,14560,124.0,14560.0
BraTS-GLI-01039-000,102,0.011,156,14245,156.0,14245.0
BraTS-GLI-01039-000,103,0.0186,260,13951,260.0,13951.0
BraTS-GLI-01039-000,104,0.0199,271,13649,271.0,13649.0
BraTS-GLI-01039-000,105,0.0275,367,13354,367.0,13354.0
BraTS-GLI-01039-000,106,0.0367,479,13048,479.0,13048.0
BraTS-GLI-01039-000,107,0.0448,571,12755,571.0,12755.0
BraTS-GLI-01039-000,108,0.0477,593,12430,593.0,12430.0
BraTS-GLI-01039-000,109,0.0515,623,12098,623.0,12098.0
BraTS-GLI-01039-000,110,0.0548,643,11734,643.0,11734.0
BraTS-GLI-01039-000,111,0.0582,664,11401,664.0,11401.0
BraTS-GLI-01039-000,112,0.0609,673,11058,673.0,11058.0
BraTS-GLI-01039-000,113,0.0687,738,10736,738.0,10736.0
BraTS-GLI-01039-000,114,0.0729,758,10393,758.0,10393.0
BraTS-GLI-01039-000,115,0.0797,798,10016,798.0,10016.0
BraTS-GLI-01265-000,47,0.0001,1,14630,1.0,14630.0
BraTS-GLI-01265-000,48,0.0078,115,14732,115.0,14732.0
BraTS-GLI-01265-000,49,0.0198,294,14837,294.0,14837.0
BraTS-GLI-01265-000,50,0.0337,505,14987,505.0,14987.0
BraTS-GLI-01265-000,51,0.0443,683,15411,683.0,15411.0
BraTS-GLI-01265-000,52,0.0537,854,15889,854.0,15889.0
BraTS-GLI-01265-000,53,0.0608,987,16233,987.0,16233.0
BraTS-GLI-01265-000,54,0.0703,1159,16476,1159.0,16476.0
BraTS-GLI-01265-000,55,0.0717,1199,16730,1199.0,16730.0
BraTS-GLI-01265-000,56,0.0743,1271,17105,1271.0,17105.0
BraTS-GLI-01265-000,57,0.0756,1317,17424,1317.0,17424.0
BraTS-GLI-01265-000,58,0.0785,1386,17652,1386.0,17652.0
BraTS-GLI-01265-000,59,0.0773,1378,17825,1378.0,17825.0
BraTS-GLI-01265-000,60,0.0815,1465,17973,1465.0,17973.0
BraTS-GLI-01265-000,61,0.081,1471,18150,1471.0,18150.0
BraTS-GLI-01265-000,62,0.0871,1596,18320,1596.0,18320.0
BraTS-GLI-01265-000,63,0.0865,1601,18501,1601.0,18501.0
BraTS-GLI-01265-000,64,0.0889,1657,18643,1657.0,18643.0
BraTS-GLI-01265-000,65,0.0908,1705,18776,1705.0,18776.0
BraTS-GLI-01265-000,66,0.0895,1691,18890,1691.0,18890.0
BraTS-GLI-01265-000,67,0.0884,1678,18978,1678.0,18978.0
BraTS-GLI-01265-000,68,0.0893,1706,19111,1706.0,19111.0
BraTS-GLI-01265-000,69,0.0865,1662,19207,1662.0,19207.0
BraTS-GLI-01265-000,70,0.0853,1644,19282,1644.0,19282.0
BraTS-GLI-01265-000,71,0.084,1624,19323,1624.0,19323.0
BraTS-GLI-01265-000,72,0.0819,1588,19384,1588.0,19384.0
BraTS-GLI-01265-000,73,0.0799,1552,19421,1552.0,19421.0
BraTS-GLI-01265-000,74,0.0781,1520,19457,1520.0,19457.0
BraTS-GLI-01265-000,75,0.0777,1516,19509,1516.0,19509.0
BraTS-GLI-01265-000,76,0.0772,1508,19530,1508.0,19530.0
BraTS-GLI-01265-000,77,0.0762,1491,19561,1491.0,19561.0
BraTS-GLI-01265-000,78,0.0754,1476,19569,1476.0,19569.0
BraTS-GLI-01265-000,79,0.0753,1474,19570,1474.0,19570.0
BraTS-GLI-01265-000,80,0.0732,1430,19541,1430.0,19541.0
BraTS-GLI-01265-000,81,0.0723,1411,19505,1411.0,19505.0
BraTS-GLI-01265-000,82,0.0702,1366,19461,1366.0,19461.0
BraTS-GLI-01265-000,83,0.0662,1284,19403,1284.0,19403.0
BraTS-GLI-01265-000,84,0.0646,1248,19322,1248.0,19322.0
BraTS-GLI-01265-000,85,0.0615,1186,19272,1186.0,19272.0
BraTS-GLI-01265-000,86,0.0535,1026,19190,1026.0,19190.0
BraTS-GLI-01265-000,87,0.0475,907,19089,907.0,19089.0
BraTS-GLI-01265-000,88,0.0429,814,18973,814.0,18973.0
BraTS-GLI-01265-000,89,0.042,791,18846,791.0,18846.0
BraTS-GLI-01265-000,90,0.0394,739,18733,739.0,18733.0
BraTS-GLI-01265-000,91,0.036,669,18609,669.0,18609.0
BraTS-GLI-01265-000,92,0.0308,569,18469,569.0,18469.0
BraTS-GLI-01265-000,93,0.0244,447,18309,447.0,18309.0
BraTS-GLI-01265-000,94,0.0187,339,18131,339.0,18131.0
BraTS-GLI-01265-000,95,0.021,378,17961,378.0,17961.0
BraTS-GLI-01265-000,96,0.0118,210,17806,210.0,17806.0
BraTS-GLI-01265-000,97,0.008,141,17640,141.0,17640.0
BraTS-GLI-01265-000,98,0.0079,137,17436,137.0,17436.0
BraTS-GLI-01265-000,99,0.006,103,17219,103.0,17219.0
BraTS-GLI-01265-000,100,0.0049,83,16972,83.0,16972.0
BraTS-GLI-01265-000,101,0.0032,53,16699,53.0,16699.0
BraTS-GLI-01265-000,102,0.0027,44,16429,44.0,16429.0
BraTS-GLI-01265-000,103,0.0022,35,16118,35.0,16118.0
BraTS-GLI-01265-000,104,0.0013,21,15839,21.0,15839.0
BraTS-GLI-01265-000,105,0.0002,3,15541,3.0,15541.0
BraTS-GLI-00513-000,40,0.1695,2353,13881,2353.0,13881.0
BraTS-GLI-00513-000,41,0.1713,2434,14206,2434.0,14206.0
BraTS-GLI-00513-000,42,0.1741,2520,14475,2520.0,14475.0
BraTS-GLI-00513-000,43,0.1748,2570,14703,2570.0,14703.0
BraTS-GLI-00513-000,44,0.1777,2649,14908,2649.0,14908.0
BraTS-GLI-00513-000,45,0.1847,2792,15113,2792.0,15113.0
BraTS-GLI-00513-000,46,0.1886,2895,15353,2895.0,15353.0
BraTS-GLI-00513-000,47,0.1887,2930,15531,2930.0,15531.0
BraTS-GLI-00513-000,48,0.1954,3061,15663,3061.0,15663.0
BraTS-GLI-00513-000,49,0.1965,3132,15939,3132.0,15939.0
BraTS-GLI-00513-000,50,0.1971,3218,16326,3218.0,16326.0
BraTS-GLI-00513-000,51,0.1989,3288,16529,3288.0,16529.0
BraTS-GLI-00513-000,52,0.1996,3332,16691,3332.0,16691.0
BraTS-GLI-00513-000,53,0.196,3297,16823,3297.0,16823.0
BraTS-GLI-00513-000,54,0.1861,3160,16984,3160.0,16984.0
BraTS-GLI-00513-000,55,0.1844,3158,17123,3158.0,17123.0
BraTS-GLI-00513-000,56,0.1841,3176,17248,3176.0,17248.0
BraTS-GLI-00513-000,57,0.1782,3107,17431,3107.0,17431.0
BraTS-GLI-00513-000,58,0.1772,3118,17598,3118.0,17598.0
BraTS-GLI-00513-000,59,0.1751,3109,17753,3109.0,17753.0
BraTS-GLI-00513-000,60,0.1766,3161,17902,3161.0,17902.0
BraTS-GLI-00513-000,61,0.1782,3211,18016,3211.0,18016.0
BraTS-GLI-00513-000,62,0.1789,3246,18149,3246.0,18149.0
BraTS-GLI-00513-000,63,0.1805,3307,18325,3307.0,18325.0
BraTS-GLI-00513-000,64,0.1783,3305,18533,3305.0,18533.0
BraTS-GLI-00513-000,65,0.1788,3356,18774,3356.0,18774.0
BraTS-GLI-00513-000,66,0.1781,3397,19074,3397.0,19074.0
BraTS-GLI-00513-000,67,0.1786,3435,19235,3435.0,19235.0
BraTS-GLI-00513-000,68,0.1802,3484,19338,3484.0,19338.0
BraTS-GLI-00513-000,69,0.1808,3510,19419,3510.0,19419.0
BraTS-GLI-00513-000,70,0.1821,3542,19449,3542.0,19449.0
BraTS-GLI-00513-000,71,0.1813,3535,19500,3535.0,19500.0
BraTS-GLI-00513-000,72,0.1803,3520,19521,3520.0,19521.0
BraTS-GLI-00513-000,73,0.1795,3505,19530,3505.0,19530.0
BraTS-GLI-00513-000,74,0.1773,3463,19536,3463.0,19536.0
BraTS-GLI-00513-000,75,0.1704,3327,19529,3327.0,19529.0
BraTS-GLI-00513-000,76,0.1664,3245,19497,3245.0,19497.0
BraTS-GLI-00513-000,77,0.1622,3156,19460,3156.0,19460.0
BraTS-GLI-00513-000,78,0.1585,3080,19434,3080.0,19434.0
BraTS-GLI-00513-000,79,0.1552,3011,19406,3011.0,19406.0
BraTS-GLI-00513-000,80,0.1524,2954,19386,2954.0,19386.0
BraTS-GLI-00513-000,81,0.1481,2866,19347,2866.0,19347.0
BraTS-GLI-00513-000,82,0.1438,2779,19322,2779.0,19322.0
BraTS-GLI-00513-000,83,0.1369,2637,19258,2637.0,19258.0
BraTS-GLI-00513-000,84,0.1338,2570,19203,2570.0,19203.0
BraTS-GLI-00513-000,85,0.1312,2514,19155,2514.0,19155.0
BraTS-GLI-00513-000,86,0.1273,2430,19089,2430.0,19089.0
BraTS-GLI-00513-000,87,0.1244,2363,18999,2363.0,18999.0
BraTS-GLI-00513-000,88,0.1185,2239,18887,2239.0,18887.0
BraTS-GLI-00513-000,89,0.112,2102,18760,2102.0,18760.0
BraTS-GLI-00513-000,90,0.1053,1964,18654,1964.0,18654.0
BraTS-GLI-00513-000,91,0.098,1818,18545,1818.0,18545.0
BraTS-GLI-00513-000,92,0.093,1711,18397,1711.0,18397.0
BraTS-GLI-00513-000,93,0.085,1552,18261,1552.0,18261.0
BraTS-GLI-00513-000,94,0.0778,1407,18095,1407.0,18095.0
BraTS-GLI-00513-000,95,0.07,1255,17917,1255.0,17917.0
BraTS-GLI-00513-000,96,0.0614,1088,17733,1088.0,17733.0
BraTS-GLI-00513-000,97,0.051,894,17527,894.0,17527.0
BraTS-GLI-00513-000,98,0.0403,698,17321,698.0,17321.0
BraTS-GLI-00513-000,99,0.0279,476,17072,476.0,17072.0
BraTS-GLI-00513-000,100,0.014,235,16826,235.0,16826.0
BraTS-GLI-00513-000,101,0.0057,94,16559,94.0,16559.0
BraTS-GLI-00513-000,102,0.0011,18,16306,18.0,16306.0
BraTS-GLI-00513-000,103,0.0004,6,16022,6.0,16022.0
BraTS-GLI-00078-000,66,0.0003,5,19002,5.0,19002.0
BraTS-GLI-00078-000,67,0.0005,10,19029,10.0,19029.0
BraTS-GLI-00078-000,68,0.0009,18,19043,18.0,19043.0
BraTS-GLI-00078-000,69,0.0013,25,19037,25.0,19037.0
BraTS-GLI-00078-000,70,0.002,38,19059,38.0,19059.0
BraTS-GLI-00078-000,71,0.0031,59,19073,59.0,19073.0
BraTS-GLI-00078-000,72,0.0035,66,19080,66.0,19080.0
BraTS-GLI-00078-000,73,0.0041,79,19076,79.0,19076.0
BraTS-GLI-00078-000,74,0.0051,98,19077,98.0,19077.0
BraTS-GLI-00078-000,75,0.0065,124,19055,124.0,19055.0
BraTS-GLI-00078-000,76,0.008,152,19016,152.0,19016.0
BraTS-GLI-00078-000,77,0.0099,188,18975,188.0,18975.0
BraTS-GLI-00078-000,78,0.0125,236,18932,236.0,18932.0
BraTS-GLI-00078-000,79,0.0184,348,18891,348.0,18891.0
BraTS-GLI-00078-000,80,0.027,508,18847,508.0,18847.0
BraTS-GLI-00078-000,81,0.0329,619,18796,619.0,18796.0
BraTS-GLI-00078-000,82,0.0393,737,18746,737.0,18746.0
BraTS-GLI-00078-000,83,0.0462,864,18686,864.0,18686.0
BraTS-GLI-00078-000,84,0.0519,966,18604,966.0,18604.0
BraTS-GLI-00078-000,85,0.0561,1038,18503,1038.0,18503.0
BraTS-GLI-00078-000,86,0.0596,1097,18397,1097.0,18397.0
BraTS-GLI-00078-000,87,0.0641,1171,18270,1171.0,18270.0
BraTS-GLI-00078-000,88,0.0674,1221,18121,1221.0,18121.0
BraTS-GLI-00078-000,89,0.0701,1259,17967,1259.0,17967.0
BraTS-GLI-00078-000,90,0.0724,1291,17820,1291.0,17820.0
BraTS-GLI-00078-000,91,0.0752,1328,17660,1328.0,17660.0
BraTS-GLI-00078-000,92,0.0784,1373,17511,1373.0,17511.0
BraTS-GLI-00078-000,93,0.0814,1414,17363,1414.0,17363.0
BraTS-GLI-00078-000,94,0.0853,1467,17199,1467.0,17199.0
BraTS-GLI-00078-000,95,0.0906,1543,17039,1543.0,17039.0
BraTS-GLI-00078-000,96,0.0956,1614,16880,1614.0,16880.0
BraTS-GLI-00078-000,97,0.1006,1679,16691,1679.0,16691.0
BraTS-GLI-00078-000,98,0.1045,1721,16467,1721.0,16467.0
BraTS-GLI-00078-000,99,0.109,1772,16260,1772.0,16260.0
BraTS-GLI-00078-000,100,0.1128,1809,16036,1809.0,16036.0
BraTS-GLI-00078-000,101,0.115,1817,15800,1817.0,15800.0
BraTS-GLI-00078-000,102,0.1174,1826,15555,1826.0,15555.0
BraTS-GLI-00078-000,103,0.1197,1831,15295,1831.0,15295.0
BraTS-GLI-00078-000,104,0.1205,1817,15076,1817.0,15076.0
BraTS-GLI-00078-000,105,0.1209,1798,14871,1798.0,14871.0
BraTS-GLI-00078-000,106,0.1214,1780,14666,1780.0,14666.0
BraTS-GLI-00078-000,107,0.1229,1776,14448,1776.0,14448.0
BraTS-GLI-00078-000,108,0.1243,1766,14209,1766.0,14209.0
BraTS-GLI-00078-000,109,0.1263,1763,13960,1763.0,13960.0
BraTS-GLI-00078-000,110,0.127,1735,13664,1735.0,13664.0
BraTS-GLI-00078-000,111,0.128,1708,13347,1708.0,13347.0
BraTS-GLI-00078-000,112,0.128,1668,13028,1668.0,13028.0
BraTS-GLI-00078-000,113,0.1284,1629,12683,1629.0,12683.0
BraTS-GLI-00078-000,114,0.1275,1570,12315,1570.0,12315.0
BraTS-GLI-00078-000,115,0.1265,1513,11961,1513.0,11961.0
BraTS-GLI-00314-000,63,0.0013,22,16670,22.0,16670.0
BraTS-GLI-00314-000,64,0.0034,57,16849,57.0,16849.0
BraTS-GLI-00314-000,65,0.0056,95,17003,95.0,17003.0
BraTS-GLI-00314-000,66,0.0071,121,17136,121.0,17136.0
BraTS-GLI-00314-000,67,0.0082,142,17273,142.0,17273.0
BraTS-GLI-00314-000,68,0.0087,152,17389,152.0,17389.0
BraTS-GLI-00314-000,69,0.0116,203,17496,203.0,17496.0
BraTS-GLI-00314-000,70,0.0147,259,17595,259.0,17595.0
BraTS-GLI-00314-000,71,0.0181,319,17672,319.0,17672.0
BraTS-GLI-00314-000,72,0.0219,389,17750,389.0,17750.0
BraTS-GLI-00314-000,73,0.0286,510,17821,510.0,17821.0
BraTS-GLI-00314-000,74,0.0353,631,17883,631.0,17883.0
BraTS-GLI-00314-000,75,0.0416,747,17946,747.0,17946.0
BraTS-GLI-00314-000,76,0.0461,830,17996,830.0,17996.0
BraTS-GLI-00314-000,77,0.0497,896,18025,896.0,18025.0
BraTS-GLI-00314-000,78,0.0521,939,18026,939.0,18026.0
BraTS-GLI-00314-000,79,0.0537,969,18055,969.0,18055.0
BraTS-GLI-00314-000,80,0.0557,1005,18038,1005.0,18038.0
BraTS-GLI-00314-000,81,0.0567,1022,18031,1022.0,18031.0
BraTS-GLI-00314-000,82,0.0576,1038,18015,1038.0,18015.0
BraTS-GLI-00314-000,83,0.0597,1074,17997,1074.0,17997.0
BraTS-GLI-00314-000,84,0.0598,1076,17982,1076.0,17982.0
BraTS-GLI-00314-000,85,0.06,1076,17946,1076.0,17946.0
BraTS-GLI-00314-000,86,0.059,1056,17896,1056.0,17896.0
BraTS-GLI-00314-000,87,0.0499,890,17833,890.0,17833.0
BraTS-GLI-00314-000,88,0.051,906,17761,906.0,17761.0
BraTS-GLI-00314-000,89,0.0507,897,17678,897.0,17678.0
BraTS-GLI-00314-000,90,0.0507,891,17580,891.0,17580.0
BraTS-GLI-00314-000,91,0.0456,796,17465,796.0,17465.0
BraTS-GLI-00314-000,92,0.044,764,17357,764.0,17357.0
BraTS-GLI-00314-000,93,0.0402,692,17229,692.0,17229.0
BraTS-GLI-00314-000,94,0.0372,635,17073,635.0,17073.0
BraTS-GLI-00314-000,95,0.0257,435,16922,435.0,16922.0
BraTS-GLI-00314-000,96,0.0102,171,16756,171.0,16756.0
BraTS-GLI-00314-000,97,0.0084,140,16591,140.0,16591.0
BraTS-GLI-00314-000,98,0.006,99,16364,99.0,16364.0
BraTS-GLI-00314-000,99,0.0055,89,16187,89.0,16187.0
BraTS-GLI-00314-000,100,0.0043,68,15986,68.0,15986.0
BraTS-GLI-00314-000,101,0.0036,57,15781,57.0,15781.0
BraTS-GLI-00314-000,102,0.0034,53,15543,53.0,15543.0
BraTS-GLI-00540-001,85,0.0023,37,16093,37.0,16093.0
BraTS-GLI-00540-001,86,0.0055,88,16123,88.0,16123.0
BraTS-GLI-00540-001,87,0.0096,155,16121,155.0,16121.0
BraTS-GLI-00540-001,88,0.0158,252,15996,252.0,15996.0
BraTS-GLI-00540-001,89,0.0198,313,15840,313.0,15840.0
BraTS-GLI-00540-001,90,0.0228,355,15539,355.0,15539.0
BraTS-GLI-00540-001,91,0.0244,378,15465,378.0,15465.0
BraTS-GLI-00540-001,92,0.026,399,15359,399.0,15359.0
BraTS-GLI-00540-001,93,0.0277,419,15126,419.0,15126.0
BraTS-GLI-00540-001,94,0.0308,460,14941,460.0,14941.0
BraTS-GLI-00540-001,95,0.0341,497,14590,497.0,14590.0
BraTS-GLI-00540-001,96,0.0366,513,14032,513.0,14032.0
BraTS-GLI-00540-001,97,0.0436,609,13963,609.0,13963.0
BraTS-GLI-00540-001,98,0.0379,524,13833,524.0,13833.0
BraTS-GLI-00540-001,99,0.035,479,13696,479.0,13696.0
BraTS-GLI-00540-001,100,0.0387,516,13320,516.0,13320.0
BraTS-GLI-00540-001,101,0.0293,381,13009,381.0,13009.0
BraTS-GLI-00540-001,102,0.0292,363,12435,363.0,12435.0
BraTS-GLI-00540-001,103,0.0221,273,12336,273.0,12336.0
BraTS-GLI-00540-001,104,0.0227,277,12193,277.0,12193.0
BraTS-GLI-00540-001,105,0.0165,193,11675,193.0,11675.0
BraTS-GLI-00540-001,106,0.0141,160,11327,160.0,11327.0
BraTS-GLI-00540-001,107,0.0155,166,10711,166.0,10711.0
BraTS-GLI-00540-001,108,0.0133,140,10513,140.0,10513.0
BraTS-GLI-00540-001,109,0.0085,88,10358,88.0,10358.0
BraTS-GLI-00540-001,110,0.0032,32,9851,32.0,9851.0
BraTS-GLI-00691-001,50,0.0028,33,11941,33.0,11941.0
BraTS-GLI-00691-001,51,0.0081,98,12031,98.0,12031.0
BraTS-GLI-00691-001,52,0.0149,180,12112,180.0,12112.0
BraTS-GLI-00691-001,53,0.0228,278,12206,278.0,12206.0
BraTS-GLI-00691-001,54,0.0324,398,12282,398.0,12282.0
BraTS-GLI-00691-001,55,0.0394,488,12385,488.0,12385.0
BraTS-GLI-00691-001,56,0.0455,581,12769,581.0,12769.0
BraTS-GLI-00691-001,57,0.0499,659,13211,659.0,13211.0
BraTS-GLI-00691-001,58,0.053,724,13672,724.0,13672.0
BraTS-GLI-00691-001,59,0.0578,799,13813,799.0,13813.0
BraTS-GLI-00691-001,60,0.0633,882,13935,882.0,13935.0
BraTS-GLI-00691-001,61,0.0677,957,14128,957.0,14128.0
BraTS-GLI-00691-001,62,0.0726,1035,14260,1035.0,14260.0
BraTS-GLI-00691-001,63,0.0778,1118,14367,1118.0,14367.0
BraTS-GLI-00691-001,64,0.0805,1188,14752,1188.0,14752.0
BraTS-GLI-00691-001,65,0.0856,1276,14906,1276.0,14906.0
BraTS-GLI-00691-001,66,0.0891,1349,15145,1349.0,15145.0
BraTS-GLI-00691-001,67,0.0925,1413,15279,1413.0,15279.0
BraTS-GLI-00691-001,68,0.0937,1443,15399,1443.0,15399.0
BraTS-GLI-00691-001,69,0.0953,1477,15497,1477.0,15497.0
BraTS-GLI-00691-001,70,0.0958,1492,15580,1492.0,15580.0
BraTS-GLI-00691-001,71,0.0965,1511,15652,1511.0,15652.0
BraTS-GLI-00691-001,72,0.0987,1549,15698,1549.0,15698.0
BraTS-GLI-00691-001,73,0.0995,1567,15741,1567.0,15741.0
BraTS-GLI-00691-001,74,0.0985,1555,15790,1555.0,15790.0
BraTS-GLI-00691-001,75,0.097,1535,15823,1535.0,15823.0
BraTS-GLI-00691-001,76,0.0959,1519,15843,1519.0,15843.0
BraTS-GLI-00691-001,77,0.093,1475,15860,1475.0,15860.0
BraTS-GLI-00691-001,78,0.0889,1410,15854,1410.0,15854.0
BraTS-GLI-00691-001,79,0.0842,1335,15851,1335.0,15851.0
BraTS-GLI-00691-001,80,0.0773,1225,15840,1225.0,15840.0
BraTS-GLI-00691-001,81,0.0725,1146,15801,1146.0,15801.0
BraTS-GLI-00691-001,82,0.0701,1104,15758,1104.0,15758.0
BraTS-GLI-00691-001,83,0.0678,1063,15667,1063.0,15667.0
BraTS-GLI-00691-001,84,0.0651,1015,15589,1015.0,15589.0
BraTS-GLI-00691-001,85,0.0629,972,15463,972.0,15463.0
BraTS-GLI-00691-001,86,0.0604,927,15340,927.0,15340.0
BraTS-GLI-00691-001,87,0.0573,872,15216,872.0,15216.0
BraTS-GLI-00691-001,88,0.0554,835,15071,835.0,15071.0
BraTS-GLI-00691-001,89,0.0533,796,14946,796.0,14946.0
BraTS-GLI-00691-001,90,0.0515,762,14803,762.0,14803.0
BraTS-GLI-00691-001,91,0.0483,708,14661,708.0,14661.0
BraTS-GLI-00691-001,92,0.0453,658,14524,658.0,14524.0
BraTS-GLI-00691-001,93,0.0443,635,14328,635.0,14328.0
BraTS-GLI-00691-001,94,0.0433,613,14160,613.0,14160.0
BraTS-GLI-00691-001,95,0.0436,610,13992,610.0,13992.0
BraTS-GLI-00691-001,96,0.0439,600,13654,600.0,13654.0
BraTS-GLI-00691-001,97,0.0449,608,13546,608.0,13546.0
BraTS-GLI-00691-001,98,0.0476,636,13353,636.0,13353.0
BraTS-GLI-00691-001,99,0.0495,650,13141,650.0,13141.0
BraTS-GLI-00691-001,100,0.0472,606,12851,606.0,12851.0
BraTS-GLI-00691-001,101,0.0454,573,12608,573.0,12608.0
BraTS-GLI-00691-001,102,0.044,542,12320,542.0,12320.0
BraTS-GLI-00691-001,103,0.0422,509,12060,509.0,12060.0
BraTS-GLI-00691-001,104,0.039,459,11771,459.0,11771.0
BraTS-GLI-00691-001,105,0.0345,396,11477,396.0,11477.0
BraTS-GLI-00691-001,106,0.0297,333,11221,333.0,11221.0
BraTS-GLI-00691-001,107,0.0256,279,10899,279.0,10899.0
BraTS-GLI-00691-001,108,0.0201,214,10646,214.0,10646.0
BraTS-GLI-00691-001,109,0.0131,136,10391,136.0,10391.0
BraTS-GLI-00691-001,110,0.0101,102,10051,102.0,10051.0
BraTS-GLI-00691-001,111,0.0068,66,9754,66.0,9754.0
BraTS-GLI-00691-001,112,0.0028,26,9429,26.0,9429.0
BraTS-GLI-00691-001,113,0.0009,8,9133,8.0,9133.0
BraTS-GLI-00228-000,84,0.0001,1,17886,1.0,17886.0
BraTS-GLI-00228-000,85,0.0072,129,17856,129.0,17856.0
BraTS-GLI-00228-000,86,0.013,232,17797,232.0,17797.0
BraTS-GLI-00228-000,87,0.0184,326,17737,326.0,17737.0
BraTS-GLI-00228-000,88,0.0233,412,17650,412.0,17650.0
BraTS-GLI-00228-000,89,0.0273,479,17569,479.0,17569.0
BraTS-GLI-00228-000,90,0.0313,546,17467,546.0,17467.0
BraTS-GLI-00228-000,91,0.0357,620,17376,620.0,17376.0
BraTS-GLI-00228-000,92,0.0424,731,17248,731.0,17248.0
BraTS-GLI-00228-000,93,0.0501,859,17136,859.0,17136.0
BraTS-GLI-00228-000,94,0.0597,1015,17011,1015.0,17011.0
BraTS-GLI-00228-000,95,0.069,1163,16860,1163.0,16860.0
BraTS-GLI-00228-000,96,0.077,1288,16717,1288.0,16717.0
BraTS-GLI-00228-000,97,0.0826,1368,16557,1368.0,16557.0
BraTS-GLI-00228-000,98,0.0876,1435,16372,1435.0,16372.0
BraTS-GLI-00228-000,99,0.0919,1485,16161,1485.0,16161.0
BraTS-GLI-00228-000,100,0.0959,1531,15963,1531.0,15963.0
BraTS-GLI-00228-000,101,0.1003,1578,15734,1578.0,15734.0
BraTS-GLI-00228-000,102,0.1049,1623,15477,1623.0,15477.0
BraTS-GLI-00228-000,103,0.1076,1633,15180,1633.0,15180.0
BraTS-GLI-00228-000,104,0.1108,1650,14887,1650.0,14887.0
BraTS-GLI-00228-000,105,0.1138,1665,14634,1665.0,14634.0
BraTS-GLI-00228-000,106,0.1172,1685,14372,1685.0,14372.0
BraTS-GLI-00228-000,107,0.1202,1687,14040,1687.0,14040.0
BraTS-GLI-00228-000,108,0.122,1674,13726,1674.0,13726.0
BraTS-GLI-00228-000,109,0.1249,1667,13343,1667.0,13343.0
BraTS-GLI-00228-000,110,0.1285,1668,12982,1668.0,12982.0
BraTS-GLI-00228-000,111,0.132,1665,12614,1665.0,12614.0
BraTS-GLI-00228-000,112,0.1359,1659,12206,1659.0,12206.0
BraTS-GLI-00228-000,113,0.1407,1648,11709,1648.0,11709.0
BraTS-GLI-00228-000,114,0.1446,1626,11242,1626.0,11242.0
BraTS-GLI-00228-000,115,0.1454,1579,10856,1579.0,10856.0
BraTS-GLI-00485-001,40,0.0235,190,8073,190.0,8073.0
BraTS-GLI-00485-001,41,0.0332,295,8876,295.0,8876.0
BraTS-GLI-00485-001,42,0.0412,385,9345,385.0,9345.0
BraTS-GLI-00485-001,43,0.0501,488,9745,488.0,9745.0
BraTS-GLI-00485-001,44,0.0584,580,9937,580.0,9937.0
BraTS-GLI-00485-001,45,0.064,647,10104,647.0,10104.0
BraTS-GLI-00485-001,46,0.0671,692,10319,692.0,10319.0
BraTS-GLI-00485-001,47,0.0704,740,10508,740.0,10508.0
BraTS-GLI-00485-001,48,0.0736,789,10724,789.0,10724.0
BraTS-GLI-00485-001,49,0.0788,852,10815,852.0,10815.0
BraTS-GLI-00485-001,50,0.0833,907,10885,907.0,10885.0
BraTS-GLI-00485-001,51,0.0887,976,11007,976.0,11007.0
BraTS-GLI-00485-001,52,0.0939,1042,11095,1042.0,11095.0
BraTS-GLI-00485-001,53,0.098,1100,11228,1100.0,11228.0
BraTS-GLI-00485-001,54,0.0977,1105,11307,1105.0,11307.0
BraTS-GLI-00485-001,55,0.097,1105,11392,1105.0,11392.0
BraTS-GLI-00485-001,56,0.0954,1103,11559,1103.0,11559.0
BraTS-GLI-00485-001,57,0.0938,1103,11753,1103.0,11753.0
BraTS-GLI-00485-001,58,0.0882,1078,12226,1078.0,12226.0
BraTS-GLI-00485-001,59,0.0859,1078,12555,1078.0,12555.0
BraTS-GLI-00485-001,60,0.0844,1076,12745,1076.0,12745.0
BraTS-GLI-00485-001,61,0.0841,1094,13001,1094.0,13001.0
BraTS-GLI-00485-001,62,0.0851,1118,13140,1118.0,13140.0
BraTS-GLI-00485-001,63,0.0846,1130,13362,1130.0,13362.0
BraTS-GLI-00485-001,64,0.0838,1153,13758,1153.0,13758.0
BraTS-GLI-00485-001,65,0.088,1212,13767,1212.0,13767.0
BraTS-GLI-00485-001,66,0.0883,1224,13866,1224.0,13866.0
BraTS-GLI-00485-001,67,0.0876,1230,14035,1230.0,14035.0
BraTS-GLI-00485-001,68,0.0876,1255,14320,1255.0,14320.0
BraTS-GLI-00485-001,69,0.0869,1260,14507,1260.0,14507.0
BraTS-GLI-00485-001,70,0.0856,1263,14761,1263.0,14761.0
BraTS-GLI-00485-001,71,0.0819,1216,14851,1216.0,14851.0
BraTS-GLI-00485-001,72,0.0786,1171,14892,1171.0,14892.0
BraTS-GLI-00485-001,73,0.0743,1114,14987,1114.0,14987.0
BraTS-GLI-00485-001,74,0.0719,1082,15052,1082.0,15052.0
BraTS-GLI-00485-001,75,0.068,1028,15120,1028.0,15120.0
BraTS-GLI-00485-001,76,0.0639,968,15144,968.0,15144.0
BraTS-GLI-00485-001,77,0.0569,861,15144,861.0,15144.0
BraTS-GLI-00485-001,78,0.0416,632,15189,632.0,15189.0
BraTS-GLI-00485-001,79,0.0281,428,15216,428.0,15216.0
BraTS-GLI-00485-001,80,0.0233,356,15261,356.0,15261.0
BraTS-GLI-00485-001,81,0.0203,310,15266,310.0,15266.0
BraTS-GLI-00485-001,82,0.0179,273,15279,273.0,15279.0
BraTS-GLI-00485-001,83,0.016,245,15293,245.0,15293.0
BraTS-GLI-00485-001,84,0.0135,207,15279,207.0,15279.0
BraTS-GLI-00485-001,85,0.0089,135,15246,135.0,15246.0
BraTS-GLI-00485-001,86,0.0012,18,15232,18.0,15232.0
BraTS-GLI-00498-001,40,0.0142,130,9158,130.0,9158.0
BraTS-GLI-00498-001,41,0.0382,368,9641,368.0,9641.0
BraTS-GLI-00498-001,42,0.0948,972,10253,972.0,10253.0
BraTS-GLI-00498-001,43,0.1256,1349,10741,1349.0,10741.0
BraTS-GLI-00498-001,44,0.1375,1507,10962,1507.0,10962.0
BraTS-GLI-00498-001,45,0.1496,1667,11145,1667.0,11145.0
BraTS-GLI-00498-001,46,0.1685,1924,11419,1924.0,11419.0
BraTS-GLI-00498-001,47,0.179,2075,11590,2075.0,11590.0
BraTS-GLI-00498-001,48,0.1899,2245,11824,2245.0,11824.0
BraTS-GLI-00498-001,49,0.1942,2311,11900,2311.0,11900.0
BraTS-GLI-00498-001,50,0.1982,2379,12003,2379.0,12003.0
BraTS-GLI-00498-001,51,0.202,2453,12144,2453.0,12144.0
BraTS-GLI-00498-001,52,0.2074,2548,12286,2548.0,12286.0
BraTS-GLI-00498-001,53,0.2148,2677,12464,2677.0,12464.0
BraTS-GLI-00498-001,54,0.2222,2788,12550,2788.0,12550.0
BraTS-GLI-00498-001,55,0.2275,2880,12659,2880.0,12659.0
BraTS-GLI-00498-001,56,0.227,2945,12975,2945.0,12975.0
BraTS-GLI-00498-001,57,0.2237,3004,13426,3004.0,13426.0
BraTS-GLI-00498-001,58,0.2215,3070,13858,3070.0,13858.0
BraTS-GLI-00498-001,59,0.2202,3100,14078,3100.0,14078.0
BraTS-GLI-00498-001,60,0.2178,3112,14286,3112.0,14286.0
BraTS-GLI-00498-001,61,0.213,3107,14586,3107.0,14586.0
BraTS-GLI-00498-001,62,0.2081,3069,14747,3069.0,14747.0
BraTS-GLI-00498-001,63,0.2019,3002,14867,3002.0,14867.0
BraTS-GLI-00498-001,64,0.1933,2909,15048,2909.0,15048.0
BraTS-GLI-00498-001,65,0.1857,2800,15078,2800.0,15078.0
BraTS-GLI-00498-001,66,0.1787,2710,15169,2710.0,15169.0
BraTS-GLI-00498-001,67,0.1722,2627,15259,2627.0,15259.0
BraTS-GLI-00498-001,68,0.1658,2551,15383,2551.0,15383.0
BraTS-GLI-00498-001,69,0.1585,2458,15512,2458.0,15512.0
BraTS-GLI-00498-001,70,0.1494,2352,15738,2352.0,15738.0
BraTS-GLI-00498-001,71,0.1408,2239,15907,2239.0,15907.0
BraTS-GLI-00498-001,72,0.1351,2169,16057,2169.0,16057.0
BraTS-GLI-00498-001,73,0.1284,2076,16173,2076.0,16173.0
BraTS-GLI-00498-001,74,0.1243,2021,16265,2021.0,16265.0
BraTS-GLI-00498-001,75,0.1202,1964,16345,1964.0,16345.0
BraTS-GLI-00498-001,76,0.1156,1895,16389,1895.0,16389.0
BraTS-GLI-00498-001,77,0.1109,1821,16414,1821.0,16414.0
BraTS-GLI-00498-001,78,0.1055,1732,16422,1732.0,16422.0
BraTS-GLI-00498-001,79,0.1019,1675,16437,1675.0,16437.0
BraTS-GLI-00498-001,80,0.0977,1607,16449,1607.0,16449.0
BraTS-GLI-00498-001,81,0.0912,1502,16475,1502.0,16475.0
BraTS-GLI-00498-001,82,0.0849,1398,16474,1398.0,16474.0
BraTS-GLI-00498-001,83,0.0739,1217,16461,1217.0,16461.0
BraTS-GLI-00498-001,84,0.0635,1043,16437,1043.0,16437.0
BraTS-GLI-00498-001,85,0.0528,866,16414,866.0,16414.0
BraTS-GLI-00498-001,86,0.0469,769,16398,769.0,16398.0
BraTS-GLI-00498-001,87,0.0389,635,16340,635.0,16340.0
BraTS-GLI-00498-001,88,0.0364,592,16244,592.0,16244.0
BraTS-GLI-00498-001,89,0.0331,534,16151,534.0,16151.0
BraTS-GLI-00498-001,90,0.0302,484,16038,484.0,16038.0
BraTS-GLI-00498-001,91,0.0261,416,15922,416.0,15922.0
BraTS-GLI-00498-001,92,0.0207,327,15816,327.0,15816.0
BraTS-GLI-00498-001,93,0.0121,190,15641,190.0,15641.0
BraTS-GLI-00498-001,94,0.0023,36,15490,36.0,15490.0
BraTS-GLI-00498-001,95,0.0001,2,15349,2.0,15349.0
BraTS-GLI-00736-001,83,0.0005,8,16217,8.0,16217.0
BraTS-GLI-00736-001,84,0.0023,38,16202,38.0,16202.0
BraTS-GLI-00736-001,85,0.0046,75,16184,75.0,16184.0
BraTS-GLI-00736-001,86,0.0113,182,16150,182.0,16150.0
BraTS-GLI-00736-001,87,0.0184,296,16083,296.0,16083.0
BraTS-GLI-00736-001,88,0.0221,354,16008,354.0,16008.0
BraTS-GLI-00736-001,89,0.0297,473,15938,473.0,15938.0
BraTS-GLI-00736-001,90,0.0405,640,15818,640.0,15818.0
BraTS-GLI-00736-001,91,0.0538,847,15749,847.0,15749.0
BraTS-GLI-00736-001,92,0.0632,990,15658,990.0,15658.0
BraTS-GLI-00736-001,93,0.0766,1191,15543,1191.0,15543.0
BraTS-GLI-00736-001,94,0.0838,1293,15433,1293.0,15433.0
BraTS-GLI-00736-001,95,0.09,1380,15331,1380.0,15331.0
BraTS-GLI-00736-001,96,0.0961,1456,15155,1456.0,15155.0
BraTS-GLI-00736-001,97,0.1032,1557,15083,1557.0,15083.0
BraTS-GLI-00736-001,98,0.1071,1602,14956,1602.0,14956.0
BraTS-GLI-00736-001,99,0.1095,1623,14820,1623.0,14820.0
BraTS-GLI-00736-001,100,0.1111,1629,14663,1629.0,14663.0
BraTS-GLI-00736-001,101,0.1143,1657,14495,1657.0,14495.0
BraTS-GLI-00736-001,102,0.1195,1708,14291,1708.0,14291.0
BraTS-GLI-00736-001,103,0.1239,1747,14099,1747.0,14099.0
BraTS-GLI-00736-001,104,0.1227,1705,13895,1705.0,13895.0
BraTS-GLI-00736-001,105,0.1222,1671,13671,1671.0,13671.0
BraTS-GLI-00736-001,106,0.1252,1686,13469,1686.0,13469.0
BraTS-GLI-00736-001,107,0.1319,1738,13180,1738.0,13180.0
BraTS-GLI-00736-001,108,0.1344,1737,12927,1737.0,12927.0
BraTS-GLI-00736-001,109,0.135,1711,12677,1711.0,12677.0
BraTS-GLI-00736-001,110,0.1371,1697,12381,1697.0,12381.0
BraTS-GLI-00736-001,111,0.1401,1694,12091,1694.0,12091.0
BraTS-GLI-00736-001,112,0.1461,1717,11756,1717.0,11756.0
BraTS-GLI-00736-001,113,0.1515,1733,11438,1733.0,11438.0
BraTS-GLI-00736-001,114,0.1527,1699,11130,1699.0,11130.0
BraTS-GLI-00736-001,115,0.1561,1680,10762,1680.0,10762.0
BraTS-GLI-00098-001,40,0.0286,252,8826,252.0,8826.0
BraTS-GLI-00098-001,41,0.0487,457,9390,457.0,9390.0
BraTS-GLI-00098-001,42,0.0619,602,9724,602.0,9724.0
BraTS-GLI-00098-001,43,0.0796,802,10071,802.0,10071.0
BraTS-GLI-00098-001,44,0.1027,1068,10397,1068.0,10397.0
BraTS-GLI-00098-001,45,0.1299,1409,10847,1409.0,10847.0
BraTS-GLI-00098-001,46,0.1497,1695,11320,1695.0,11320.0
BraTS-GLI-00098-001,47,0.1778,2047,11516,2047.0,11516.0
BraTS-GLI-00098-001,48,0.2029,2373,11696,2373.0,11696.0
BraTS-GLI-00098-001,49,0.221,2617,11843,2617.0,11843.0
BraTS-GLI-00098-001,50,0.2381,2850,11970,2850.0,11970.0
BraTS-GLI-00098-001,51,0.2619,3172,12112,3172.0,12112.0
BraTS-GLI-00098-001,52,0.2727,3343,12259,3343.0,12259.0
BraTS-GLI-00098-001,53,0.2819,3504,12431,3504.0,12431.0
BraTS-GLI-00098-001,54,0.2867,3606,12579,3606.0,12579.0
BraTS-GLI-00098-001,55,0.2921,3706,12689,3706.0,12689.0
BraTS-GLI-00098-001,56,0.2964,3785,12771,3785.0,12771.0
BraTS-GLI-00098-001,57,0.3026,3886,12843,3886.0,12843.0
BraTS-GLI-00098-001,58,0.3097,4000,12915,4000.0,12915.0
BraTS-GLI-00098-001,59,0.3117,4045,12977,4045.0,12977.0
BraTS-GLI-00098-001,60,0.3134,4079,13014,4079.0,13014.0
BraTS-GLI-00098-001,61,0.3152,4107,13028,4107.0,13028.0
BraTS-GLI-00098-001,62,0.3181,4140,13016,4140.0,13016.0
BraTS-GLI-00098-001,63,0.3199,4165,13018,4165.0,13018.0
BraTS-GLI-00098-001,64,0.3193,4148,12992,4148.0,12992.0
BraTS-GLI-00098-001,65,0.3168,4117,12995,4117.0,12995.0
BraTS-GLI-00098-001,66,0.3116,4047,12987,4047.0,12987.0
BraTS-GLI-00098-001,67,0.3042,3954,12998,3954.0,12998.0
BraTS-GLI-00098-001,68,0.296,3858,13034,3858.0,13034.0
BraTS-GLI-00098-001,69,0.2853,3757,13167,3757.0,13167.0
BraTS-GLI-00098-001,70,0.2765,3656,13223,3656.0,13223.0
BraTS-GLI-00098-001,71,0.2638,3498,13260,3498.0,13260.0
BraTS-GLI-00098-001,72,0.2478,3298,13308,3298.0,13308.0
BraTS-GLI-00098-001,73,0.2368,3150,13305,3150.0,13305.0
BraTS-GLI-00098-001,74,0.2317,3087,13325,3087.0,13325.0
BraTS-GLI-00098-001,75,0.2259,3030,13412,3030.0,13412.0
BraTS-GLI-00098-001,76,0.2211,2985,13498,2985.0,13498.0
BraTS-GLI-00098-001,77,0.2177,2945,13527,2945.0,13527.0
BraTS-GLI-00098-001,78,0.2136,2904,13594,2904.0,13594.0
BraTS-GLI-00098-001,79,0.2089,2845,13618,2845.0,13618.0
BraTS-GLI-00098-001,80,0.2063,2825,13695,2825.0,13695.0
BraTS-GLI-00098-001,81,0.2053,2831,13790,2831.0,13790.0
BraTS-GLI-00098-001,82,0.2042,2836,13886,2836.0,13886.0
BraTS-GLI-00098-001,83,0.1971,2752,13965,2752.0,13965.0
BraTS-GLI-00098-001,84,0.1864,2622,14064,2622.0,14064.0
BraTS-GLI-00098-001,85,0.1744,2465,14133,2465.0,14133.0
BraTS-GLI-00098-001,86,0.1693,2403,14194,2403.0,14194.0
BraTS-GLI-00098-001,87,0.1616,2306,14272,2306.0,14272.0
BraTS-GLI-00098-001,88,0.1514,2172,14343,2172.0,14343.0
BraTS-GLI-00098-001,89,0.1374,1978,14396,1978.0,14396.0
BraTS-GLI-00098-001,90,0.1216,1759,14461,1759.0,14461.0
BraTS-GLI-00098-001,91,0.106,1539,14514,1539.0,14514.0
BraTS-GLI-00098-001,92,0.0973,1418,14567,1418.0,14567.0
BraTS-GLI-00098-001,93,0.0894,1307,14612,1307.0,14612.0
BraTS-GLI-00098-001,94,0.0815,1194,14656,1194.0,14656.0
BraTS-GLI-00098-001,95,0.0714,1045,14628,1045.0,14628.0
BraTS-GLI-00098-001,96,0.0489,715,14617,715.0,14617.0
BraTS-GLI-00098-001,97,0.0369,539,14620,539.0,14620.0
BraTS-GLI-00098-001,98,0.0325,473,14551,473.0,14551.0
BraTS-GLI-00098-001,99,0.0287,416,14478,416.0,14478.0
BraTS-GLI-00098-001,100,0.0255,366,14362,366.0,14362.0
BraTS-GLI-00098-001,101,0.0203,289,14230,289.0,14230.0
BraTS-GLI-00098-001,102,0.0102,144,14068,144.0,14068.0
BraTS-GLI-01191-000,61,0.0001,1,15917,1.0,15917.0
BraTS-GLI-01191-000,62,0.005,80,16152,80.0,16152.0
BraTS-GLI-01191-000,63,0.0186,304,16375,304.0,16375.0
BraTS-GLI-01191-000,64,0.0391,647,16565,647.0,16565.0
BraTS-GLI-01191-000,65,0.0473,791,16708,791.0,16708.0
BraTS-GLI-01191-000,66,0.0528,887,16811,887.0,16811.0
BraTS-GLI-01191-000,67,0.058,982,16918,982.0,16918.0
BraTS-GLI-01191-000,68,0.0668,1139,17049,1139.0,17049.0
BraTS-GLI-01191-000,69,0.0796,1362,17120,1362.0,17120.0
BraTS-GLI-01191-000,70,0.0947,1627,17174,1627.0,17174.0
BraTS-GLI-01191-000,71,0.1072,1847,17236,1847.0,17236.0
BraTS-GLI-01191-000,72,0.1156,1998,17290,1998.0,17290.0
BraTS-GLI-01191-000,73,0.124,2148,17318,2148.0,17318.0
BraTS-GLI-01191-000,74,0.1324,2299,17370,2299.0,17370.0
BraTS-GLI-01191-000,75,0.1427,2482,17394,2482.0,17394.0
BraTS-GLI-01191-000,76,0.1537,2672,17389,2672.0,17389.0
BraTS-GLI-01191-000,77,0.1603,2782,17359,2782.0,17359.0
BraTS-GLI-01191-000,78,0.1662,2880,17333,2880.0,17333.0
BraTS-GLI-01191-000,79,0.1708,2960,17329,2960.0,17329.0
BraTS-GLI-01191-000,80,0.1758,3041,17299,3041.0,17299.0
BraTS-GLI-01191-000,81,0.1816,3132,17242,3132.0,17242.0
BraTS-GLI-01191-000,82,0.1878,3229,17194,3229.0,17194.0
BraTS-GLI-01191-000,83,0.1923,3293,17127,3293.0,17127.0
BraTS-GLI-01191-000,84,0.1958,3342,17072,3342.0,17072.0
BraTS-GLI-01191-000,85,0.1988,3380,17000,3380.0,17000.0
BraTS-GLI-01191-000,86,0.2015,3415,16946,3415.0,16946.0
BraTS-GLI-01191-000,87,0.2035,3440,16902,3440.0,16902.0
BraTS-GLI-01191-000,88,0.205,3452,16837,3452.0,16837.0
BraTS-GLI-01191-000,89,0.2068,3466,16757,3466.0,16757.0
BraTS-GLI-01191-000,90,0.2094,3495,16690,3495.0,16690.0
BraTS-GLI-01191-000,91,0.2113,3503,16580,3503.0,16580.0
BraTS-GLI-01191-000,92,0.2123,3495,16464,3495.0,16464.0
BraTS-GLI-01191-000,93,0.213,3485,16365,3485.0,16365.0
BraTS-GLI-01191-000,94,0.2129,3461,16256,3461.0,16256.0
BraTS-GLI-01191-000,95,0.2119,3419,16135,3419.0,16135.0
BraTS-GLI-01191-000,96,0.2108,3371,15991,3371.0,15991.0
BraTS-GLI-01191-000,97,0.2095,3319,15840,3319.0,15840.0
BraTS-GLI-01191-000,98,0.207,3247,15689,3247.0,15689.0
BraTS-GLI-01191-000,99,0.2039,3169,15544,3169.0,15544.0
BraTS-GLI-01191-000,100,0.2025,3099,15300,3099.0,15300.0
BraTS-GLI-01191-000,101,0.2,3018,15087,3018.0,15087.0
BraTS-GLI-01191-000,102,0.1978,2940,14866,2940.0,14866.0
BraTS-GLI-01191-000,103,0.1936,2841,14671,2841.0,14671.0
BraTS-GLI-01191-000,104,0.1891,2733,14456,2733.0,14456.0
BraTS-GLI-01191-000,105,0.1856,2627,14152,2627.0,14152.0
BraTS-GLI-01191-000,106,0.1812,2517,13893,2517.0,13893.0
BraTS-GLI-01191-000,107,0.1772,2403,13562,2403.0,13562.0
BraTS-GLI-01191-000,108,0.1711,2274,13294,2274.0,13294.0
BraTS-GLI-01191-000,109,0.1662,2165,13026,2165.0,13026.0
BraTS-GLI-01191-000,110,0.1611,2048,12713,2048.0,12713.0
BraTS-GLI-01191-000,111,0.1575,1943,12336,1943.0,12336.0
BraTS-GLI-01191-000,112,0.1513,1801,11906,1801.0,11906.0
BraTS-GLI-01191-000,113,0.1468,1702,11595,1702.0,11595.0
BraTS-GLI-01191-000,114,0.1389,1565,11270,1565.0,11270.0
BraTS-GLI-01191-000,115,0.1255,1369,10908,1369.0,10908.0
BraTS-GLI-01331-000,40,0.3007,2932,9750,2932.0,9750.0
BraTS-GLI-01331-000,41,0.2767,2810,10157,2810.0,10157.0
BraTS-GLI-01331-000,42,0.2498,2628,10522,2628.0,10522.0
BraTS-GLI-01331-000,43,0.2281,2476,10855,2476.0,10855.0
BraTS-GLI-01331-000,44,0.2136,2393,11205,2393.0,11205.0
BraTS-GLI-01331-000,45,0.1987,2302,11588,2302.0,11588.0
BraTS-GLI-01331-000,46,0.184,2188,11891,2188.0,11891.0
BraTS-GLI-01331-000,47,0.1738,2108,12127,2108.0,12127.0
BraTS-GLI-01331-000,48,0.1628,2010,12349,2010.0,12349.0
BraTS-GLI-01331-000,49,0.1471,1848,12567,1848.0,12567.0
BraTS-GLI-01331-000,50,0.1361,1739,12778,1739.0,12778.0
BraTS-GLI-01331-000,51,0.1256,1643,13084,1643.0,13084.0
BraTS-GLI-01331-000,52,0.1168,1570,13445,1570.0,13445.0
BraTS-GLI-01331-000,53,0.1051,1468,13965,1468.0,13965.0
BraTS-GLI-01331-000,54,0.0934,1356,14523,1356.0,14523.0
BraTS-GLI-01331-000,55,0.0814,1208,14837,1208.0,14837.0
BraTS-GLI-01331-000,56,0.0734,1110,15121,1110.0,15121.0
BraTS-GLI-01331-000,57,0.0635,978,15396,978.0,15396.0
BraTS-GLI-01331-000,58,0.0537,840,15645,840.0,15645.0
BraTS-GLI-01331-000,59,0.0442,701,15870,701.0,15870.0
BraTS-GLI-01331-000,60,0.0356,572,16053,572.0,16053.0
BraTS-GLI-01331-000,61,0.0311,505,16255,505.0,16255.0
BraTS-GLI-01331-000,62,0.0266,439,16519,439.0,16519.0
BraTS-GLI-01331-000,63,0.0232,390,16784,390.0,16784.0
BraTS-GLI-01331-000,64,0.0197,335,17040,335.0,17040.0
BraTS-GLI-01331-000,65,0.0157,270,17199,270.0,17199.0
BraTS-GLI-01331-000,66,0.0112,195,17353,195.0,17353.0
BraTS-GLI-01331-000,67,0.0077,135,17485,135.0,17485.0
BraTS-GLI-01331-000,68,0.0057,101,17643,101.0,17643.0
BraTS-GLI-01331-000,69,0.0043,76,17724,76.0,17724.0
BraTS-GLI-01331-000,70,0.0025,44,17802,44.0,17802.0
BraTS-GLI-01331-000,71,0.001,18,17849,18.0,17849.0
BraTS-GLI-01480-000,40,0.0828,715,8634,715.0,8634.0
BraTS-GLI-01480-000,41,0.083,770,9279,770.0,9279.0
BraTS-GLI-01480-000,42,0.0856,825,9636,825.0,9636.0
BraTS-GLI-01480-000,43,0.0871,900,10334,900.0,10334.0
BraTS-GLI-01480-000,44,0.0877,935,10659,935.0,10659.0
BraTS-GLI-01480-000,45,0.0867,970,11194,970.0,11194.0
BraTS-GLI-01480-000,46,0.091,1037,11395,1037.0,11395.0
BraTS-GLI-01480-000,47,0.0925,1080,11674,1080.0,11674.0
BraTS-GLI-01480-000,48,0.0937,1105,11795,1105.0,11795.0
BraTS-GLI-01480-000,49,0.0941,1124,11947,1124.0,11947.0
BraTS-GLI-01480-000,50,0.095,1143,12030,1143.0,12030.0
BraTS-GLI-01480-000,51,0.1022,1240,12137,1240.0,12137.0
BraTS-GLI-01480-000,52,0.1047,1280,12223,1280.0,12223.0
BraTS-GLI-01480-000,53,0.1055,1307,12387,1307.0,12387.0
BraTS-GLI-01480-000,54,0.1075,1343,12491,1343.0,12491.0
BraTS-GLI-01480-000,55,0.0966,1254,12977,1254.0,12977.0
BraTS-GLI-01480-000,56,0.0941,1252,13306,1252.0,13306.0
BraTS-GLI-01480-000,57,0.09,1262,14018,1262.0,14018.0
BraTS-GLI-01480-000,58,0.0867,1241,14320,1241.0,14320.0
BraTS-GLI-01480-000,59,0.0828,1221,14753,1221.0,14753.0
BraTS-GLI-01480-000,60,0.0826,1234,14933,1234.0,14933.0
BraTS-GLI-01480-000,61,0.0798,1216,15236,1216.0,15236.0
BraTS-GLI-01480-000,62,0.0695,1068,15375,1068.0,15375.0
BraTS-GLI-01480-000,63,0.0609,945,15519,945.0,15519.0
BraTS-GLI-01480-000,64,0.0526,823,15633,823.0,15633.0
BraTS-GLI-01480-000,65,0.0526,833,15849,833.0,15849.0
BraTS-GLI-01480-000,66,0.0482,770,15982,770.0,15982.0
BraTS-GLI-01480-000,67,0.0444,719,16190,719.0,16190.0
BraTS-GLI-01480-000,68,0.0324,528,16277,528.0,16277.0
BraTS-GLI-01480-000,69,0.0239,392,16418,392.0,16418.0
BraTS-GLI-01480-000,70,0.0207,341,16493,341.0,16493.0
BraTS-GLI-01480-000,71,0.0175,290,16604,290.0,16604.0
BraTS-GLI-01480-000,72,0.0094,157,16665,157.0,16665.0
BraTS-GLI-01480-000,73,0.0046,77,16715,77.0,16715.0
BraTS-GLI-01283-000,40,0.0808,812,10047,812.0,10047.0
BraTS-GLI-01283-000,41,0.0901,961,10663,961.0,10663.0
BraTS-GLI-01283-000,42,0.1109,1199,10812,1199.0,10812.0
BraTS-GLI-01283-000,43,0.124,1401,11301,1401.0,11301.0
BraTS-GLI-01283-000,44,0.1378,1585,11504,1585.0,11504.0
BraTS-GLI-01283-000,45,0.1449,1712,11817,1712.0,11817.0
BraTS-GLI-01283-000,46,0.1528,1831,11981,1831.0,11981.0
BraTS-GLI-01283-000,47,0.1609,1970,12242,1970.0,12242.0
BraTS-GLI-01283-000,48,0.1666,2065,12394,2065.0,12394.0
BraTS-GLI-01283-000,49,0.1656,2141,12927,2141.0,12927.0
BraTS-GLI-01283-000,50,0.1639,2183,13320,2183.0,13320.0
BraTS-GLI-01283-000,51,0.161,2262,14051,2262.0,14051.0
BraTS-GLI-01283-000,52,0.1623,2322,14306,2322.0,14306.0
BraTS-GLI-01283-000,53,0.1634,2416,14786,2416.0,14786.0
BraTS-GLI-01283-000,54,0.1712,2547,14876,2547.0,14876.0
BraTS-GLI-01283-000,55,0.1766,2695,15262,2695.0,15262.0
BraTS-GLI-01283-000,56,0.1848,2833,15334,2833.0,15334.0
BraTS-GLI-01283-000,57,0.1868,2938,15728,2938.0,15728.0
BraTS-GLI-01283-000,58,0.1949,3079,15801,3079.0,15801.0
BraTS-GLI-01283-000,59,0.1931,3130,16210,3130.0,16210.0
BraTS-GLI-01283-000,60,0.1946,3167,16272,3167.0,16272.0
BraTS-GLI-01283-000,61,0.1921,3183,16566,3183.0,16566.0
BraTS-GLI-01283-000,62,0.191,3175,16621,3175.0,16621.0
BraTS-GLI-01283-000,63,0.1862,3169,17022,3169.0,17022.0
BraTS-GLI-01283-000,64,0.1841,3146,17093,3146.0,17093.0
BraTS-GLI-01283-000,65,0.1799,3117,17323,3117.0,17323.0
BraTS-GLI-01283-000,66,0.1788,3103,17356,3103.0,17356.0
BraTS-GLI-01283-000,67,0.176,3074,17465,3074.0,17465.0
BraTS-GLI-01283-000,68,0.1692,2959,17484,2959.0,17484.0
BraTS-GLI-01283-000,69,0.167,2923,17504,2923.0,17504.0
BraTS-GLI-01283-000,70,0.165,2890,17510,2890.0,17510.0
BraTS-GLI-01283-000,71,0.1604,2814,17541,2814.0,17541.0
BraTS-GLI-01283-000,72,0.1549,2720,17559,2720.0,17559.0
BraTS-GLI-01283-000,73,0.1478,2598,17572,2598.0,17572.0
BraTS-GLI-01283-000,74,0.1422,2499,17570,2499.0,17570.0
BraTS-GLI-01283-000,75,0.1376,2417,17571,2417.0,17571.0
BraTS-GLI-01283-000,76,0.1336,2343,17540,2343.0,17540.0
BraTS-GLI-01283-000,77,0.1289,2256,17497,2256.0,17497.0
BraTS-GLI-01283-000,78,0.1223,2134,17444,2134.0,17444.0
BraTS-GLI-01283-000,79,0.1148,1993,17359,1993.0,17359.0
BraTS-GLI-01283-000,80,0.1082,1872,17296,1872.0,17296.0
BraTS-GLI-01283-000,81,0.1041,1788,17172,1788.0,17172.0
BraTS-GLI-01283-000,82,0.1013,1728,17060,1728.0,17060.0
BraTS-GLI-01283-000,83,0.0999,1690,16916,1690.0,16916.0
BraTS-GLI-01283-000,84,0.0985,1656,16808,1656.0,16808.0
BraTS-GLI-01283-000,85,0.0954,1592,16683,1592.0,16683.0
BraTS-GLI-01283-000,86,0.0931,1544,16589,1544.0,16589.0
BraTS-GLI-01283-000,87,0.0909,1495,16439,1495.0,16439.0
BraTS-GLI-01283-000,88,0.0888,1453,16359,1453.0,16359.0
BraTS-GLI-01283-000,89,0.0865,1405,16240,1405.0,16240.0
BraTS-GLI-01283-000,90,0.0851,1376,16167,1376.0,16167.0
BraTS-GLI-01283-000,91,0.0882,1413,16026,1413.0,16026.0
BraTS-GLI-01283-000,92,0.0897,1426,15896,1426.0,15896.0
BraTS-GLI-01283-000,93,0.0922,1448,15704,1448.0,15704.0
BraTS-GLI-01283-000,94,0.0922,1436,15569,1436.0,15569.0
BraTS-GLI-01283-000,95,0.0923,1417,15344,1417.0,15344.0
BraTS-GLI-01283-000,96,0.0926,1403,15159,1403.0,15159.0
BraTS-GLI-01283-000,97,0.0941,1403,14902,1403.0,14902.0
BraTS-GLI-01283-000,98,0.0943,1389,14733,1389.0,14733.0
BraTS-GLI-01283-000,99,0.0944,1370,14507,1370.0,14507.0
BraTS-GLI-01283-000,100,0.0903,1294,14335,1294.0,14335.0
BraTS-GLI-01283-000,101,0.0822,1155,14044,1155.0,14044.0
BraTS-GLI-01283-000,102,0.0759,1054,13890,1054.0,13890.0
BraTS-GLI-01283-000,103,0.0743,1009,13576,1009.0,13576.0
BraTS-GLI-01283-000,104,0.0722,966,13381,966.0,13381.0
BraTS-GLI-01283-000,105,0.0677,885,13074,885.0,13074.0
BraTS-GLI-01283-000,106,0.0604,774,12804,774.0,12804.0
BraTS-GLI-01283-000,107,0.0547,681,12439,681.0,12439.0
BraTS-GLI-01283-000,108,0.0496,605,12191,605.0,12191.0
BraTS-GLI-01283-000,109,0.0444,525,11826,525.0,11826.0
BraTS-GLI-01283-000,110,0.0384,445,11575,445.0,11575.0
BraTS-GLI-01283-000,111,0.0322,361,11208,361.0,11208.0
BraTS-GLI-01283-000,112,0.0257,280,10892,280.0,10892.0
BraTS-GLI-01283-000,113,0.0213,223,10492,223.0,10492.0
BraTS-GLI-01283-000,114,0.0169,172,10189,172.0,10189.0
BraTS-GLI-01283-000,115,0.0132,129,9758,129.0,9758.0
BraTS-GLI-01163-000,49,0.006,104,17242,104.0,17242.0
BraTS-GLI-01163-000,50,0.0098,171,17447,171.0,17447.0
BraTS-GLI-01163-000,51,0.0104,183,17577,183.0,17577.0
BraTS-GLI-01163-000,52,0.0213,378,17772,378.0,17772.0
BraTS-GLI-01163-000,53,0.0253,458,18091,458.0,18091.0
BraTS-GLI-01163-000,54,0.0311,573,18406,573.0,18406.0
BraTS-GLI-01163-000,55,0.0429,797,18576,797.0,18576.0
BraTS-GLI-01163-000,56,0.0644,1204,18691,1204.0,18691.0
BraTS-GLI-01163-000,57,0.0544,1025,18837,1025.0,18837.0
BraTS-GLI-01163-000,58,0.0629,1192,18952,1192.0,18952.0
BraTS-GLI-01163-000,59,0.0616,1170,19003,1170.0,19003.0
BraTS-GLI-01163-000,60,0.0715,1361,19031,1361.0,19031.0
BraTS-GLI-01163-000,61,0.0781,1489,19057,1489.0,19057.0
BraTS-GLI-01163-000,62,0.08,1526,19084,1526.0,19084.0
BraTS-GLI-01163-000,63,0.0824,1575,19104,1575.0,19104.0
BraTS-GLI-01163-000,64,0.0827,1579,19095,1579.0,19095.0
BraTS-GLI-01163-000,65,0.0848,1617,19070,1617.0,19070.0
BraTS-GLI-01163-000,66,0.0856,1629,19038,1629.0,19038.0
BraTS-GLI-01163-000,67,0.0836,1590,19017,1590.0,19017.0
BraTS-GLI-01163-000,68,0.0868,1649,18991,1649.0,18991.0
BraTS-GLI-01163-000,69,0.0812,1538,18950,1538.0,18950.0
BraTS-GLI-01163-000,70,0.0837,1583,18910,1583.0,18910.0
BraTS-GLI-01163-000,71,0.0872,1644,18857,1644.0,18857.0
BraTS-GLI-01163-000,72,0.0957,1797,18770,1797.0,18770.0
BraTS-GLI-01163-000,73,0.0907,1696,18689,1696.0,18689.0
BraTS-GLI-01163-000,74,0.0927,1725,18611,1725.0,18611.0
BraTS-GLI-01163-000,75,0.0931,1724,18519,1724.0,18519.0
BraTS-GLI-01163-000,76,0.0934,1717,18377,1717.0,18377.0
BraTS-GLI-01163-000,77,0.0956,1744,18235,1744.0,18235.0
BraTS-GLI-01163-000,78,0.1014,1839,18130,1839.0,18130.0
BraTS-GLI-01163-000,79,0.0991,1791,18064,1791.0,18064.0
BraTS-GLI-01163-000,80,0.0963,1727,17940,1727.0,17940.0
BraTS-GLI-01163-000,81,0.1045,1860,17806,1860.0,17806.0
BraTS-GLI-01163-000,82,0.1051,1858,17681,1858.0,17681.0
BraTS-GLI-01163-000,83,0.0986,1731,17563,1731.0,17563.0
BraTS-GLI-01163-000,84,0.0976,1701,17428,1701.0,17428.0
BraTS-GLI-01163-000,85,0.1014,1752,17281,1752.0,17281.0
BraTS-GLI-01163-000,86,0.0985,1685,17111,1685.0,17111.0
BraTS-GLI-01163-000,87,0.0959,1625,16938,1625.0,16938.0
BraTS-GLI-01163-000,88,0.0967,1622,16768,1622.0,16768.0
BraTS-GLI-01163-000,89,0.0962,1595,16580,1595.0,16580.0
BraTS-GLI-01163-000,90,0.0891,1459,16383,1459.0,16383.0
BraTS-GLI-01163-000,91,0.0923,1489,16126,1489.0,16126.0
BraTS-GLI-01163-000,92,0.0935,1486,15896,1486.0,15896.0
BraTS-GLI-01163-000,93,0.0744,1167,15683,1167.0,15683.0
BraTS-GLI-01163-000,94,0.0784,1211,15445,1211.0,15445.0
BraTS-GLI-01163-000,95,0.0695,1053,15156,1053.0,15156.0
BraTS-GLI-01163-000,96,0.0622,928,14909,928.0,14909.0
BraTS-GLI-01163-000,97,0.0619,904,14598,904.0,14598.0
BraTS-GLI-01163-000,98,0.0547,784,14343,784.0,14343.0
BraTS-GLI-01163-000,99,0.0465,654,14062,654.0,14062.0
BraTS-GLI-01163-000,100,0.0473,651,13767,651.0,13767.0
BraTS-GLI-01163-000,101,0.0447,601,13431,601.0,13431.0
BraTS-GLI-01163-000,102,0.0435,569,13077,569.0,13077.0
BraTS-GLI-01163-000,103,0.0422,540,12793,540.0,12793.0
BraTS-GLI-01163-000,104,0.0253,317,12513,317.0,12513.0
BraTS-GLI-01163-000,105,0.0237,287,12131,287.0,12131.0
BraTS-GLI-01163-000,106,0.0234,275,11767,275.0,11767.0
BraTS-GLI-01163-000,107,0.0157,176,11243,176.0,11243.0
BraTS-GLI-01163-000,108,0.0117,128,10919,128.0,10919.0
BraTS-GLI-01163-000,109,0.0103,109,10590,109.0,10590.0
BraTS-GLI-01163-000,110,0.0081,82,10165,82.0,10165.0
BraTS-GLI-01163-000,111,0.0006,6,9736,6.0,9736.0
BraTS-GLI-01163-000,112,0.0008,7,9238,7.0,9238.0
BraTS-GLI-01163-000,113,0.0008,7,8830,7.0,8830.0
BraTS-GLI-01163-000,114,0.0008,7,8490,7.0,8490.0
BraTS-GLI-01163-000,115,0.0005,4,8052,4.0,8052.0
BraTS-GLI-01394-000,40,0.0412,479,11614,479.0,11614.0
BraTS-GLI-01394-000,41,0.0404,477,11803,477.0,11803.0
BraTS-GLI-01394-000,42,0.0386,462,11974,462.0,11974.0
BraTS-GLI-01394-000,43,0.0396,481,12156,481.0,12156.0
BraTS-GLI-01394-000,44,0.0406,500,12314,500.0,12314.0
BraTS-GLI-01394-000,45,0.0427,532,12469,532.0,12469.0
BraTS-GLI-01394-000,46,0.0463,581,12542,581.0,12542.0
BraTS-GLI-01394-000,47,0.049,619,12622,619.0,12622.0
BraTS-GLI-01394-000,48,0.0528,670,12687,670.0,12687.0
BraTS-GLI-01394-000,49,0.0568,725,12768,725.0,12768.0
BraTS-GLI-01394-000,50,0.0602,771,12816,771.0,12816.0
BraTS-GLI-01394-000,51,0.0637,819,12861,819.0,12861.0
BraTS-GLI-01394-000,52,0.0683,880,12891,880.0,12891.0
BraTS-GLI-01394-000,53,0.0708,915,12924,915.0,12924.0
BraTS-GLI-01394-000,54,0.0704,917,13020,917.0,13020.0
BraTS-GLI-01394-000,55,0.0687,926,13473,926.0,13473.0
BraTS-GLI-01394-000,56,0.0701,970,13834,970.0,13834.0
BraTS-GLI-01394-000,57,0.0714,1006,14089,1006.0,14089.0
BraTS-GLI-01394-000,58,0.0736,1056,14346,1056.0,14346.0
BraTS-GLI-01394-000,59,0.074,1071,14473,1071.0,14473.0
BraTS-GLI-01394-000,60,0.0775,1132,14598,1132.0,14598.0
BraTS-GLI-01394-000,61,0.0794,1170,14728,1170.0,14728.0
BraTS-GLI-01394-000,62,0.0828,1233,14891,1233.0,14891.0
BraTS-GLI-01394-000,63,0.0878,1316,14988,1316.0,14988.0
BraTS-GLI-01394-000,64,0.0886,1354,15284,1354.0,15284.0
BraTS-GLI-01394-000,65,0.0901,1388,15409,1388.0,15409.0
BraTS-GLI-01394-000,66,0.0909,1418,15608,1418.0,15608.0
BraTS-GLI-01394-000,67,0.0911,1436,15756,1436.0,15756.0
BraTS-GLI-01394-000,68,0.0906,1441,15903,1441.0,15903.0
BraTS-GLI-01394-000,69,0.091,1452,15964,1452.0,15964.0
BraTS-GLI-01394-000,70,0.0908,1455,16024,1455.0,16024.0
BraTS-GLI-01394-000,71,0.0903,1450,16055,1450.0,16055.0
BraTS-GLI-01394-000,72,0.0892,1436,16103,1436.0,16103.0
BraTS-GLI-01394-000,73,0.088,1419,16124,1419.0,16124.0
BraTS-GLI-01394-000,74,0.0874,1410,16126,1410.0,16126.0
BraTS-GLI-01394-000,75,0.0865,1395,16131,1395.0,16131.0
BraTS-GLI-01394-000,76,0.0837,1351,16134,1351.0,16134.0
BraTS-GLI-01394-000,77,0.083,1339,16134,1339.0,16134.0
BraTS-GLI-01394-000,78,0.0823,1324,16087,1324.0,16087.0
BraTS-GLI-01394-000,79,0.0807,1295,16056,1295.0,16056.0
BraTS-GLI-01394-000,80,0.079,1263,15994,1263.0,15994.0
BraTS-GLI-01394-000,81,0.0763,1215,15932,1215.0,15932.0
BraTS-GLI-01394-000,82,0.0723,1147,15865,1147.0,15865.0
BraTS-GLI-01394-000,83,0.0664,1047,15771,1047.0,15771.0
BraTS-GLI-01394-000,84,0.059,925,15684,925.0,15684.0
BraTS-GLI-01394-000,85,0.0481,749,15586,749.0,15586.0
BraTS-GLI-01394-000,86,0.0386,599,15509,599.0,15509.0
BraTS-GLI-01394-000,87,0.0274,422,15399,422.0,15399.0
BraTS-GLI-01394-000,88,0.0195,297,15268,297.0,15268.0
BraTS-GLI-01394-000,89,0.0135,205,15153,205.0,15153.0
BraTS-GLI-01394-000,90,0.0097,146,15044,146.0,15044.0
BraTS-GLI-01394-000,91,0.0071,106,14908,106.0,14908.0
BraTS-GLI-01394-000,92,0.0041,61,14781,61.0,14781.0
BraTS-GLI-01394-000,93,0.0018,26,14587,26.0,14587.0
BraTS-GLI-01394-000,94,0.0007,10,14406,10.0,14406.0
BraTS-GLI-00157-000,40,0.0802,1087,13560,1087.0,13560.0
BraTS-GLI-00157-000,41,0.0826,1131,13700,1131.0,13700.0
BraTS-GLI-00157-000,42,0.0851,1176,13827,1176.0,13827.0
BraTS-GLI-00157-000,43,0.0882,1230,13951,1230.0,13951.0
BraTS-GLI-00157-000,44,0.0923,1299,14070,1299.0,14070.0
BraTS-GLI-00157-000,45,0.0992,1407,14184,1407.0,14184.0
BraTS-GLI-00157-000,46,0.1095,1565,14295,1565.0,14295.0
BraTS-GLI-00157-000,47,0.1133,1635,14431,1635.0,14431.0
BraTS-GLI-00157-000,48,0.115,1676,14570,1676.0,14570.0
BraTS-GLI-00157-000,49,0.1147,1696,14780,1696.0,14780.0
BraTS-GLI-00157-000,50,0.1122,1689,15059,1689.0,15059.0
BraTS-GLI-00157-000,51,0.1105,1700,15383,1700.0,15383.0
BraTS-GLI-00157-000,52,0.1088,1704,15659,1704.0,15659.0
BraTS-GLI-00157-000,53,0.1073,1702,15855,1702.0,15855.0
BraTS-GLI-00157-000,54,0.1053,1681,15962,1681.0,15962.0
BraTS-GLI-00157-000,55,0.1005,1613,16055,1613.0,16055.0
BraTS-GLI-00157-000,56,0.0946,1530,16174,1530.0,16174.0
BraTS-GLI-00157-000,57,0.0906,1476,16288,1476.0,16288.0
BraTS-GLI-00157-000,58,0.0868,1423,16401,1423.0,16401.0
BraTS-GLI-00157-000,59,0.0793,1310,16526,1310.0,16526.0
BraTS-GLI-00157-000,60,0.0701,1167,16657,1167.0,16657.0
BraTS-GLI-00157-000,61,0.0623,1046,16783,1046.0,16783.0
BraTS-GLI-00157-000,62,0.0477,808,16935,808.0,16935.0
BraTS-GLI-00157-000,63,0.0308,526,17061,526.0,17061.0
BraTS-GLI-00157-000,64,0.0256,439,17177,439.0,17177.0
BraTS-GLI-00157-000,65,0.0192,333,17314,333.0,17314.0
BraTS-GLI-00157-000,66,0.0117,203,17424,203.0,17424.0
BraTS-GLI-00157-000,67,0.0066,115,17512,115.0,17512.0
BraTS-GLI-00157-000,68,0.0056,99,17629,99.0,17629.0
BraTS-GLI-00157-000,69,0.0024,43,17725,43.0,17725.0
BraTS-GLI-00157-000,70,0.0003,5,17798,5.0,17798.0
BraTS-GLI-01144-000,48,0.0002,3,15130,3.0,15130.0
BraTS-GLI-01144-000,49,0.001,16,15756,16.0,15756.0
BraTS-GLI-01144-000,50,0.0018,29,15846,29.0,15846.0
BraTS-GLI-01144-000,51,0.0046,75,16221,75.0,16221.0
BraTS-GLI-01144-000,52,0.0087,143,16410,143.0,16410.0
BraTS-GLI-01144-000,53,0.0136,227,16653,227.0,16653.0
BraTS-GLI-01144-000,54,0.0177,296,16768,296.0,16768.0
BraTS-GLI-01144-000,55,0.0233,396,16972,396.0,16972.0
BraTS-GLI-01144-000,56,0.0282,481,17069,481.0,17069.0
BraTS-GLI-01144-000,57,0.0322,555,17257,555.0,17257.0
BraTS-GLI-01144-000,58,0.0344,598,17396,598.0,17396.0
BraTS-GLI-01144-000,59,0.0362,639,17671,639.0,17671.0
BraTS-GLI-01144-000,60,0.0379,674,17799,674.0,17799.0
BraTS-GLI-01144-000,61,0.0404,723,17910,723.0,17910.0
BraTS-GLI-01144-000,62,0.0426,766,17997,766.0,17997.0
BraTS-GLI-01144-000,63,0.0449,813,18111,813.0,18111.0
BraTS-GLI-01144-000,64,0.0465,846,18180,846.0,18180.0
BraTS-GLI-01144-000,65,0.0487,889,18272,889.0,18272.0
BraTS-GLI-01144-000,66,0.053,971,18321,971.0,18321.0
BraTS-GLI-01144-000,67,0.0614,1130,18392,1130.0,18392.0
BraTS-GLI-01144-000,68,0.0695,1281,18425,1281.0,18425.0
BraTS-GLI-01144-000,69,0.0753,1390,18451,1390.0,18451.0
BraTS-GLI-01144-000,70,0.0796,1467,18441,1467.0,18441.0
BraTS-GLI-01144-000,71,0.084,1550,18455,1550.0,18455.0
BraTS-GLI-01144-000,72,0.0892,1646,18443,1646.0,18443.0
BraTS-GLI-01144-000,73,0.0944,1737,18402,1737.0,18402.0
BraTS-GLI-01144-000,74,0.1023,1878,18353,1878.0,18353.0
BraTS-GLI-01144-000,75,0.11,2010,18275,2010.0,18275.0
BraTS-GLI-01144-000,76,0.1152,2095,18191,2095.0,18191.0
BraTS-GLI-01144-000,77,0.1193,2155,18067,2155.0,18067.0
BraTS-GLI-01144-000,78,0.1215,2186,17985,2186.0,17985.0
BraTS-GLI-01144-000,79,0.1235,2206,17857,2206.0,17857.0
BraTS-GLI-01144-000,80,0.1248,2217,17764,2217.0,17764.0
BraTS-GLI-01144-000,81,0.1285,2265,17623,2265.0,17623.0
BraTS-GLI-01144-000,82,0.1318,2309,17515,2309.0,17515.0
BraTS-GLI-01144-000,83,0.1323,2295,17352,2295.0,17352.0
BraTS-GLI-01144-000,84,0.133,2292,17236,2292.0,17236.0
BraTS-GLI-01144-000,85,0.1329,2270,17080,2270.0,17080.0
BraTS-GLI-01144-000,86,0.1329,2254,16955,2254.0,16955.0
BraTS-GLI-01144-000,87,0.1319,2214,16784,2214.0,16784.0
BraTS-GLI-01144-000,88,0.1317,2188,16613,2188.0,16613.0
BraTS-GLI-01144-000,89,0.1311,2150,16405,2150.0,16405.0
BraTS-GLI-01144-000,90,0.1282,2078,16208,2078.0,16208.0
BraTS-GLI-01144-000,91,0.1265,2017,15948,2017.0,15948.0
BraTS-GLI-01144-000,92,0.1253,1974,15749,1974.0,15749.0
BraTS-GLI-01144-000,93,0.1231,1904,15471,1904.0,15471.0
BraTS-GLI-01144-000,94,0.1204,1835,15245,1835.0,15245.0
BraTS-GLI-01144-000,95,0.1167,1748,14981,1748.0,14981.0
BraTS-GLI-01144-000,96,0.1129,1669,14786,1669.0,14786.0
BraTS-GLI-01144-000,97,0.1082,1569,14502,1569.0,14502.0
BraTS-GLI-01144-000,98,0.1045,1491,14264,1491.0,14264.0
BraTS-GLI-01144-000,99,0.1026,1436,13992,1436.0,13992.0
BraTS-GLI-01144-000,100,0.0997,1368,13724,1368.0,13724.0
BraTS-GLI-01144-000,101,0.0967,1300,13446,1300.0,13446.0
BraTS-GLI-01144-000,102,0.0924,1221,13212,1221.0,13212.0
BraTS-GLI-01144-000,103,0.0858,1110,12941,1110.0,12941.0
BraTS-GLI-01144-000,104,0.0778,986,12678,986.0,12678.0
BraTS-GLI-01144-000,105,0.0692,856,12370,856.0,12370.0
BraTS-GLI-01144-000,106,0.0612,738,12061,738.0,12061.0
BraTS-GLI-01144-000,107,0.0558,655,11747,655.0,11747.0
BraTS-GLI-01144-000,108,0.0467,534,11430,534.0,11430.0
BraTS-GLI-01144-000,109,0.0369,409,11092,409.0,11092.0
BraTS-GLI-01144-000,110,0.0279,301,10770,301.0,10770.0
BraTS-GLI-01144-000,111,0.0206,214,10404,214.0,10404.0
BraTS-GLI-01144-000,112,0.0141,142,10051,142.0,10051.0
BraTS-GLI-01144-000,113,0.0067,65,9645,65.0,9645.0
BraTS-GLI-01144-000,114,0.0039,36,9247,36.0,9247.0
BraTS-GLI-01144-000,115,0.0033,29,8823,29.0,8823.0
BraTS-GLI-00090-000,40,0.0114,129,11360,129.0,11360.0
BraTS-GLI-00090-000,41,0.0156,183,11714,183.0,11714.0
BraTS-GLI-00090-000,42,0.0116,139,12019,139.0,12019.0
BraTS-GLI-00090-000,43,0.0092,113,12277,113.0,12277.0
BraTS-GLI-00090-000,44,0.0062,77,12463,77.0,12463.0
BraTS-GLI-00090-000,45,0.0044,56,12649,56.0,12649.0
BraTS-GLI-00090-000,46,0.0167,214,12810,214.0,12810.0
BraTS-GLI-00090-000,47,0.0285,370,12983,370.0,12983.0
BraTS-GLI-00090-000,48,0.0402,534,13287,534.0,13287.0
BraTS-GLI-00090-000,49,0.053,716,13504,716.0,13504.0
BraTS-GLI-00090-000,50,0.066,902,13660,902.0,13660.0
BraTS-GLI-00090-000,51,0.0731,1019,13935,1019.0,13935.0
BraTS-GLI-00090-000,52,0.0804,1155,14369,1155.0,14369.0
BraTS-GLI-00090-000,53,0.0897,1320,14715,1320.0,14715.0
BraTS-GLI-00090-000,54,0.1008,1506,14938,1506.0,14938.0
BraTS-GLI-00090-000,55,0.1095,1655,15120,1655.0,15120.0
BraTS-GLI-00090-000,56,0.1161,1781,15344,1781.0,15344.0
BraTS-GLI-00090-000,57,0.1217,1892,15547,1892.0,15547.0
BraTS-GLI-00090-000,58,0.1308,2063,15774,2063.0,15774.0
BraTS-GLI-00090-000,59,0.1365,2183,15997,2183.0,15997.0
BraTS-GLI-00090-000,60,0.1399,2268,16209,2268.0,16209.0
BraTS-GLI-00090-000,61,0.143,2349,16432,2349.0,16432.0
BraTS-GLI-00090-000,62,0.145,2412,16631,2412.0,16631.0
BraTS-GLI-00090-000,63,0.1471,2475,16821,2475.0,16821.0
BraTS-GLI-00090-000,64,0.1492,2540,17020,2540.0,17020.0
BraTS-GLI-00090-000,65,0.1498,2573,17176,2573.0,17176.0
BraTS-GLI-00090-000,66,0.1505,2601,17281,2601.0,17281.0
BraTS-GLI-00090-000,67,0.1519,2642,17397,2642.0,17397.0
BraTS-GLI-00090-000,68,0.1522,2666,17517,2666.0,17517.0
BraTS-GLI-00090-000,69,0.1521,2673,17570,2673.0,17570.0
BraTS-GLI-00090-000,70,0.1544,2720,17620,2720.0,17620.0
BraTS-GLI-00090-000,71,0.1543,2725,17657,2725.0,17657.0
BraTS-GLI-00090-000,72,0.1528,2700,17673,2700.0,17673.0
BraTS-GLI-00090-000,73,0.1503,2656,17673,2656.0,17673.0
BraTS-GLI-00090-000,74,0.1491,2633,17661,2633.0,17661.0
BraTS-GLI-00090-000,75,0.1456,2567,17627,2567.0,17627.0
BraTS-GLI-00090-000,76,0.1399,2460,17584,2460.0,17584.0
BraTS-GLI-00090-000,77,0.1344,2356,17533,2356.0,17533.0
BraTS-GLI-00090-000,78,0.128,2239,17491,2239.0,17491.0
BraTS-GLI-00090-000,79,0.121,2112,17455,2112.0,17455.0
BraTS-GLI-00090-000,80,0.1208,2102,17407,2102.0,17407.0
BraTS-GLI-00090-000,81,0.1228,2130,17345,2130.0,17345.0
BraTS-GLI-00090-000,82,0.1234,2131,17264,2131.0,17264.0
BraTS-GLI-00090-000,83,0.1209,2081,17208,2081.0,17208.0
BraTS-GLI-00090-000,84,0.1192,2043,17140,2043.0,17140.0
BraTS-GLI-00090-000,85,0.1177,2006,17049,2006.0,17049.0
BraTS-GLI-00090-000,86,0.1137,1929,16964,1929.0,16964.0
BraTS-GLI-00090-000,87,0.1101,1857,16859,1857.0,16859.0
BraTS-GLI-00090-000,88,0.1058,1774,16771,1774.0,16771.0
BraTS-GLI-00090-000,89,0.1006,1676,16653,1676.0,16653.0
BraTS-GLI-00090-000,90,0.091,1504,16524,1504.0,16524.0
BraTS-GLI-00090-000,91,0.0804,1319,16413,1319.0,16413.0
BraTS-GLI-00090-000,92,0.0701,1142,16285,1142.0,16285.0
BraTS-GLI-00090-000,93,0.0633,1022,16135,1022.0,16135.0
BraTS-GLI-00090-000,94,0.0579,926,15989,926.0,15989.0
BraTS-GLI-00090-000,95,0.0536,848,15825,848.0,15825.0
BraTS-GLI-00090-000,96,0.0476,745,15667,745.0,15667.0
BraTS-GLI-00090-000,97,0.0387,599,15495,599.0,15495.0
BraTS-GLI-00090-000,98,0.03,459,15319,459.0,15319.0
BraTS-GLI-00090-000,99,0.0193,292,15140,292.0,15140.0
BraTS-GLI-00090-000,100,0.0146,218,14968,218.0,14968.0
BraTS-GLI-00090-000,101,0.0099,146,14760,146.0,14760.0
BraTS-GLI-00090-000,102,0.0058,85,14547,85.0,14547.0
BraTS-GLI-00090-000,103,0.0029,41,14329,41.0,14329.0
BraTS-GLI-00262-000,40,0.0076,89,11673,89.0,11673.0
BraTS-GLI-00262-000,41,0.0127,150,11831,150.0,11831.0
BraTS-GLI-00262-000,42,0.0174,210,12062,210.0,12062.0
BraTS-GLI-00262-000,43,0.0241,297,12312,297.0,12312.0
BraTS-GLI-00262-000,44,0.0304,379,12465,379.0,12465.0
BraTS-GLI-00262-000,45,0.0404,510,12617,510.0,12617.0
BraTS-GLI-00262-000,46,0.046,588,12790,588.0,12790.0
BraTS-GLI-00262-000,47,0.0479,636,13281,636.0,13281.0
BraTS-GLI-00262-000,48,0.049,677,13816,677.0,13816.0
BraTS-GLI-00262-000,49,0.0508,712,14008,712.0,14008.0
BraTS-GLI-00262-000,50,0.0524,742,14170,742.0,14170.0
BraTS-GLI-00262-000,51,0.0538,778,14453,778.0,14453.0
BraTS-GLI-00262-000,52,0.0572,841,14699,841.0,14699.0
BraTS-GLI-00262-000,53,0.0595,879,14773,879.0,14773.0
BraTS-GLI-00262-000,54,0.0607,907,14947,907.0,14947.0
BraTS-GLI-00262-000,55,0.0613,928,15134,928.0,15134.0
BraTS-GLI-00262-000,56,0.0592,913,15428,913.0,15428.0
BraTS-GLI-00262-000,57,0.0548,859,15662,859.0,15662.0
BraTS-GLI-00262-000,58,0.0497,782,15734,782.0,15734.0
BraTS-GLI-00262-000,59,0.0458,721,15751,721.0,15751.0
BraTS-GLI-00262-000,60,0.0412,661,16033,661.0,16033.0
BraTS-GLI-00262-000,61,0.0365,599,16402,599.0,16402.0
BraTS-GLI-00262-000,62,0.0325,537,16546,537.0,16546.0
BraTS-GLI-00262-000,63,0.0269,447,16591,447.0,16591.0
BraTS-GLI-00262-000,64,0.0207,345,16691,345.0,16691.0
BraTS-GLI-00262-000,65,0.0113,193,17045,193.0,17045.0
BraTS-GLI-00262-000,66,0.0065,111,17148,111.0,17148.0
BraTS-GLI-00262-000,67,0.0031,54,17172,54.0,17172.0
BraTS-GLI-00262-000,68,0.0005,9,17164,9.0,17164.0
BraTS-GLI-01424-000,46,0.0005,7,13666,7.0,13666.0
BraTS-GLI-01424-000,47,0.0094,129,13714,129.0,13714.0
BraTS-GLI-01424-000,48,0.02,277,13845,277.0,13845.0
BraTS-GLI-01424-000,49,0.0288,402,13961,402.0,13961.0
BraTS-GLI-01424-000,50,0.0327,467,14270,467.0,14270.0
BraTS-GLI-01424-000,51,0.036,530,14733,530.0,14733.0
BraTS-GLI-01424-000,52,0.0383,579,15126,579.0,15126.0
BraTS-GLI-01424-000,53,0.0438,680,15524,680.0,15524.0
BraTS-GLI-01424-000,54,0.0483,763,15803,763.0,15803.0
BraTS-GLI-01424-000,55,0.0595,948,15923,948.0,15923.0
BraTS-GLI-01424-000,56,0.0684,1097,16046,1097.0,16046.0
BraTS-GLI-01424-000,57,0.0728,1178,16192,1178.0,16192.0
BraTS-GLI-01424-000,58,0.0774,1266,16353,1266.0,16353.0
BraTS-GLI-01424-000,59,0.0808,1342,16601,1342.0,16601.0
BraTS-GLI-01424-000,60,0.0901,1507,16731,1507.0,16731.0
BraTS-GLI-01424-000,61,0.1048,1768,16869,1768.0,16869.0
BraTS-GLI-01424-000,62,0.1178,2009,17054,2009.0,17054.0
BraTS-GLI-01424-000,63,0.1277,2197,17210,2197.0,17210.0
BraTS-GLI-01424-000,64,0.1368,2381,17409,2381.0,17409.0
BraTS-GLI-01424-000,65,0.1444,2565,17768,2565.0,17768.0
BraTS-GLI-01424-000,66,0.153,2736,17885,2736.0,17885.0
BraTS-GLI-01424-000,67,0.1579,2835,17960,2835.0,17960.0
BraTS-GLI-01424-000,68,0.1649,2976,18044,2976.0,18044.0
BraTS-GLI-01424-000,69,0.1695,3059,18042,3059.0,18042.0
BraTS-GLI-01424-000,70,0.1771,3204,18087,3204.0,18087.0
BraTS-GLI-01424-000,71,0.1806,3266,18089,3266.0,18089.0
BraTS-GLI-01424-000,72,0.1845,3342,18112,3342.0,18112.0
BraTS-GLI-01424-000,73,0.1874,3395,18112,3395.0,18112.0
BraTS-GLI-01424-000,74,0.1891,3423,18101,3423.0,18101.0
BraTS-GLI-01424-000,75,0.1928,3492,18111,3492.0,18111.0
BraTS-GLI-01424-000,76,0.1945,3517,18084,3517.0,18084.0
BraTS-GLI-01424-000,77,0.1943,3514,18090,3514.0,18090.0
BraTS-GLI-01424-000,78,0.1949,3519,18056,3519.0,18056.0
BraTS-GLI-01424-000,79,0.1936,3493,18043,3493.0,18043.0
BraTS-GLI-01424-000,80,0.194,3495,18011,3495.0,18011.0
BraTS-GLI-01424-000,81,0.194,3486,17965,3486.0,17965.0
BraTS-GLI-01424-000,82,0.1914,3427,17909,3427.0,17909.0
BraTS-GLI-01424-000,83,0.1898,3391,17864,3391.0,17864.0
BraTS-GLI-01424-000,84,0.1887,3360,17810,3360.0,17810.0
BraTS-GLI-01424-000,85,0.1871,3312,17700,3312.0,17700.0
BraTS-GLI-01424-000,86,0.1863,3285,17636,3285.0,17636.0
BraTS-GLI-01424-000,87,0.1835,3215,17522,3215.0,17522.0
BraTS-GLI-01424-000,88,0.183,3174,17340,3174.0,17340.0
BraTS-GLI-01424-000,89,0.1799,3099,17225,3099.0,17225.0
BraTS-GLI-01424-000,90,0.1793,3069,17116,3069.0,17116.0
BraTS-GLI-01424-000,91,0.1794,3044,16967,3044.0,16967.0
BraTS-GLI-01424-000,92,0.1752,2952,16852,2952.0,16852.0
BraTS-GLI-01424-000,93,0.1709,2860,16731,2860.0,16731.0
BraTS-GLI-01424-000,94,0.1657,2754,16625,2754.0,16625.0
BraTS-GLI-01424-000,95,0.1614,2658,16467,2658.0,16467.0
BraTS-GLI-01424-000,96,0.1577,2575,16329,2575.0,16329.0
BraTS-GLI-01424-000,97,0.1548,2502,16164,2502.0,16164.0
BraTS-GLI-01424-000,98,0.1506,2413,16019,2413.0,16019.0
BraTS-GLI-01424-000,99,0.1438,2274,15817,2274.0,15817.0
BraTS-GLI-01424-000,100,0.1385,2166,15635,2166.0,15635.0
BraTS-GLI-01424-000,101,0.1333,2058,15443,2058.0,15443.0
BraTS-GLI-01424-000,102,0.1294,1974,15251,1974.0,15251.0
BraTS-GLI-01424-000,103,0.1203,1813,15066,1813.0,15066.0
BraTS-GLI-01424-000,104,0.1119,1665,14879,1665.0,14879.0
BraTS-GLI-01424-000,105,0.1029,1512,14689,1512.0,14689.0
BraTS-GLI-01424-000,106,0.0953,1378,14464,1378.0,14464.0
BraTS-GLI-01424-000,107,0.0857,1219,14224,1219.0,14224.0
BraTS-GLI-01424-000,108,0.0797,1113,13965,1113.0,13965.0
BraTS-GLI-01424-000,109,0.0736,1008,13690,1008.0,13690.0
BraTS-GLI-01424-000,110,0.067,899,13416,899.0,13416.0
BraTS-GLI-01424-000,111,0.0609,800,13134,800.0,13134.0
BraTS-GLI-01424-000,112,0.0491,631,12841,631.0,12841.0
BraTS-GLI-01424-000,113,0.041,514,12547,514.0,12547.0
BraTS-GLI-01424-000,114,0.033,404,12224,404.0,12224.0
BraTS-GLI-01424-000,115,0.0247,295,11922,295.0,11922.0
BraTS-GLI-00464-001,63,0.0007,14,19587,14.0,19587.0
BraTS-GLI-00464-001,64,0.0031,61,19562,61.0,19562.0
BraTS-GLI-00464-001,65,0.0104,203,19579,203.0,19579.0
BraTS-GLI-00464-001,66,0.0161,316,19602,316.0,19602.0
BraTS-GLI-00464-001,67,0.0199,390,19592,390.0,19592.0
BraTS-GLI-00464-001,68,0.0216,423,19578,423.0,19578.0
BraTS-GLI-00464-001,69,0.0233,457,19579,457.0,19579.0
BraTS-GLI-00464-001,70,0.0248,485,19567,485.0,19567.0
BraTS-GLI-00464-001,71,0.0254,496,19550,496.0,19550.0
BraTS-GLI-00464-001,72,0.0264,516,19532,516.0,19532.0
BraTS-GLI-00464-001,73,0.0268,523,19490,523.0,19490.0
BraTS-GLI-00464-001,74,0.0276,538,19463,538.0,19463.0
BraTS-GLI-00464-001,75,0.0283,550,19433,550.0,19433.0
BraTS-GLI-00464-001,76,0.0288,557,19369,557.0,19369.0
BraTS-GLI-00464-001,77,0.0286,552,19311,552.0,19311.0
BraTS-GLI-00464-001,78,0.0285,548,19221,548.0,19221.0
BraTS-GLI-00464-001,79,0.0278,532,19144,532.0,19144.0
BraTS-GLI-00464-001,80,0.0265,505,19057,505.0,19057.0
BraTS-GLI-00464-001,81,0.0254,483,18985,483.0,18985.0
BraTS-GLI-00464-001,82,0.0243,459,18914,459.0,18914.0
BraTS-GLI-00464-001,83,0.0229,430,18778,430.0,18778.0
BraTS-GLI-00464-001,84,0.0215,401,18681,401.0,18681.0
BraTS-GLI-00464-001,85,0.02,371,18538,371.0,18538.0
BraTS-GLI-00464-001,86,0.0172,318,18442,318.0,18442.0
BraTS-GLI-00464-001,87,0.0153,280,18342,280.0,18342.0
BraTS-GLI-00464-001,88,0.0113,205,18145,205.0,18145.0
BraTS-GLI-00464-001,89,0.0052,94,17935,94.0,17935.0
BraTS-GLI-00464-001,90,0.0007,12,17705,12.0,17705.0
BraTS-GLI-01097-000,63,0.0014,26,18281,26.0,18281.0
BraTS-GLI-01097-000,64,0.0037,69,18608,69.0,18608.0
BraTS-GLI-01097-000,65,0.007,132,18734,132.0,18734.0
BraTS-GLI-01097-000,66,0.0135,256,18896,256.0,18896.0
BraTS-GLI-01097-000,67,0.0182,346,19007,346.0,19007.0
BraTS-GLI-01097-000,68,0.0221,422,19086,422.0,19086.0
BraTS-GLI-01097-000,69,0.0267,511,19153,511.0,19153.0
BraTS-GLI-01097-000,70,0.0321,617,19204,617.0,19204.0
BraTS-GLI-01097-000,71,0.0404,778,19264,778.0,19264.0
BraTS-GLI-01097-000,72,0.0553,1067,19312,1067.0,19312.0
BraTS-GLI-01097-000,73,0.0686,1328,19352,1328.0,19352.0
BraTS-GLI-01097-000,74,0.0782,1516,19389,1516.0,19389.0
BraTS-GLI-01097-000,75,0.0865,1680,19412,1680.0,19412.0
BraTS-GLI-01097-000,76,0.0946,1838,19420,1838.0,19420.0
BraTS-GLI-01097-000,77,0.1029,1999,19423,1999.0,19423.0
BraTS-GLI-01097-000,78,0.1081,2097,19391,2097.0,19391.0
BraTS-GLI-01097-000,79,0.1123,2172,19341,2172.0,19341.0
BraTS-GLI-01097-000,80,0.1148,2215,19297,2215.0,19297.0
BraTS-GLI-01097-000,81,0.1172,2256,19254,2256.0,19254.0
BraTS-GLI-01097-000,82,0.1188,2281,19198,2281.0,19198.0
BraTS-GLI-01097-000,83,0.1203,2301,19132,2301.0,19132.0
BraTS-GLI-01097-000,84,0.1211,2308,19052,2308.0,19052.0
BraTS-GLI-01097-000,85,0.1213,2302,18976,2302.0,18976.0
BraTS-GLI-01097-000,86,0.1205,2277,18899,2277.0,18899.0
BraTS-GLI-01097-000,87,0.1196,2251,18816,2251.0,18816.0
BraTS-GLI-01097-000,88,0.1199,2244,18723,2244.0,18723.0
BraTS-GLI-01097-000,89,0.1209,2250,18611,2250.0,18611.0
BraTS-GLI-01097-000,90,0.1219,2251,18473,2251.0,18473.0
BraTS-GLI-01097-000,91,0.1229,2253,18327,2253.0,18327.0
BraTS-GLI-01097-000,92,0.1229,2236,18197,2236.0,18197.0
BraTS-GLI-01097-000,93,0.1237,2231,18041,2231.0,18041.0
BraTS-GLI-01097-000,94,0.1236,2211,17885,2211.0,17885.0
BraTS-GLI-01097-000,95,0.1222,2167,17726,2167.0,17726.0
BraTS-GLI-01097-000,96,0.1194,2085,17460,2085.0,17460.0
BraTS-GLI-01097-000,97,0.1114,1933,17353,1933.0,17353.0
BraTS-GLI-01097-000,98,0.1029,1764,17143,1764.0,17143.0
BraTS-GLI-01097-000,99,0.0926,1566,16919,1566.0,16919.0
BraTS-GLI-01097-000,100,0.0802,1339,16699,1339.0,16699.0
BraTS-GLI-01097-000,101,0.0641,1056,16463,1056.0,16463.0
BraTS-GLI-01097-000,102,0.0473,767,16229,767.0,16229.0
BraTS-GLI-01097-000,103,0.0401,641,15986,641.0,15986.0
BraTS-GLI-01097-000,104,0.0347,546,15745,546.0,15745.0
BraTS-GLI-01097-000,105,0.0292,453,15498,453.0,15498.0
BraTS-GLI-01097-000,106,0.025,381,15262,381.0,15262.0
BraTS-GLI-01097-000,107,0.0191,286,15000,286.0,15000.0
BraTS-GLI-01097-000,108,0.0122,180,14726,180.0,14726.0
BraTS-GLI-01097-000,109,0.0087,126,14452,126.0,14452.0
BraTS-GLI-01097-000,110,0.0054,77,14140,77.0,14140.0
BraTS-GLI-01097-000,111,0.0014,20,13865,20.0,13865.0
BraTS-GLI-01271-000,62,0.0036,43,11959,43.0,11959.0
BraTS-GLI-01271-000,63,0.0072,87,12128,87.0,12128.0
BraTS-GLI-01271-000,64,0.0186,228,12251,228.0,12251.0
BraTS-GLI-01271-000,65,0.0274,338,12340,338.0,12340.0
BraTS-GLI-01271-000,66,0.0315,392,12430,392.0,12430.0
BraTS-GLI-01271-000,67,0.0312,390,12488,390.0,12488.0
BraTS-GLI-01271-000,68,0.0303,381,12561,381.0,12561.0
BraTS-GLI-01271-000,69,0.03,378,12620,378.0,12620.0
BraTS-GLI-01271-000,70,0.0292,370,12671,370.0,12671.0
BraTS-GLI-01271-000,71,0.0255,326,12774,326.0,12774.0
BraTS-GLI-01271-000,72,0.0184,237,12880,237.0,12880.0
BraTS-GLI-01271-000,73,0.015,195,12970,195.0,12970.0
BraTS-GLI-01271-000,74,0.0125,163,13064,163.0,13064.0
BraTS-GLI-01271-000,75,0.0182,240,13152,240.0,13152.0
BraTS-GLI-01271-000,76,0.0131,174,13255,174.0,13255.0
BraTS-GLI-01271-000,77,0.0175,233,13336,233.0,13336.0
BraTS-GLI-01271-000,78,0.0242,324,13376,324.0,13376.0
BraTS-GLI-01271-000,79,0.0272,366,13437,366.0,13437.0
BraTS-GLI-01271-000,80,0.0324,438,13507,438.0,13507.0
BraTS-GLI-01271-000,81,0.0382,520,13595,520.0,13595.0
BraTS-GLI-01271-000,82,0.0436,595,13661,595.0,13661.0
BraTS-GLI-01271-000,83,0.0493,675,13691,675.0,13691.0
BraTS-GLI-01271-000,84,0.0532,731,13745,731.0,13745.0
BraTS-GLI-01271-000,85,0.0571,786,13763,786.0,13763.0
BraTS-GLI-01271-000,86,0.0622,858,13787,858.0,13787.0
BraTS-GLI-01271-000,87,0.0658,907,13789,907.0,13789.0
BraTS-GLI-01271-000,88,0.068,938,13792,938.0,13792.0
BraTS-GLI-01271-000,89,0.0712,981,13777,981.0,13777.0
BraTS-GLI-01271-000,90,0.0751,1033,13758,1033.0,13758.0
BraTS-GLI-01271-000,91,0.0775,1064,13721,1064.0,13721.0
BraTS-GLI-01271-000,92,0.0802,1096,13668,1096.0,13668.0
BraTS-GLI-01271-000,93,0.0821,1114,13575,1114.0,13575.0
BraTS-GLI-01271-000,94,0.0835,1125,13480,1125.0,13480.0
BraTS-GLI-01271-000,95,0.085,1140,13411,1140.0,13411.0
BraTS-GLI-01271-000,96,0.0898,1192,13268,1192.0,13268.0
BraTS-GLI-01271-000,97,0.0917,1202,13111,1202.0,13111.0
BraTS-GLI-01271-000,98,0.0937,1216,12971,1216.0,12971.0
BraTS-GLI-01271-000,99,0.0968,1240,12806,1240.0,12806.0
BraTS-GLI-01271-000,100,0.0977,1235,12646,1235.0,12646.0
BraTS-GLI-01271-000,101,0.0992,1234,12441,1234.0,12441.0
BraTS-GLI-01271-000,102,0.1015,1242,12239,1242.0,12239.0
BraTS-GLI-01271-000,103,0.1039,1247,11997,1247.0,11997.0
BraTS-GLI-01271-000,104,0.105,1234,11752,1234.0,11752.0
BraTS-GLI-01271-000,105,0.1056,1214,11495,1214.0,11495.0
BraTS-GLI-01271-000,106,0.1015,1141,11240,1141.0,11240.0
BraTS-GLI-01271-000,107,0.0982,1077,10971,1077.0,10971.0
BraTS-GLI-01271-000,108,0.0949,1013,10680,1013.0,10680.0
BraTS-GLI-01271-000,109,0.0919,953,10370,953.0,10370.0
BraTS-GLI-01271-000,110,0.0894,902,10085,902.0,10085.0
BraTS-GLI-01271-000,111,0.0962,942,9797,942.0,9797.0
BraTS-GLI-01271-000,112,0.0922,876,9506,876.0,9506.0
BraTS-GLI-01271-000,113,0.0904,830,9182,830.0,9182.0
BraTS-GLI-01271-000,114,0.0845,746,8830,746.0,8830.0
BraTS-GLI-01271-000,115,0.0743,629,8460,629.0,8460.0
BraTS-GLI-01257-000,48,0.0001,1,11265,1.0,11265.0
BraTS-GLI-01257-000,49,0.0003,4,11507,4.0,11507.0
BraTS-GLI-01257-000,50,0.0038,44,11707,44.0,11707.0
BraTS-GLI-01257-000,51,0.0074,88,11910,88.0,11910.0
BraTS-GLI-01257-000,52,0.0104,126,12166,126.0,12166.0
BraTS-GLI-01257-000,53,0.0131,163,12438,163.0,12438.0
BraTS-GLI-01257-000,54,0.0157,202,12888,202.0,12888.0
BraTS-GLI-01257-000,55,0.0218,294,13476,294.0,13476.0
BraTS-GLI-01257-000,56,0.0318,441,13879,441.0,13879.0
BraTS-GLI-01257-000,57,0.0415,587,14147,587.0,14147.0
BraTS-GLI-01257-000,58,0.0523,753,14395,753.0,14395.0
BraTS-GLI-01257-000,59,0.0589,858,14568,858.0,14568.0
BraTS-GLI-01257-000,60,0.0631,931,14757,931.0,14757.0
BraTS-GLI-01257-000,61,0.0668,998,14942,998.0,14942.0
BraTS-GLI-01257-000,62,0.0696,1053,15138,1053.0,15138.0
BraTS-GLI-01257-000,63,0.0709,1086,15307,1086.0,15307.0
BraTS-GLI-01257-000,64,0.0713,1108,15536,1108.0,15536.0
BraTS-GLI-01257-000,65,0.0713,1125,15772,1125.0,15772.0
BraTS-GLI-01257-000,66,0.074,1180,15948,1180.0,15948.0
BraTS-GLI-01257-000,67,0.0751,1212,16135,1212.0,16135.0
BraTS-GLI-01257-000,68,0.0777,1267,16313,1267.0,16313.0
BraTS-GLI-01257-000,69,0.0762,1252,16439,1252.0,16439.0
BraTS-GLI-01257-000,70,0.0721,1190,16512,1190.0,16512.0
BraTS-GLI-01257-000,71,0.0661,1097,16586,1097.0,16586.0
BraTS-GLI-01257-000,72,0.0618,1029,16647,1029.0,16647.0
BraTS-GLI-01257-000,73,0.0596,994,16683,994.0,16683.0
BraTS-GLI-01257-000,74,0.055,920,16726,920.0,16726.0
BraTS-GLI-01257-000,75,0.0489,818,16712,818.0,16712.0
BraTS-GLI-01257-000,76,0.0427,714,16721,714.0,16721.0
BraTS-GLI-01257-000,77,0.0404,675,16712,675.0,16712.0
BraTS-GLI-01257-000,78,0.0364,608,16699,608.0,16699.0
BraTS-GLI-01257-000,79,0.0343,571,16661,571.0,16661.0
BraTS-GLI-01257-000,80,0.0289,481,16627,481.0,16627.0
BraTS-GLI-01257-000,81,0.0215,357,16572,357.0,16572.0
BraTS-GLI-01257-000,82,0.0157,259,16545,259.0,16545.0
BraTS-GLI-01257-000,83,0.0109,180,16496,180.0,16496.0
BraTS-GLI-01257-000,84,0.0088,144,16438,144.0,16438.0
BraTS-GLI-01257-000,85,0.006,99,16379,99.0,16379.0
BraTS-GLI-01257-000,86,0.0024,40,16358,40.0,16358.0
BraTS-GLI-01257-000,87,0.0004,6,16312,6.0,16312.0
BraTS-GLI-01470-000,40,0.0654,682,10422,682.0,10422.0
BraTS-GLI-01470-000,41,0.069,745,10802,745.0,10802.0
BraTS-GLI-01470-000,42,0.0751,820,10912,820.0,10912.0
BraTS-GLI-01470-000,43,0.0778,874,11240,874.0,11240.0
BraTS-GLI-01470-000,44,0.0812,941,11586,941.0,11586.0
BraTS-GLI-01470-000,45,0.0831,994,11959,994.0,11959.0
BraTS-GLI-01470-000,46,0.0952,1152,12107,1152.0,12107.0
BraTS-GLI-01470-000,47,0.1046,1293,12359,1293.0,12359.0
BraTS-GLI-01470-000,48,0.1084,1355,12503,1355.0,12503.0
BraTS-GLI-01470-000,49,0.1194,1537,12871,1537.0,12871.0
BraTS-GLI-01470-000,50,0.1262,1690,13389,1690.0,13389.0
BraTS-GLI-01470-000,51,0.124,1725,13913,1725.0,13913.0
BraTS-GLI-01470-000,52,0.1217,1722,14149,1722.0,14149.0
BraTS-GLI-01470-000,53,0.1225,1765,14411,1765.0,14411.0
BraTS-GLI-01470-000,54,0.1214,1769,14568,1769.0,14568.0
BraTS-GLI-01470-000,55,0.1207,1798,14899,1798.0,14899.0
BraTS-GLI-01470-000,56,0.1226,1845,15047,1845.0,15047.0
BraTS-GLI-01470-000,57,0.128,1966,15364,1966.0,15364.0
BraTS-GLI-01470-000,58,0.1334,2071,15521,2071.0,15521.0
BraTS-GLI-01470-000,59,0.1403,2207,15727,2207.0,15727.0
BraTS-GLI-01470-000,60,0.1456,2309,15861,2309.0,15861.0
BraTS-GLI-01470-000,61,0.1491,2395,16068,2395.0,16068.0
BraTS-GLI-01470-000,62,0.1485,2404,16191,2404.0,16191.0
BraTS-GLI-01470-000,63,0.1429,2365,16554,2365.0,16554.0
BraTS-GLI-01470-000,64,0.1369,2294,16752,2294.0,16752.0
BraTS-GLI-01470-000,65,0.1285,2183,16982,2183.0,16982.0
BraTS-GLI-01470-000,66,0.1187,2028,17091,2028.0,17091.0
BraTS-GLI-01470-000,67,0.1127,1940,17212,1940.0,17212.0
BraTS-GLI-01470-000,68,0.1091,1884,17273,1884.0,17273.0
BraTS-GLI-01470-000,69,0.1065,1845,17318,1845.0,17318.0
BraTS-GLI-01470-000,70,0.1047,1817,17351,1817.0,17351.0
BraTS-GLI-01470-000,71,0.1039,1807,17400,1807.0,17400.0
BraTS-GLI-01470-000,72,0.1056,1840,17423,1840.0,17423.0
BraTS-GLI-01470-000,73,0.1068,1860,17423,1860.0,17423.0
BraTS-GLI-01470-000,74,0.1055,1835,17398,1835.0,17398.0
BraTS-GLI-01470-000,75,0.1037,1800,17352,1800.0,17352.0
BraTS-GLI-01470-000,76,0.0999,1728,17293,1728.0,17293.0
BraTS-GLI-01470-000,77,0.0945,1629,17233,1629.0,17233.0
BraTS-GLI-01470-000,78,0.0843,1448,17182,1448.0,17182.0
BraTS-GLI-01470-000,79,0.0745,1274,17100,1274.0,17100.0
BraTS-GLI-01470-000,80,0.0607,1033,17021,1033.0,17021.0
BraTS-GLI-01470-000,81,0.0451,764,16943,764.0,16943.0
BraTS-GLI-01470-000,82,0.0344,579,16849,579.0,16849.0
BraTS-GLI-01470-000,83,0.0247,413,16729,413.0,16729.0
BraTS-GLI-01470-000,84,0.0162,269,16605,269.0,16605.0
BraTS-GLI-01470-000,85,0.0099,163,16453,163.0,16453.0
BraTS-GLI-01470-000,86,0.0067,109,16326,109.0,16326.0
BraTS-GLI-01470-000,87,0.0044,71,16159,71.0,16159.0
BraTS-GLI-01470-000,88,0.002,32,16013,32.0,16013.0
BraTS-GLI-01470-000,89,0.0013,20,15874,20.0,15874.0
BraTS-GLI-01470-000,90,0.0005,8,15752,8.0,15752.0
BraTS-GLI-01258-000,47,0.0003,4,12482,4.0,12482.0
BraTS-GLI-01258-000,48,0.0015,19,12652,19.0,12652.0
BraTS-GLI-01258-000,49,0.0019,24,12872,24.0,12872.0
BraTS-GLI-01258-000,50,0.003,39,13200,39.0,13200.0
BraTS-GLI-01258-000,51,0.0048,65,13608,65.0,13608.0
BraTS-GLI-01258-000,52,0.0059,83,14014,83.0,14014.0
BraTS-GLI-01258-000,53,0.0077,111,14427,111.0,14427.0
BraTS-GLI-01258-000,54,0.0091,135,14810,135.0,14810.0
BraTS-GLI-01258-000,55,0.0103,155,15084,155.0,15084.0
BraTS-GLI-01258-000,56,0.0108,165,15292,165.0,15292.0
BraTS-GLI-01258-000,57,0.0103,159,15494,159.0,15494.0
BraTS-GLI-01258-000,58,0.0092,144,15708,144.0,15708.0
BraTS-GLI-01258-000,59,0.0082,131,15909,131.0,15909.0
BraTS-GLI-01258-000,60,0.0064,103,16057,103.0,16057.0
BraTS-GLI-01258-000,61,0.0042,68,16221,68.0,16221.0
BraTS-GLI-01258-000,62,0.0031,51,16407,51.0,16407.0
BraTS-GLI-01258-000,63,0.001,17,16631,17.0,16631.0
BraTS-GLI-01258-000,71,0.0017,31,17959,31.0,17959.0
BraTS-GLI-01258-000,72,0.0042,75,17993,75.0,17993.0
BraTS-GLI-01258-000,73,0.0089,161,18029,161.0,18029.0
BraTS-GLI-01258-000,74,0.0171,309,18047,309.0,18047.0
BraTS-GLI-01258-000,75,0.0246,444,18064,444.0,18064.0
BraTS-GLI-01258-000,76,0.0341,617,18072,617.0,18072.0
BraTS-GLI-01258-000,77,0.0438,791,18078,791.0,18078.0
BraTS-GLI-01258-000,78,0.0509,922,18106,922.0,18106.0
BraTS-GLI-01258-000,79,0.0594,1074,18073,1074.0,18073.0
BraTS-GLI-01258-000,80,0.0678,1223,18033,1223.0,18033.0
BraTS-GLI-01258-000,81,0.0716,1290,18014,1290.0,18014.0
BraTS-GLI-01258-000,82,0.075,1351,18012,1351.0,18012.0
BraTS-GLI-01258-000,83,0.0808,1452,17979,1452.0,17979.0
BraTS-GLI-01258-000,84,0.087,1561,17934,1561.0,17934.0
BraTS-GLI-01258-000,85,0.0903,1615,17891,1615.0,17891.0
BraTS-GLI-01258-000,86,0.0925,1651,17842,1651.0,17842.0
BraTS-GLI-01258-000,87,0.0949,1689,17789,1689.0,17789.0
BraTS-GLI-01258-000,88,0.0945,1676,17727,1676.0,17727.0
BraTS-GLI-01258-000,89,0.0933,1648,17654,1648.0,17654.0
BraTS-GLI-01258-000,90,0.0924,1621,17547,1621.0,17547.0
BraTS-GLI-01258-000,91,0.0906,1579,17428,1579.0,17428.0
BraTS-GLI-01258-000,92,0.0916,1586,17306,1586.0,17306.0
BraTS-GLI-01258-000,93,0.0925,1589,17175,1589.0,17175.0
BraTS-GLI-01258-000,94,0.0918,1564,17036,1564.0,17036.0
BraTS-GLI-01258-000,95,0.0914,1543,16880,1543.0,16880.0
BraTS-GLI-01258-000,96,0.0934,1560,16705,1560.0,16705.0
BraTS-GLI-01258-000,97,0.0917,1514,16514,1514.0,16514.0
BraTS-GLI-01258-000,98,0.0882,1440,16325,1440.0,16325.0
BraTS-GLI-01258-000,99,0.0865,1394,16115,1394.0,16115.0
BraTS-GLI-01258-000,100,0.0848,1346,15882,1346.0,15882.0
BraTS-GLI-01258-000,101,0.0847,1326,15656,1326.0,15656.0
BraTS-GLI-01258-000,102,0.084,1295,15420,1295.0,15420.0
BraTS-GLI-01258-000,103,0.0827,1254,15166,1254.0,15166.0
BraTS-GLI-01258-000,104,0.0822,1226,14907,1226.0,14907.0
BraTS-GLI-01258-000,105,0.0782,1146,14651,1146.0,14651.0
BraTS-GLI-01258-000,106,0.0742,1068,14393,1068.0,14393.0
BraTS-GLI-01258-000,107,0.0721,1018,14129,1018.0,14129.0
BraTS-GLI-01258-000,108,0.0718,993,13839,993.0,13839.0
BraTS-GLI-01258-000,109,0.0731,990,13535,990.0,13535.0
BraTS-GLI-01258-000,110,0.0723,956,13220,956.0,13220.0
BraTS-GLI-01258-000,111,0.065,841,12933,841.0,12933.0
BraTS-GLI-01258-000,112,0.0602,760,12635,760.0,12635.0
BraTS-GLI-01258-000,113,0.0597,735,12308,735.0,12308.0
BraTS-GLI-01258-000,114,0.0618,739,11957,739.0,11957.0
BraTS-GLI-01258-000,115,0.0613,711,11608,711.0,11608.0
BraTS-GLI-01314-000,70,0.0001,1,16505,1.0,16505.0
BraTS-GLI-01314-000,71,0.0003,5,16567,5.0,16567.0
BraTS-GLI-01314-000,72,0.001,16,16622,16.0,16622.0
BraTS-GLI-01314-000,73,0.002,34,16663,34.0,16663.0
BraTS-GLI-01314-000,74,0.0077,129,16701,129.0,16701.0
BraTS-GLI-01314-000,75,0.0167,280,16718,280.0,16718.0
BraTS-GLI-01314-000,76,0.024,401,16735,401.0,16735.0
BraTS-GLI-01314-000,77,0.0296,495,16699,495.0,16699.0
BraTS-GLI-01314-000,78,0.035,584,16664,584.0,16664.0
BraTS-GLI-01314-000,79,0.0422,702,16639,702.0,16639.0
BraTS-GLI-01314-000,80,0.0485,806,16603,806.0,16603.0
BraTS-GLI-01314-000,81,0.0605,1002,16568,1002.0,16568.0
BraTS-GLI-01314-000,82,0.0675,1115,16526,1115.0,16526.0
BraTS-GLI-01314-000,83,0.0724,1194,16502,1194.0,16502.0
BraTS-GLI-01314-000,84,0.0739,1218,16477,1218.0,16477.0
BraTS-GLI-01314-000,85,0.0774,1270,16410,1270.0,16410.0
BraTS-GLI-01314-000,86,0.082,1340,16332,1340.0,16332.0
BraTS-GLI-01314-000,87,0.0856,1392,16271,1392.0,16271.0
BraTS-GLI-01314-000,88,0.0878,1422,16196,1422.0,16196.0
BraTS-GLI-01314-000,89,0.0878,1414,16107,1414.0,16107.0
BraTS-GLI-01314-000,90,0.0892,1427,16004,1427.0,16004.0
BraTS-GLI-01314-000,91,0.0915,1456,15908,1456.0,15908.0
BraTS-GLI-01314-000,92,0.0946,1494,15796,1494.0,15796.0
BraTS-GLI-01314-000,93,0.0955,1501,15714,1501.0,15714.0
BraTS-GLI-01314-000,94,0.0966,1506,15593,1506.0,15593.0
BraTS-GLI-01314-000,95,0.0976,1504,15410,1504.0,15410.0
BraTS-GLI-01314-000,96,0.0973,1484,15247,1484.0,15247.0
BraTS-GLI-01314-000,97,0.0983,1480,15049,1480.0,15049.0
BraTS-GLI-01314-000,98,0.1015,1510,14874,1510.0,14874.0
BraTS-GLI-01314-000,99,0.1027,1508,14682,1508.0,14682.0
BraTS-GLI-01314-000,100,0.1039,1503,14471,1503.0,14471.0
BraTS-GLI-01314-000,101,0.1066,1516,14228,1516.0,14228.0
BraTS-GLI-01314-000,102,0.1087,1522,13999,1522.0,13999.0
BraTS-GLI-01314-000,103,0.111,1535,13826,1535.0,13826.0
BraTS-GLI-01314-000,104,0.1115,1519,13624,1519.0,13624.0
BraTS-GLI-01314-000,105,0.1133,1515,13371,1515.0,13371.0
BraTS-GLI-01314-000,106,0.1143,1498,13102,1498.0,13102.0
BraTS-GLI-01314-000,107,0.1167,1499,12842,1499.0,12842.0
BraTS-GLI-01314-000,108,0.1189,1491,12539,1491.0,12539.0
BraTS-GLI-01314-000,109,0.1227,1505,12264,1505.0,12264.0
BraTS-GLI-01314-000,110,0.1254,1508,12027,1508.0,12027.0
BraTS-GLI-01314-000,111,0.1305,1522,11666,1522.0,11666.0
BraTS-GLI-01314-000,112,0.1337,1510,11293,1510.0,11293.0
BraTS-GLI-01314-000,113,0.1348,1487,11033,1487.0,11033.0
BraTS-GLI-01314-000,114,0.1361,1462,10740,1462.0,10740.0
BraTS-GLI-01314-000,115,0.1372,1430,10426,1430.0,10426.0
BraTS-GLI-00284-000,70,0.0019,33,17259,33.0,17259.0
BraTS-GLI-00284-000,71,0.0035,61,17316,61.0,17316.0
BraTS-GLI-00284-000,72,0.0042,73,17356,73.0,17356.0
BraTS-GLI-00284-000,73,0.0049,85,17384,85.0,17384.0
BraTS-GLI-00284-000,74,0.0069,120,17404,120.0,17404.0
BraTS-GLI-00284-000,75,0.011,191,17429,191.0,17429.0
BraTS-GLI-00284-000,76,0.0134,234,17444,234.0,17444.0
BraTS-GLI-00284-000,77,0.0167,291,17435,291.0,17435.0
BraTS-GLI-00284-000,78,0.0198,345,17424,345.0,17424.0
BraTS-GLI-00284-000,79,0.022,382,17382,382.0,17382.0
BraTS-GLI-00284-000,80,0.0243,421,17347,421.0,17347.0
BraTS-GLI-00284-000,81,0.0256,443,17324,443.0,17324.0
BraTS-GLI-00284-000,82,0.027,468,17307,468.0,17307.0
BraTS-GLI-00284-000,83,0.0272,469,17265,469.0,17265.0
BraTS-GLI-00284-000,84,0.0272,469,17212,469.0,17212.0
BraTS-GLI-00284-000,85,0.0252,432,17149,432.0,17149.0
BraTS-GLI-00284-000,86,0.0245,418,17091,418.0,17091.0
BraTS-GLI-00284-000,87,0.0226,384,17007,384.0,17007.0
BraTS-GLI-00284-000,88,0.0283,478,16901,478.0,16901.0
BraTS-GLI-00284-000,89,0.0304,511,16804,511.0,16804.0
BraTS-GLI-00284-000,90,0.0331,552,16686,552.0,16686.0
BraTS-GLI-00284-000,91,0.0333,551,16562,551.0,16562.0
BraTS-GLI-00284-000,92,0.0345,567,16444,567.0,16444.0
BraTS-GLI-00284-000,93,0.0344,561,16328,561.0,16328.0
BraTS-GLI-00284-000,94,0.0323,522,16168,522.0,16168.0
BraTS-GLI-00284-000,95,0.0311,497,16006,497.0,16006.0
BraTS-GLI-00284-000,96,0.031,490,15828,490.0,15828.0
BraTS-GLI-00284-000,97,0.0316,496,15674,496.0,15674.0
BraTS-GLI-00284-000,98,0.0288,448,15545,448.0,15545.0
BraTS-GLI-00284-000,99,0.0254,391,15366,391.0,15366.0
BraTS-GLI-00284-000,100,0.0232,352,15191,352.0,15191.0
BraTS-GLI-00284-000,101,0.0211,317,15006,317.0,15006.0
BraTS-GLI-00284-000,102,0.021,310,14784,310.0,14784.0
BraTS-GLI-00284-000,103,0.0205,298,14549,298.0,14549.0
BraTS-GLI-00284-000,104,0.0182,261,14307,261.0,14307.0
BraTS-GLI-00284-000,105,0.0147,206,14055,206.0,14055.0
BraTS-GLI-00284-000,106,0.0131,181,13809,181.0,13809.0
BraTS-GLI-00284-000,107,0.0119,161,13550,161.0,13550.0
BraTS-GLI-00284-000,108,0.0105,140,13278,140.0,13278.0
BraTS-GLI-00284-000,109,0.011,143,13002,143.0,13002.0
BraTS-GLI-00284-000,110,0.0119,151,12709,151.0,12709.0
BraTS-GLI-00284-000,111,0.0151,187,12409,187.0,12409.0
BraTS-GLI-00284-000,112,0.0218,263,12081,263.0,12081.0
BraTS-GLI-00284-000,113,0.0254,299,11776,299.0,11776.0
BraTS-GLI-00284-000,114,0.0281,323,11489,323.0,11489.0
BraTS-GLI-00284-000,115,0.0302,338,11176,338.0,11176.0
BraTS-GLI-00347-000,40,0.0722,829,11488,829.0,11488.0
BraTS-GLI-00347-000,41,0.0828,975,11770,975.0,11770.0
BraTS-GLI-00347-000,42,0.0905,1087,12016,1087.0,12016.0
BraTS-GLI-00347-000,43,0.0995,1215,12209,1215.0,12209.0
BraTS-GLI-00347-000,44,0.1098,1362,12401,1362.0,12401.0
BraTS-GLI-00347-000,45,0.1152,1449,12576,1449.0,12576.0
BraTS-GLI-00347-000,46,0.1159,1478,12749,1478.0,12749.0
BraTS-GLI-00347-000,47,0.1181,1525,12917,1525.0,12917.0
BraTS-GLI-00347-000,48,0.1178,1559,13238,1559.0,13238.0
BraTS-GLI-00347-000,49,0.1149,1591,13842,1591.0,13842.0
BraTS-GLI-00347-000,50,0.1152,1628,14127,1628.0,14127.0
BraTS-GLI-00347-000,51,0.1147,1650,14389,1650.0,14389.0
BraTS-GLI-00347-000,52,0.1144,1675,14646,1675.0,14646.0
BraTS-GLI-00347-000,53,0.1134,1693,14936,1693.0,14936.0
BraTS-GLI-00347-000,54,0.1115,1705,15288,1705.0,15288.0
BraTS-GLI-00347-000,55,0.1116,1732,15526,1732.0,15526.0
BraTS-GLI-00347-000,56,0.1125,1766,15702,1766.0,15702.0
BraTS-GLI-00347-000,57,0.1134,1797,15843,1797.0,15843.0
BraTS-GLI-00347-000,58,0.1161,1855,15983,1855.0,15983.0
BraTS-GLI-00347-000,59,0.1187,1915,16132,1915.0,16132.0
BraTS-GLI-00347-000,60,0.1198,1955,16320,1955.0,16320.0
BraTS-GLI-00347-000,61,0.1206,1990,16502,1990.0,16502.0
BraTS-GLI-00347-000,62,0.1203,2009,16704,2009.0,16704.0
BraTS-GLI-00347-000,63,0.1206,2033,16860,2033.0,16860.0
BraTS-GLI-00347-000,64,0.1219,2074,17016,2074.0,17016.0
BraTS-GLI-00347-000,65,0.123,2112,17167,2112.0,17167.0
BraTS-GLI-00347-000,66,0.1237,2141,17311,2141.0,17311.0
BraTS-GLI-00347-000,67,0.1242,2168,17454,2168.0,17454.0
BraTS-GLI-00347-000,68,0.1224,2152,17576,2152.0,17576.0
BraTS-GLI-00347-000,69,0.1189,2103,17683,2103.0,17683.0
BraTS-GLI-00347-000,70,0.1101,1953,17744,1953.0,17744.0
BraTS-GLI-00347-000,71,0.1038,1849,17813,1849.0,17813.0
BraTS-GLI-00347-000,72,0.0986,1761,17863,1761.0,17863.0
BraTS-GLI-00347-000,73,0.0967,1730,17892,1730.0,17892.0
BraTS-GLI-00347-000,74,0.0967,1734,17927,1734.0,17927.0
BraTS-GLI-00347-000,75,0.0983,1763,17926,1763.0,17926.0
BraTS-GLI-00347-000,76,0.097,1740,17945,1740.0,17945.0
BraTS-GLI-00347-000,77,0.0952,1709,17953,1709.0,17953.0
BraTS-GLI-00347-000,78,0.0926,1662,17944,1662.0,17944.0
BraTS-GLI-00347-000,79,0.0911,1636,17956,1636.0,17956.0
BraTS-GLI-00347-000,80,0.0894,1605,17952,1605.0,17952.0
BraTS-GLI-00347-000,81,0.0856,1536,17945,1536.0,17945.0
BraTS-GLI-00347-000,82,0.0825,1480,17945,1480.0,17945.0
BraTS-GLI-00347-000,83,0.0777,1393,17937,1393.0,17937.0
BraTS-GLI-00347-000,84,0.0735,1316,17911,1316.0,17911.0
BraTS-GLI-00347-000,85,0.0677,1210,17884,1210.0,17884.0
BraTS-GLI-00347-000,86,0.0579,1033,17830,1033.0,17830.0
BraTS-GLI-00347-000,87,0.0495,880,17780,880.0,17780.0
BraTS-GLI-00347-000,88,0.0461,816,17702,816.0,17702.0
BraTS-GLI-00347-000,89,0.0414,729,17623,729.0,17623.0
BraTS-GLI-00347-000,90,0.0361,634,17541,634.0,17541.0
BraTS-GLI-00347-000,91,0.0312,545,17445,545.0,17445.0
BraTS-GLI-00347-000,92,0.0283,490,17324,490.0,17324.0
BraTS-GLI-00347-000,93,0.0251,432,17202,432.0,17202.0
BraTS-GLI-00347-000,94,0.0216,368,17071,368.0,17071.0
BraTS-GLI-00347-000,95,0.0178,301,16919,301.0,16919.0
BraTS-GLI-00347-000,96,0.0126,212,16762,212.0,16762.0
BraTS-GLI-00347-000,97,0.0089,148,16604,148.0,16604.0
BraTS-GLI-00347-000,98,0.0049,81,16438,81.0,16438.0
BraTS-GLI-00347-000,99,0.0023,38,16237,38.0,16237.0
BraTS-GLI-00212-000,58,0.001,17,16219,17.0,16219.0
BraTS-GLI-00212-000,59,0.0018,30,16402,30.0,16402.0
BraTS-GLI-00212-000,60,0.0023,38,16568,38.0,16568.0
BraTS-GLI-00212-000,61,0.0035,58,16779,58.0,16779.0
BraTS-GLI-00212-000,62,0.0042,71,17004,71.0,17004.0
BraTS-GLI-00212-000,63,0.0063,108,17200,108.0,17200.0
BraTS-GLI-00212-000,64,0.0092,160,17397,160.0,17397.0
BraTS-GLI-00212-000,65,0.0108,191,17612,191.0,17612.0
BraTS-GLI-00212-000,66,0.0125,222,17827,222.0,17827.0
BraTS-GLI-00212-000,67,0.015,269,17990,269.0,17990.0
BraTS-GLI-00212-000,68,0.0171,311,18146,311.0,18146.0
BraTS-GLI-00212-000,69,0.0186,340,18234,340.0,18234.0
BraTS-GLI-00212-000,70,0.0213,390,18280,390.0,18280.0
BraTS-GLI-00212-000,71,0.0239,438,18325,438.0,18325.0
BraTS-GLI-00212-000,72,0.0274,504,18366,504.0,18366.0
BraTS-GLI-00212-000,73,0.0302,555,18405,555.0,18405.0
BraTS-GLI-00212-000,74,0.0331,609,18415,609.0,18415.0
BraTS-GLI-00212-000,75,0.0364,672,18444,672.0,18444.0
BraTS-GLI-00212-000,76,0.0362,667,18444,667.0,18444.0
BraTS-GLI-00212-000,77,0.0379,698,18394,698.0,18394.0
BraTS-GLI-00212-000,78,0.0395,726,18364,726.0,18364.0
BraTS-GLI-00212-000,79,0.0402,738,18342,738.0,18342.0
BraTS-GLI-00212-000,80,0.0418,766,18305,766.0,18305.0
BraTS-GLI-00212-000,81,0.045,822,18262,822.0,18262.0
BraTS-GLI-00212-000,82,0.0541,985,18221,985.0,18221.0
BraTS-GLI-00212-000,83,0.061,1110,18185,1110.0,18185.0
BraTS-GLI-00212-000,84,0.0666,1210,18164,1210.0,18164.0
BraTS-GLI-00212-000,85,0.071,1288,18138,1288.0,18138.0
BraTS-GLI-00212-000,86,0.0743,1340,18037,1340.0,18037.0
BraTS-GLI-00212-000,87,0.0774,1390,17948,1390.0,17948.0
BraTS-GLI-00212-000,88,0.0829,1479,17834,1479.0,17834.0
BraTS-GLI-00212-000,89,0.0903,1598,17703,1598.0,17703.0
BraTS-GLI-00212-000,90,0.1004,1767,17597,1767.0,17597.0
BraTS-GLI-00212-000,91,0.1074,1875,17464,1875.0,17464.0
BraTS-GLI-00212-000,92,0.1166,2022,17337,2022.0,17337.0
BraTS-GLI-00212-000,93,0.1268,2179,17182,2179.0,17182.0
BraTS-GLI-00212-000,94,0.132,2248,17026,2248.0,17026.0
BraTS-GLI-00212-000,95,0.1309,2209,16874,2209.0,16874.0
BraTS-GLI-00212-000,96,0.1673,2788,16669,2788.0,16669.0
BraTS-GLI-00212-000,97,0.1538,2533,16472,2533.0,16472.0
BraTS-GLI-00212-000,98,0.1524,2479,16264,2479.0,16264.0
BraTS-GLI-00212-000,99,0.1572,2523,16051,2523.0,16051.0
BraTS-GLI-00212-000,100,0.1412,2230,15797,2230.0,15797.0
BraTS-GLI-00212-000,101,0.163,2535,15548,2535.0,15548.0
BraTS-GLI-00212-000,102,0.1515,2321,15318,2321.0,15318.0
BraTS-GLI-00212-000,103,0.161,2424,15057,2424.0,15057.0
BraTS-GLI-00212-000,104,0.1414,2090,14776,2090.0,14776.0
BraTS-GLI-00212-000,105,0.1454,2105,14473,2105.0,14473.0
BraTS-GLI-00212-000,106,0.1286,1825,14190,1825.0,14190.0
BraTS-GLI-00212-000,107,0.1113,1546,13892,1546.0,13892.0
BraTS-GLI-00212-000,108,0.0989,1345,13597,1345.0,13597.0
BraTS-GLI-00212-000,109,0.0866,1151,13284,1151.0,13284.0
BraTS-GLI-00212-000,110,0.0846,1096,12952,1096.0,12952.0
BraTS-GLI-00212-000,111,0.0747,943,12626,943.0,12626.0
BraTS-GLI-00212-000,112,0.0774,950,12267,950.0,12267.0
BraTS-GLI-00212-000,113,0.0802,955,11901,955.0,11901.0
BraTS-GLI-00212-000,114,0.0781,904,11568,904.0,11568.0
BraTS-GLI-00212-000,115,0.0788,885,11238,885.0,11238.0
BraTS-GLI-01187-000,65,0.0018,25,13968,25.0,13968.0
BraTS-GLI-01187-000,66,0.0035,49,14090,49.0,14090.0
BraTS-GLI-01187-000,67,0.0054,77,14285,77.0,14285.0
BraTS-GLI-01187-000,68,0.0104,151,14478,151.0,14478.0
BraTS-GLI-01187-000,69,0.0126,184,14636,184.0,14636.0
BraTS-GLI-01187-000,70,0.0141,208,14769,208.0,14769.0
BraTS-GLI-01187-000,71,0.0152,226,14866,226.0,14866.0
BraTS-GLI-01187-000,72,0.0169,252,14945,252.0,14945.0
BraTS-GLI-01187-000,73,0.0192,288,14993,288.0,14993.0
BraTS-GLI-01187-000,74,0.0214,323,15074,323.0,15074.0
BraTS-GLI-01187-000,75,0.0245,370,15129,370.0,15129.0
BraTS-GLI-01187-000,76,0.0299,453,15156,453.0,15156.0
BraTS-GLI-01187-000,77,0.0348,527,15154,527.0,15154.0
BraTS-GLI-01187-000,78,0.0383,580,15134,580.0,15134.0
BraTS-GLI-01187-000,79,0.0412,623,15115,623.0,15115.0
BraTS-GLI-01187-000,80,0.0415,626,15097,626.0,15097.0
BraTS-GLI-01187-000,81,0.0416,627,15083,627.0,15083.0
BraTS-GLI-01187-000,82,0.0463,697,15062,697.0,15062.0
BraTS-GLI-01187-000,83,0.0497,747,15025,747.0,15025.0
BraTS-GLI-01187-000,84,0.0514,770,14981,770.0,14981.0
BraTS-GLI-01187-000,85,0.0532,795,14939,795.0,14939.0
BraTS-GLI-01187-000,86,0.0555,828,14913,828.0,14913.0
BraTS-GLI-01187-000,87,0.0621,923,14875,923.0,14875.0
BraTS-GLI-01187-000,88,0.0681,1009,14809,1009.0,14809.0
BraTS-GLI-01187-000,89,0.0713,1052,14754,1052.0,14754.0
BraTS-GLI-01187-000,90,0.0754,1108,14687,1108.0,14687.0
BraTS-GLI-01187-000,91,0.0778,1137,14614,1137.0,14614.0
BraTS-GLI-01187-000,92,0.0786,1145,14567,1145.0,14567.0
BraTS-GLI-01187-000,93,0.0793,1150,14497,1150.0,14497.0
BraTS-GLI-01187-000,94,0.0809,1165,14404,1165.0,14404.0
BraTS-GLI-01187-000,95,0.0827,1180,14269,1180.0,14269.0
BraTS-GLI-01187-000,96,0.082,1164,14187,1164.0,14187.0
BraTS-GLI-01187-000,97,0.0826,1163,14078,1163.0,14078.0
BraTS-GLI-01187-000,98,0.0824,1150,13955,1150.0,13955.0
BraTS-GLI-01187-000,99,0.0839,1158,13802,1158.0,13802.0
BraTS-GLI-01187-000,100,0.0853,1167,13677,1167.0,13677.0
BraTS-GLI-01187-000,101,0.0861,1162,13498,1162.0,13498.0
BraTS-GLI-01187-000,102,0.0862,1146,13289,1146.0,13289.0
BraTS-GLI-01187-000,103,0.0866,1139,13156,1139.0,13156.0
BraTS-GLI-01187-000,104,0.0856,1113,13002,1113.0,13002.0
BraTS-GLI-01187-000,105,0.084,1076,12802,1076.0,12802.0
BraTS-GLI-01187-000,106,0.0817,1029,12588,1029.0,12588.0
BraTS-GLI-01187-000,107,0.0782,968,12371,968.0,12371.0
BraTS-GLI-01187-000,108,0.0739,897,12138,897.0,12138.0
BraTS-GLI-01187-000,109,0.072,859,11924,859.0,11924.0
BraTS-GLI-01187-000,110,0.0698,814,11654,814.0,11654.0
BraTS-GLI-01187-000,111,0.068,773,11366,773.0,11366.0
BraTS-GLI-01187-000,112,0.065,717,11032,717.0,11032.0
BraTS-GLI-01187-000,113,0.0612,662,10821,662.0,10821.0
BraTS-GLI-01187-000,114,0.0565,596,10556,596.0,10556.0
BraTS-GLI-01187-000,115,0.0515,525,10192,525.0,10192.0
BraTS-GLI-00589-000,82,0.0048,67,14059,67.0,14059.0
BraTS-GLI-00589-000,83,0.0133,190,14237,190.0,14237.0
BraTS-GLI-00589-000,84,0.0193,279,14436,279.0,14436.0
BraTS-GLI-00589-000,85,0.0235,346,14696,346.0,14696.0
BraTS-GLI-00589-000,86,0.0271,404,14897,404.0,14897.0
BraTS-GLI-00589-000,87,0.0389,587,15100,587.0,15100.0
BraTS-GLI-00589-000,88,0.0461,705,15298,705.0,15298.0
BraTS-GLI-00589-000,89,0.0633,977,15436,977.0,15436.0
BraTS-GLI-00589-000,90,0.0783,1226,15667,1226.0,15667.0
BraTS-GLI-00589-000,91,0.094,1485,15802,1485.0,15802.0
BraTS-GLI-00589-000,92,0.1144,1821,15914,1821.0,15914.0
BraTS-GLI-00589-000,93,0.1379,2202,15970,2202.0,15970.0
BraTS-GLI-00589-000,94,0.1507,2415,16025,2415.0,16025.0
BraTS-GLI-00589-000,95,0.1608,2583,16061,2583.0,16061.0
BraTS-GLI-00589-000,96,0.1772,2851,16088,2851.0,16088.0
BraTS-GLI-00589-000,97,0.1946,3126,16064,3126.0,16064.0
BraTS-GLI-00589-000,98,0.2041,3276,16049,3276.0,16049.0
BraTS-GLI-00589-000,99,0.2074,3325,16029,3325.0,16029.0
BraTS-GLI-00589-000,100,0.2079,3322,15982,3322.0,15982.0
BraTS-GLI-00589-000,101,0.2085,3315,15897,3315.0,15897.0
BraTS-GLI-00589-000,102,0.2108,3331,15800,3331.0,15800.0
BraTS-GLI-00589-000,103,0.2119,3331,15720,3331.0,15720.0
BraTS-GLI-00589-000,104,0.2122,3305,15574,3305.0,15574.0
BraTS-GLI-00589-000,105,0.2135,3290,15407,3290.0,15407.0
BraTS-GLI-00589-000,106,0.2101,3207,15262,3207.0,15262.0
BraTS-GLI-00589-000,107,0.2099,3157,15042,3157.0,15042.0
BraTS-GLI-00589-000,108,0.2106,3130,14864,3130.0,14864.0
BraTS-GLI-00589-000,109,0.2107,3091,14671,3091.0,14671.0
BraTS-GLI-00589-000,110,0.2116,3044,14384,3044.0,14384.0
BraTS-GLI-00589-000,111,0.2081,2936,14109,2936.0,14109.0
BraTS-GLI-00589-000,112,0.2088,2891,13843,2891.0,13843.0
BraTS-GLI-00589-000,113,0.2068,2801,13545,2801.0,13545.0
BraTS-GLI-00589-000,114,0.203,2696,13283,2696.0,13283.0
BraTS-GLI-00589-000,115,0.2016,2604,12915,2604.0,12915.0
BraTS-GLI-01254-000,44,0.0001,1,10753,1.0,10753.0
BraTS-GLI-01254-000,45,0.001,11,10999,11.0,10999.0
BraTS-GLI-01254-000,46,0.0022,25,11216,25.0,11216.0
BraTS-GLI-01254-000,47,0.0035,40,11424,40.0,11424.0
BraTS-GLI-01254-000,48,0.0105,122,11604,122.0,11604.0
BraTS-GLI-01254-000,49,0.0211,248,11762,248.0,11762.0
BraTS-GLI-01254-000,50,0.0286,341,11907,341.0,11907.0
BraTS-GLI-01254-000,51,0.0343,413,12030,413.0,12030.0
BraTS-GLI-01254-000,52,0.0415,505,12163,505.0,12163.0
BraTS-GLI-01254-000,53,0.0472,579,12256,579.0,12256.0
BraTS-GLI-01254-000,54,0.0538,665,12361,665.0,12361.0
BraTS-GLI-01254-000,55,0.0603,754,12501,754.0,12501.0
BraTS-GLI-01254-000,56,0.065,830,12773,830.0,12773.0
BraTS-GLI-01254-000,57,0.0661,878,13278,878.0,13278.0
BraTS-GLI-01254-000,58,0.0774,1045,13503,1045.0,13503.0
BraTS-GLI-01254-000,59,0.0807,1105,13692,1105.0,13692.0
BraTS-GLI-01254-000,60,0.0856,1182,13812,1182.0,13812.0
BraTS-GLI-01254-000,61,0.0912,1269,13920,1269.0,13920.0
BraTS-GLI-01254-000,62,0.098,1373,14012,1373.0,14012.0
BraTS-GLI-01254-000,63,0.107,1509,14101,1509.0,14101.0
BraTS-GLI-01254-000,64,0.1144,1622,14178,1622.0,14178.0
BraTS-GLI-01254-000,65,0.1202,1712,14239,1712.0,14239.0
BraTS-GLI-01254-000,66,0.1267,1816,14335,1816.0,14335.0
BraTS-GLI-01254-000,67,0.1322,1913,14469,1913.0,14469.0
BraTS-GLI-01254-000,68,0.1374,2007,14607,2007.0,14607.0
BraTS-GLI-01254-000,69,0.1427,2105,14756,2105.0,14756.0
BraTS-GLI-01254-000,70,0.1488,2215,14885,2215.0,14885.0
BraTS-GLI-01254-000,71,0.1534,2304,15022,2304.0,15022.0
BraTS-GLI-01254-000,72,0.1586,2399,15125,2399.0,15125.0
BraTS-GLI-01254-000,73,0.1604,2443,15233,2443.0,15233.0
BraTS-GLI-01254-000,74,0.1586,2431,15327,2431.0,15327.0
BraTS-GLI-01254-000,75,0.1523,2352,15442,2352.0,15442.0
BraTS-GLI-01254-000,76,0.1488,2313,15545,2313.0,15545.0
BraTS-GLI-01254-000,77,0.1448,2266,15653,2266.0,15653.0
BraTS-GLI-01254-000,78,0.1406,2212,15728,2212.0,15728.0
BraTS-GLI-01254-000,79,0.1336,2108,15781,2108.0,15781.0
BraTS-GLI-01254-000,80,0.1314,2077,15802,2077.0,15802.0
BraTS-GLI-01254-000,81,0.1289,2039,15823,2039.0,15823.0
BraTS-GLI-01254-000,82,0.1237,1958,15828,1958.0,15828.0
BraTS-GLI-01254-000,83,0.1224,1934,15799,1934.0,15799.0
BraTS-GLI-01254-000,84,0.1168,1844,15783,1844.0,15783.0
BraTS-GLI-01254-000,85,0.113,1778,15740,1778.0,15740.0
BraTS-GLI-01254-000,86,0.1099,1726,15704,1726.0,15704.0
BraTS-GLI-01254-000,87,0.1039,1627,15665,1627.0,15665.0
BraTS-GLI-01254-000,88,0.1023,1599,15624,1599.0,15624.0
BraTS-GLI-01254-000,89,0.1015,1580,15566,1580.0,15566.0
BraTS-GLI-01254-000,90,0.1005,1557,15489,1557.0,15489.0
BraTS-GLI-01254-000,91,0.0981,1511,15408,1511.0,15408.0
BraTS-GLI-01254-000,92,0.0953,1461,15330,1461.0,15330.0
BraTS-GLI-01254-000,93,0.0888,1352,15220,1352.0,15220.0
BraTS-GLI-01254-000,94,0.0809,1222,15101,1222.0,15101.0
BraTS-GLI-01254-000,95,0.0707,1059,14977,1059.0,14977.0
BraTS-GLI-01254-000,96,0.0626,928,14836,928.0,14836.0
BraTS-GLI-01254-000,97,0.0557,819,14705,819.0,14705.0
BraTS-GLI-01254-000,98,0.0498,725,14550,725.0,14550.0
BraTS-GLI-01254-000,99,0.0433,623,14402,623.0,14402.0
BraTS-GLI-01254-000,100,0.0388,552,14220,552.0,14220.0
BraTS-GLI-01254-000,101,0.0342,480,14015,480.0,14015.0
BraTS-GLI-01254-000,102,0.0323,447,13844,447.0,13844.0
BraTS-GLI-01254-000,103,0.0287,392,13655,392.0,13655.0
BraTS-GLI-01254-000,104,0.0228,306,13447,306.0,13447.0
BraTS-GLI-01254-000,105,0.0193,255,13242,255.0,13242.0
BraTS-GLI-01254-000,106,0.0149,194,13028,194.0,13028.0
BraTS-GLI-01254-000,107,0.0124,159,12784,159.0,12784.0
BraTS-GLI-01254-000,108,0.0082,103,12546,103.0,12546.0
BraTS-GLI-01254-000,109,0.0055,67,12274,67.0,12274.0
BraTS-GLI-01254-000,110,0.003,36,11979,36.0,11979.0
BraTS-GLI-01254-000,111,0.0007,8,11691,8.0,11691.0
BraTS-GLI-00090-001,40,0.0536,641,11961,641.0,11961.0
BraTS-GLI-00090-001,41,0.0621,757,12186,757.0,12186.0
BraTS-GLI-00090-001,42,0.0715,885,12383,885.0,12383.0
BraTS-GLI-00090-001,43,0.0819,1035,12632,1035.0,12632.0
BraTS-GLI-00090-001,44,0.0904,1155,12778,1155.0,12778.0
BraTS-GLI-00090-001,45,0.0966,1248,12914,1248.0,12914.0
BraTS-GLI-00090-001,46,0.1034,1358,13139,1358.0,13139.0
BraTS-GLI-00090-001,47,0.1114,1485,13326,1485.0,13326.0
BraTS-GLI-00090-001,48,0.1197,1612,13468,1612.0,13468.0
BraTS-GLI-00090-001,49,0.1274,1729,13576,1729.0,13576.0
BraTS-GLI-00090-001,50,0.1345,1843,13700,1843.0,13700.0
BraTS-GLI-00090-001,51,0.1414,1956,13832,1956.0,13832.0
BraTS-GLI-00090-001,52,0.1472,2066,14037,2066.0,14037.0
BraTS-GLI-00090-001,53,0.1506,2164,14369,2164.0,14369.0
BraTS-GLI-00090-001,54,0.165,2396,14522,2396.0,14522.0
BraTS-GLI-00090-001,55,0.1793,2624,14631,2624.0,14631.0
BraTS-GLI-00090-001,56,0.1836,2707,14741,2707.0,14741.0
BraTS-GLI-00090-001,57,0.1895,2818,14867,2818.0,14867.0
BraTS-GLI-00090-001,58,0.196,2947,15034,2947.0,15034.0
BraTS-GLI-00090-001,59,0.1997,3033,15189,3033.0,15189.0
BraTS-GLI-00090-001,60,0.1995,3063,15352,3063.0,15352.0
BraTS-GLI-00090-001,61,0.1993,3101,15562,3101.0,15562.0
BraTS-GLI-00090-001,62,0.1994,3132,15708,3132.0,15708.0
BraTS-GLI-00090-001,63,0.1997,3161,15831,3161.0,15831.0
BraTS-GLI-00090-001,64,0.1954,3154,16139,3154.0,16139.0
BraTS-GLI-00090-001,65,0.1933,3127,16177,3127.0,16177.0
BraTS-GLI-00090-001,66,0.1889,3078,16294,3078.0,16294.0
BraTS-GLI-00090-001,67,0.1839,3020,16419,3020.0,16419.0
BraTS-GLI-00090-001,68,0.1782,2950,16557,2950.0,16557.0
BraTS-GLI-00090-001,69,0.1713,2856,16672,2856.0,16672.0
BraTS-GLI-00090-001,70,0.1642,2759,16800,2759.0,16800.0
BraTS-GLI-00090-001,71,0.1573,2661,16912,2661.0,16912.0
BraTS-GLI-00090-001,72,0.1514,2576,17009,2576.0,17009.0
BraTS-GLI-00090-001,73,0.1511,2576,17050,2576.0,17050.0
BraTS-GLI-00090-001,74,0.154,2633,17101,2633.0,17101.0
BraTS-GLI-00090-001,75,0.1531,2621,17119,2621.0,17119.0
BraTS-GLI-00090-001,76,0.1507,2582,17136,2582.0,17136.0
BraTS-GLI-00090-001,77,0.1468,2519,17158,2519.0,17158.0
BraTS-GLI-00090-001,78,0.1427,2444,17125,2444.0,17125.0
BraTS-GLI-00090-001,79,0.1384,2363,17077,2363.0,17077.0
BraTS-GLI-00090-001,80,0.1341,2285,17043,2285.0,17043.0
BraTS-GLI-00090-001,81,0.1285,2181,16973,2181.0,16973.0
BraTS-GLI-00090-001,82,0.1216,2055,16904,2055.0,16904.0
BraTS-GLI-00090-001,83,0.1125,1892,16816,1892.0,16816.0
BraTS-GLI-00090-001,84,0.1041,1738,16689,1738.0,16689.0
BraTS-GLI-00090-001,85,0.0968,1602,16544,1602.0,16544.0
BraTS-GLI-00090-001,86,0.0886,1461,16489,1461.0,16489.0
BraTS-GLI-00090-001,87,0.0812,1331,16398,1331.0,16398.0
BraTS-GLI-00090-001,88,0.0735,1196,16262,1196.0,16262.0
BraTS-GLI-00090-001,89,0.0669,1080,16142,1080.0,16142.0
BraTS-GLI-00090-001,90,0.0611,976,15984,976.0,15984.0
BraTS-GLI-00090-001,91,0.0556,882,15862,882.0,15862.0
BraTS-GLI-00090-001,92,0.0495,779,15749,779.0,15749.0
BraTS-GLI-00090-001,93,0.041,640,15592,640.0,15592.0
BraTS-GLI-00090-001,94,0.0262,405,15451,405.0,15451.0
BraTS-GLI-00090-001,95,0.0106,163,15311,163.0,15311.0
BraTS-GLI-00090-001,96,0.0002,3,15021,3.0,15021.0
BraTS-GLI-00999-000,55,0.0021,29,13565,29.0,13565.0
BraTS-GLI-00999-000,56,0.0031,42,13605,42.0,13605.0
BraTS-GLI-00999-000,57,0.004,55,13704,55.0,13704.0
BraTS-GLI-00999-000,58,0.0055,75,13734,75.0,13734.0
BraTS-GLI-00999-000,59,0.0066,92,13899,92.0,13899.0
BraTS-GLI-00999-000,60,0.0077,107,13959,107.0,13959.0
BraTS-GLI-00999-000,61,0.0103,145,14085,145.0,14085.0
BraTS-GLI-00999-000,62,0.0147,208,14103,208.0,14103.0
BraTS-GLI-00999-000,63,0.0187,267,14314,267.0,14314.0
BraTS-GLI-00999-000,64,0.0229,329,14371,329.0,14371.0
BraTS-GLI-00999-000,65,0.0274,399,14560,399.0,14560.0
BraTS-GLI-00999-000,66,0.0339,495,14599,495.0,14599.0
BraTS-GLI-00999-000,67,0.0451,665,14746,665.0,14746.0
BraTS-GLI-00999-000,68,0.0562,831,14779,831.0,14779.0
BraTS-GLI-00999-000,69,0.0719,1076,14960,1076.0,14960.0
BraTS-GLI-00999-000,70,0.0854,1282,15012,1282.0,15012.0
BraTS-GLI-00999-000,71,0.1013,1539,15198,1539.0,15198.0
BraTS-GLI-00999-000,72,0.1179,1795,15221,1795.0,15221.0
BraTS-GLI-00999-000,73,0.1293,1986,15354,1986.0,15354.0
BraTS-GLI-00999-000,74,0.1332,2049,15387,2049.0,15387.0
BraTS-GLI-00999-000,75,0.1398,2162,15470,2162.0,15470.0
BraTS-GLI-00999-000,76,0.1462,2266,15495,2266.0,15495.0
BraTS-GLI-00999-000,77,0.1565,2429,15518,2429.0,15518.0
BraTS-GLI-00999-000,78,0.1619,2515,15530,2515.0,15530.0
BraTS-GLI-00999-000,79,0.164,2545,15517,2545.0,15517.0
BraTS-GLI-00999-000,80,0.1701,2641,15528,2641.0,15528.0
BraTS-GLI-00999-000,81,0.1737,2695,15511,2695.0,15511.0
BraTS-GLI-00999-000,82,0.1797,2783,15490,2783.0,15490.0
BraTS-GLI-00999-000,83,0.1841,2842,15437,2842.0,15437.0
BraTS-GLI-00999-000,84,0.191,2943,15412,2943.0,15412.0
BraTS-GLI-00999-000,85,0.1936,2964,15310,2964.0,15310.0
BraTS-GLI-00999-000,86,0.2003,3054,15250,3054.0,15250.0
BraTS-GLI-00999-000,87,0.2099,3174,15118,3174.0,15118.0
BraTS-GLI-00999-000,88,0.2159,3246,15033,3246.0,15033.0
BraTS-GLI-00999-000,89,0.2263,3371,14897,3371.0,14897.0
BraTS-GLI-00999-000,90,0.2297,3399,14797,3399.0,14797.0
BraTS-GLI-00999-000,91,0.2366,3443,14554,3443.0,14554.0
BraTS-GLI-00999-000,92,0.24,3462,14427,3462.0,14427.0
BraTS-GLI-00999-000,93,0.2417,3447,14264,3447.0,14264.0
BraTS-GLI-00999-000,94,0.2439,3453,14158,3453.0,14158.0
BraTS-GLI-00999-000,95,0.246,3435,13961,3435.0,13961.0
BraTS-GLI-00999-000,96,0.2479,3431,13841,3431.0,13841.0
BraTS-GLI-00999-000,97,0.2484,3382,13617,3382.0,13617.0
BraTS-GLI-00999-000,98,0.2414,3253,13474,3253.0,13474.0
BraTS-GLI-00999-000,99,0.2345,3115,13285,3115.0,13285.0
BraTS-GLI-00999-000,100,0.2267,2983,13158,2983.0,13158.0
BraTS-GLI-00999-000,101,0.2228,2888,12963,2888.0,12963.0
BraTS-GLI-00999-000,102,0.2158,2771,12838,2771.0,12838.0
BraTS-GLI-00999-000,103,0.2105,2656,12620,2656.0,12620.0
BraTS-GLI-00999-000,104,0.2078,2589,12462,2589.0,12462.0
BraTS-GLI-00999-000,105,0.2071,2533,12230,2533.0,12230.0
BraTS-GLI-00999-000,106,0.2057,2480,12057,2480.0,12057.0
BraTS-GLI-00999-000,107,0.2048,2413,11780,2413.0,11780.0
BraTS-GLI-00999-000,108,0.2043,2372,11608,2372.0,11608.0
BraTS-GLI-00999-000,109,0.2038,2311,11339,2311.0,11339.0
BraTS-GLI-00999-000,110,0.2023,2251,11129,2251.0,11129.0
BraTS-GLI-00999-000,111,0.2033,2205,10846,2205.0,10846.0
BraTS-GLI-00999-000,112,0.2059,2180,10587,2180.0,10587.0
BraTS-GLI-00999-000,113,0.205,2100,10246,2100.0,10246.0
BraTS-GLI-00999-000,114,0.2038,2030,9960,2030.0,9960.0
BraTS-GLI-00999-000,115,0.2037,1954,9591,1954.0,9591.0
BraTS-GLI-00626-000,40,0.002,23,11343,23.0,11343.0
BraTS-GLI-00626-000,41,0.0078,90,11605,90.0,11605.0
BraTS-GLI-00626-000,42,0.011,131,11903,131.0,11903.0
BraTS-GLI-00626-000,43,0.0139,169,12181,169.0,12181.0
BraTS-GLI-00626-000,44,0.0178,222,12473,222.0,12473.0
BraTS-GLI-00626-000,45,0.0207,263,12727,263.0,12727.0
BraTS-GLI-00626-000,46,0.0223,290,12998,290.0,12998.0
BraTS-GLI-00626-000,47,0.0251,333,13255,333.0,13255.0
BraTS-GLI-00626-000,48,0.0305,412,13499,412.0,13499.0
BraTS-GLI-00626-000,49,0.037,508,13724,508.0,13724.0
BraTS-GLI-00626-000,50,0.0447,633,14176,633.0,14176.0
BraTS-GLI-00626-000,51,0.0492,733,14887,733.0,14887.0
BraTS-GLI-00626-000,52,0.0523,811,15519,811.0,15519.0
BraTS-GLI-00626-000,53,0.0524,837,15985,837.0,15985.0
BraTS-GLI-00626-000,54,0.0529,859,16252,859.0,16252.0
BraTS-GLI-00626-000,55,0.0533,879,16506,879.0,16506.0
BraTS-GLI-00626-000,56,0.053,890,16794,890.0,16794.0
BraTS-GLI-00626-000,57,0.0526,900,17101,900.0,17101.0
BraTS-GLI-00626-000,58,0.0513,891,17374,891.0,17374.0
BraTS-GLI-00626-000,59,0.0502,884,17611,884.0,17611.0
BraTS-GLI-00626-000,60,0.0491,877,17851,877.0,17851.0
BraTS-GLI-00626-000,61,0.0489,884,18084,884.0,18084.0
BraTS-GLI-00626-000,62,0.0523,959,18324,959.0,18324.0
BraTS-GLI-00626-000,63,0.049,909,18553,909.0,18553.0
BraTS-GLI-00626-000,64,0.044,826,18759,826.0,18759.0
BraTS-GLI-00626-000,65,0.0396,751,18974,751.0,18974.0
BraTS-GLI-00626-000,66,0.0362,692,19142,692.0,19142.0
BraTS-GLI-00626-000,67,0.0331,637,19272,637.0,19272.0
BraTS-GLI-00626-000,68,0.0299,579,19395,579.0,19395.0
BraTS-GLI-00626-000,69,0.0269,524,19488,524.0,19488.0
BraTS-GLI-00626-000,70,0.0239,467,19561,467.0,19561.0
BraTS-GLI-00626-000,71,0.0204,400,19621,400.0,19621.0
BraTS-GLI-00626-000,72,0.017,335,19655,335.0,19655.0
BraTS-GLI-00626-000,73,0.0136,268,19706,268.0,19706.0
BraTS-GLI-00626-000,74,0.0089,175,19726,175.0,19726.0
BraTS-GLI-00626-000,75,0.0052,102,19741,102.0,19741.0
BraTS-GLI-00626-000,76,0.0022,43,19747,43.0,19747.0
BraTS-GLI-00626-000,77,0.0002,4,19747,4.0,19747.0
BraTS-GLI-00839-000,52,0.0003,4,12983,4.0,12983.0
BraTS-GLI-00839-000,53,0.0031,41,13259,41.0,13259.0
BraTS-GLI-00839-000,54,0.005,68,13708,68.0,13708.0
BraTS-GLI-00839-000,55,0.0066,92,14002,92.0,14002.0
BraTS-GLI-00839-000,56,0.0092,132,14324,132.0,14324.0
BraTS-GLI-00839-000,57,0.0118,172,14582,172.0,14582.0
BraTS-GLI-00839-000,58,0.0184,271,14755,271.0,14755.0
BraTS-GLI-00839-000,59,0.0217,324,14907,324.0,14907.0
BraTS-GLI-00839-000,60,0.0249,375,15082,375.0,15082.0
BraTS-GLI-00839-000,61,0.027,412,15238,412.0,15238.0
BraTS-GLI-00839-000,62,0.0291,448,15409,448.0,15409.0
BraTS-GLI-00839-000,63,0.0322,500,15547,500.0,15547.0
BraTS-GLI-00839-000,64,0.0334,524,15667,524.0,15667.0
BraTS-GLI-00839-000,65,0.0336,531,15792,531.0,15792.0
BraTS-GLI-00839-000,66,0.0333,532,15953,532.0,15953.0
BraTS-GLI-00839-000,67,0.0337,544,16130,544.0,16130.0
BraTS-GLI-00839-000,68,0.031,505,16284,505.0,16284.0
BraTS-GLI-00839-000,69,0.0328,538,16397,538.0,16397.0
BraTS-GLI-00839-000,70,0.0356,588,16516,588.0,16516.0
BraTS-GLI-00839-000,71,0.0377,626,16606,626.0,16606.0
BraTS-GLI-00839-000,72,0.0389,649,16692,649.0,16692.0
BraTS-GLI-00839-000,73,0.0388,651,16772,651.0,16772.0
BraTS-GLI-00839-000,74,0.0384,647,16838,647.0,16838.0
BraTS-GLI-00839-000,75,0.0371,627,16896,627.0,16896.0
BraTS-GLI-00839-000,76,0.034,576,16938,576.0,16938.0
BraTS-GLI-00839-000,77,0.0299,507,16978,507.0,16978.0
BraTS-GLI-00839-000,78,0.0285,484,17008,484.0,17008.0
BraTS-GLI-00839-000,79,0.0282,480,17043,480.0,17043.0
BraTS-GLI-00839-000,80,0.0265,451,17045,451.0,17045.0
BraTS-GLI-00839-000,81,0.0264,450,17048,450.0,17048.0
BraTS-GLI-00839-000,82,0.0251,428,17023,428.0,17023.0
BraTS-GLI-00839-000,83,0.0237,402,16980,402.0,16980.0
BraTS-GLI-00839-000,84,0.0229,388,16947,388.0,16947.0
BraTS-GLI-00839-000,85,0.021,355,16892,355.0,16892.0
BraTS-GLI-00839-000,86,0.0202,341,16840,341.0,16840.0
BraTS-GLI-00839-000,87,0.0176,295,16771,295.0,16771.0
BraTS-GLI-00839-000,88,0.0149,249,16700,249.0,16700.0
BraTS-GLI-00839-000,89,0.0112,186,16620,186.0,16620.0
BraTS-GLI-00839-000,90,0.0081,134,16522,134.0,16522.0
BraTS-GLI-00839-000,91,0.0059,97,16433,97.0,16433.0
BraTS-GLI-00839-000,92,0.0047,76,16320,76.0,16320.0
BraTS-GLI-00839-000,93,0.0033,54,16222,54.0,16222.0
BraTS-GLI-00839-000,94,0.0019,31,16134,31.0,16134.0
BraTS-GLI-00839-000,95,0.0008,13,16011,13.0,16011.0
BraTS-GLI-00839-000,96,0.0001,1,15874,1.0,15874.0
BraTS-GLI-01061-000,40,0.1076,1139,10590,1139.0,10590.0
BraTS-GLI-01061-000,41,0.1225,1338,10921,1338.0,10921.0
BraTS-GLI-01061-000,42,0.138,1543,11185,1543.0,11185.0
BraTS-GLI-01061-000,43,0.1492,1704,11424,1704.0,11424.0
BraTS-GLI-01061-000,44,0.1607,1871,11641,1871.0,11641.0
BraTS-GLI-01061-000,45,0.1694,2004,11830,2004.0,11830.0
BraTS-GLI-01061-000,46,0.1786,2146,12014,2146.0,12014.0
BraTS-GLI-01061-000,47,0.1885,2296,12183,2296.0,12183.0
BraTS-GLI-01061-000,48,0.1981,2446,12350,2446.0,12350.0
BraTS-GLI-01061-000,49,0.2085,2609,12512,2609.0,12512.0
BraTS-GLI-01061-000,50,0.2182,2765,12674,2765.0,12674.0
BraTS-GLI-01061-000,51,0.2306,2952,12803,2952.0,12803.0
BraTS-GLI-01061-000,52,0.2336,3043,13026,3043.0,13026.0
BraTS-GLI-01061-000,53,0.2333,3125,13395,3125.0,13395.0
BraTS-GLI-01061-000,54,0.2307,3198,13864,3198.0,13864.0
BraTS-GLI-01061-000,55,0.2304,3257,14134,3257.0,14134.0
BraTS-GLI-01061-000,56,0.2295,3294,14352,3294.0,14352.0
BraTS-GLI-01061-000,57,0.228,3316,14543,3316.0,14543.0
BraTS-GLI-01061-000,58,0.2283,3353,14688,3353.0,14688.0
BraTS-GLI-01061-000,59,0.2271,3363,14809,3363.0,14809.0
BraTS-GLI-01061-000,60,0.2278,3402,14933,3402.0,14933.0
BraTS-GLI-01061-000,61,0.2271,3422,15066,3422.0,15066.0
BraTS-GLI-01061-000,62,0.2274,3459,15213,3459.0,15213.0
BraTS-GLI-01061-000,63,0.2254,3464,15369,3464.0,15369.0
BraTS-GLI-01061-000,64,0.2242,3478,15514,3478.0,15514.0
BraTS-GLI-01061-000,65,0.2224,3490,15689,3490.0,15689.0
BraTS-GLI-01061-000,66,0.2226,3535,15883,3535.0,15883.0
BraTS-GLI-01061-000,67,0.2225,3578,16080,3578.0,16080.0
BraTS-GLI-01061-000,68,0.22,3582,16279,3582.0,16279.0
BraTS-GLI-01061-000,69,0.2205,3625,16439,3625.0,16439.0
BraTS-GLI-01061-000,70,0.2226,3693,16592,3693.0,16592.0
BraTS-GLI-01061-000,71,0.225,3756,16694,3756.0,16694.0
BraTS-GLI-01061-000,72,0.2236,3752,16780,3752.0,16780.0
BraTS-GLI-01061-000,73,0.2192,3693,16844,3693.0,16844.0
BraTS-GLI-01061-000,74,0.2171,3669,16902,3669.0,16902.0
BraTS-GLI-01061-000,75,0.2142,3630,16949,3630.0,16949.0
BraTS-GLI-01061-000,76,0.2087,3544,16979,3544.0,16979.0
BraTS-GLI-01061-000,77,0.1994,3391,17004,3391.0,17004.0
BraTS-GLI-01061-000,78,0.1897,3223,16991,3223.0,16991.0
BraTS-GLI-01061-000,79,0.1854,3149,16982,3149.0,16982.0
BraTS-GLI-01061-000,80,0.1794,3043,16965,3043.0,16965.0
BraTS-GLI-01061-000,81,0.1746,2959,16948,2959.0,16948.0
BraTS-GLI-01061-000,82,0.1679,2837,16893,2837.0,16893.0
BraTS-GLI-01061-000,83,0.1597,2690,16845,2690.0,16845.0
BraTS-GLI-01061-000,84,0.1517,2547,16786,2547.0,16786.0
BraTS-GLI-01061-000,85,0.1437,2403,16725,2403.0,16725.0
BraTS-GLI-01061-000,86,0.1371,2284,16660,2284.0,16660.0
BraTS-GLI-01061-000,87,0.1311,2171,16564,2171.0,16564.0
BraTS-GLI-01061-000,88,0.1262,2078,16467,2078.0,16467.0
BraTS-GLI-01061-000,89,0.1176,1923,16353,1923.0,16353.0
BraTS-GLI-01061-000,90,0.1146,1862,16253,1862.0,16253.0
BraTS-GLI-01061-000,91,0.1049,1692,16132,1692.0,16132.0
BraTS-GLI-01061-000,92,0.0986,1580,16025,1580.0,16025.0
BraTS-GLI-01061-000,93,0.096,1527,15906,1527.0,15906.0
BraTS-GLI-01061-000,94,0.0875,1381,15774,1381.0,15774.0
BraTS-GLI-01061-000,95,0.0797,1246,15629,1246.0,15629.0
BraTS-GLI-01061-000,96,0.0685,1060,15467,1060.0,15467.0
BraTS-GLI-01061-000,97,0.0556,851,15301,851.0,15301.0
BraTS-GLI-01061-000,98,0.0511,772,15114,772.0,15114.0
BraTS-GLI-01061-000,99,0.0427,637,14905,637.0,14905.0
BraTS-GLI-01061-000,100,0.0407,599,14705,599.0,14705.0
BraTS-GLI-01061-000,101,0.0282,409,14498,409.0,14498.0
BraTS-GLI-01061-000,102,0.0164,234,14277,234.0,14277.0
BraTS-GLI-01061-000,103,0.0178,250,14054,250.0,14054.0
BraTS-GLI-01061-000,104,0.0156,216,13811,216.0,13811.0
BraTS-GLI-01061-000,105,0.0021,29,13565,29.0,13565.0
BraTS-GLI-01298-000,83,0.0036,64,17914,64.0,17914.0
BraTS-GLI-01298-000,84,0.009,160,17799,160.0,17799.0
BraTS-GLI-01298-000,85,0.0172,304,17654,304.0,17654.0
BraTS-GLI-01298-000,86,0.0326,571,17540,571.0,17540.0
BraTS-GLI-01298-000,87,0.0511,887,17365,887.0,17365.0
BraTS-GLI-01298-000,88,0.068,1173,17247,1173.0,17247.0
BraTS-GLI-01298-000,89,0.0808,1379,17067,1379.0,17067.0
BraTS-GLI-01298-000,90,0.0929,1573,16937,1573.0,16937.0
BraTS-GLI-01298-000,91,0.1029,1724,16751,1724.0,16751.0
BraTS-GLI-01298-000,92,0.1133,1880,16592,1880.0,16592.0
BraTS-GLI-01298-000,93,0.1252,2052,16393,2052.0,16393.0
BraTS-GLI-01298-000,94,0.1349,2187,16218,2187.0,16218.0
BraTS-GLI-01298-000,95,0.1439,2302,16002,2302.0,16002.0
BraTS-GLI-01298-000,96,0.1511,2393,15833,2393.0,15833.0
BraTS-GLI-01298-000,97,0.1587,2476,15606,2476.0,15606.0
BraTS-GLI-01298-000,98,0.1681,2587,15393,2587.0,15393.0
BraTS-GLI-01298-000,99,0.1766,2669,15117,2669.0,15117.0
BraTS-GLI-01298-000,100,0.1836,2732,14879,2732.0,14879.0
BraTS-GLI-01298-000,101,0.1923,2803,14579,2803.0,14579.0
BraTS-GLI-01298-000,102,0.1973,2824,14316,2824.0,14316.0
BraTS-GLI-01298-000,103,0.2035,2838,13943,2838.0,13943.0
BraTS-GLI-01298-000,104,0.2088,2850,13652,2850.0,13652.0
BraTS-GLI-01298-000,105,0.2162,2860,13226,2860.0,13226.0
BraTS-GLI-01298-000,106,0.222,2874,12948,2874.0,12948.0
BraTS-GLI-01298-000,107,0.2289,2881,12588,2881.0,12588.0
BraTS-GLI-01298-000,108,0.2334,2873,12308,2873.0,12308.0
BraTS-GLI-01298-000,109,0.2393,2858,11942,2858.0,11942.0
BraTS-GLI-01298-000,110,0.2428,2827,11643,2827.0,11643.0
BraTS-GLI-01298-000,111,0.248,2801,11294,2801.0,11294.0
BraTS-GLI-01298-000,112,0.2526,2776,10988,2776.0,10988.0
BraTS-GLI-01298-000,113,0.2566,2725,10619,2725.0,10619.0
BraTS-GLI-01298-000,114,0.257,2670,10390,2670.0,10390.0
BraTS-GLI-01298-000,115,0.259,2607,10065,2607.0,10065.0
BraTS-GLI-00441-000,40,0.0464,564,12153,564.0,12153.0
BraTS-GLI-00441-000,41,0.031,381,12303,381.0,12303.0
BraTS-GLI-00441-000,42,0.0277,346,12507,346.0,12507.0
BraTS-GLI-00441-000,43,0.0241,306,12686,306.0,12686.0
BraTS-GLI-00441-000,44,0.0208,270,12953,270.0,12953.0
BraTS-GLI-00441-000,45,0.0153,202,13243,202.0,13243.0
BraTS-GLI-00441-000,46,0.0074,100,13461,100.0,13461.0
BraTS-GLI-00441-000,47,0.0021,29,13612,29.0,13612.0
BraTS-GLI-00441-000,48,0.0003,4,13854,4.0,13854.0
BraTS-GLI-01452-000,61,0.0001,1,16687,1.0,16687.0
BraTS-GLI-01452-000,62,0.0002,4,16788,4.0,16788.0
BraTS-GLI-01452-000,63,0.0005,9,16985,9.0,16985.0
BraTS-GLI-01452-000,64,0.0017,29,17086,29.0,17086.0
BraTS-GLI-01452-000,65,0.0028,48,17240,48.0,17240.0
BraTS-GLI-01452-000,66,0.0035,60,17301,60.0,17301.0
BraTS-GLI-01452-000,67,0.0048,83,17383,83.0,17383.0
BraTS-GLI-01452-000,68,0.0061,107,17463,107.0,17463.0
BraTS-GLI-01452-000,69,0.0084,147,17575,147.0,17575.0
BraTS-GLI-01452-000,70,0.0101,179,17650,179.0,17650.0
BraTS-GLI-01452-000,71,0.0116,205,17731,205.0,17731.0
BraTS-GLI-01452-000,72,0.0127,225,17775,225.0,17775.0
BraTS-GLI-01452-000,73,0.0159,283,17815,283.0,17815.0
BraTS-GLI-01452-000,74,0.0185,330,17847,330.0,17847.0
BraTS-GLI-01452-000,75,0.0219,391,17880,391.0,17880.0
BraTS-GLI-01452-000,76,0.0255,455,17863,455.0,17863.0
BraTS-GLI-01452-000,77,0.0289,516,17842,516.0,17842.0
BraTS-GLI-01452-000,78,0.0327,583,17831,583.0,17831.0
BraTS-GLI-01452-000,79,0.0364,648,17826,648.0,17826.0
BraTS-GLI-01452-000,80,0.0392,699,17819,699.0,17819.0
BraTS-GLI-01452-000,81,0.0444,789,17786,789.0,17786.0
BraTS-GLI-01452-000,82,0.0483,857,17742,857.0,17742.0
BraTS-GLI-01452-000,83,0.0538,951,17683,951.0,17683.0
BraTS-GLI-01452-000,84,0.0572,1008,17637,1008.0,17637.0
BraTS-GLI-01452-000,85,0.0599,1050,17534,1050.0,17534.0
BraTS-GLI-01452-000,86,0.0626,1091,17439,1091.0,17439.0
BraTS-GLI-01452-000,87,0.0656,1136,17312,1136.0,17312.0
BraTS-GLI-01452-000,88,0.0697,1199,17190,1199.0,17190.0
BraTS-GLI-01452-000,89,0.0731,1245,17042,1245.0,17042.0
BraTS-GLI-01452-000,90,0.0766,1294,16896,1294.0,16896.0
BraTS-GLI-01452-000,91,0.0787,1316,16722,1316.0,16722.0
BraTS-GLI-01452-000,92,0.0797,1321,16580,1321.0,16580.0
BraTS-GLI-01452-000,93,0.0797,1308,16404,1308.0,16404.0
BraTS-GLI-01452-000,94,0.0792,1286,16245,1286.0,16245.0
BraTS-GLI-01452-000,95,0.0789,1263,16003,1263.0,16003.0
BraTS-GLI-01452-000,96,0.078,1234,15819,1234.0,15819.0
BraTS-GLI-01452-000,97,0.0772,1200,15549,1200.0,15549.0
BraTS-GLI-01452-000,98,0.0751,1153,15356,1153.0,15356.0
BraTS-GLI-01452-000,99,0.0709,1070,15082,1070.0,15082.0
BraTS-GLI-01452-000,100,0.064,953,14890,953.0,14890.0
BraTS-GLI-01452-000,101,0.0553,806,14568,806.0,14568.0
BraTS-GLI-01452-000,102,0.0468,672,14354,672.0,14354.0
BraTS-GLI-01452-000,103,0.0388,545,14050,545.0,14050.0
BraTS-GLI-01452-000,104,0.0293,406,13862,406.0,13862.0
BraTS-GLI-01452-000,105,0.0214,290,13520,290.0,13520.0
BraTS-GLI-01452-000,106,0.0157,209,13311,209.0,13311.0
BraTS-GLI-01452-000,107,0.0128,166,12941,166.0,12941.0
BraTS-GLI-01452-000,108,0.0094,120,12737,120.0,12737.0
BraTS-GLI-01452-000,109,0.0072,89,12289,89.0,12289.0
BraTS-GLI-01452-000,110,0.0046,56,12059,56.0,12059.0
BraTS-GLI-01452-000,111,0.0019,22,11670,22.0,11670.0
BraTS-GLI-01452-000,112,0.0002,2,11426,2.0,11426.0
BraTS-GLI-00297-000,51,0.0004,5,13095,5.0,13095.0
BraTS-GLI-00297-000,52,0.0083,109,13199,109.0,13199.0
BraTS-GLI-00297-000,53,0.0122,163,13392,163.0,13392.0
BraTS-GLI-00297-000,54,0.015,205,13710,205.0,13710.0
BraTS-GLI-00297-000,55,0.0234,328,14009,328.0,14009.0
BraTS-GLI-00297-000,56,0.0328,467,14236,467.0,14236.0
BraTS-GLI-00297-000,57,0.063,911,14452,911.0,14452.0
BraTS-GLI-00297-000,58,0.0668,981,14688,981.0,14688.0
BraTS-GLI-00297-000,59,0.0785,1167,14864,1167.0,14864.0
BraTS-GLI-00297-000,60,0.065,976,15012,976.0,15012.0
BraTS-GLI-00297-000,61,0.0737,1113,15099,1113.0,15099.0
BraTS-GLI-00297-000,62,0.0737,1120,15198,1120.0,15198.0
BraTS-GLI-00297-000,63,0.084,1286,15313,1286.0,15313.0
BraTS-GLI-00297-000,64,0.0965,1485,15386,1485.0,15386.0
BraTS-GLI-00297-000,65,0.1019,1578,15488,1578.0,15488.0
BraTS-GLI-00297-000,66,0.1077,1682,15615,1682.0,15615.0
BraTS-GLI-00297-000,67,0.1165,1832,15731,1832.0,15731.0
BraTS-GLI-00297-000,68,0.1194,1892,15848,1892.0,15848.0
BraTS-GLI-00297-000,69,0.1219,1944,15954,1944.0,15954.0
BraTS-GLI-00297-000,70,0.1319,2115,16032,2115.0,16032.0
BraTS-GLI-00297-000,71,0.1315,2118,16104,2118.0,16104.0
BraTS-GLI-00297-000,72,0.1437,2323,16162,2323.0,16162.0
BraTS-GLI-00297-000,73,0.1451,2358,16248,2358.0,16248.0
BraTS-GLI-00297-000,74,0.146,2383,16327,2383.0,16327.0
BraTS-GLI-00297-000,75,0.1414,2320,16410,2320.0,16410.0
BraTS-GLI-00297-000,76,0.1389,2288,16474,2288.0,16474.0
BraTS-GLI-00297-000,77,0.1388,2296,16536,2296.0,16536.0
BraTS-GLI-00297-000,78,0.1341,2225,16591,2225.0,16591.0
BraTS-GLI-00297-000,79,0.1365,2269,16626,2269.0,16626.0
BraTS-GLI-00297-000,80,0.1355,2255,16645,2255.0,16645.0
BraTS-GLI-00297-000,81,0.1329,2211,16642,2211.0,16642.0
BraTS-GLI-00297-000,82,0.1297,2158,16642,2158.0,16642.0
BraTS-GLI-00297-000,83,0.1297,2158,16644,2158.0,16644.0
BraTS-GLI-00297-000,84,0.1255,2086,16621,2086.0,16621.0
BraTS-GLI-00297-000,85,0.1249,2072,16594,2072.0,16594.0
BraTS-GLI-00297-000,86,0.124,2053,16557,2053.0,16557.0
BraTS-GLI-00297-000,87,0.123,2029,16493,2029.0,16493.0
BraTS-GLI-00297-000,88,0.1236,2030,16425,2030.0,16425.0
BraTS-GLI-00297-000,89,0.1218,1989,16328,1989.0,16328.0
BraTS-GLI-00297-000,90,0.1246,2022,16222,2022.0,16222.0
BraTS-GLI-00297-000,91,0.1236,1992,16116,1992.0,16116.0
BraTS-GLI-00297-000,92,0.1171,1874,16005,1874.0,16005.0
BraTS-GLI-00297-000,93,0.1183,1881,15902,1881.0,15902.0
BraTS-GLI-00297-000,94,0.1181,1862,15769,1862.0,15769.0
BraTS-GLI-00297-000,95,0.1118,1748,15642,1748.0,15642.0
BraTS-GLI-00297-000,96,0.1093,1694,15499,1694.0,15499.0
BraTS-GLI-00297-000,97,0.1036,1591,15355,1591.0,15355.0
BraTS-GLI-00297-000,98,0.098,1489,15200,1489.0,15200.0
BraTS-GLI-00297-000,99,0.0946,1420,15018,1420.0,15018.0
BraTS-GLI-00297-000,100,0.0908,1347,14839,1347.0,14839.0
BraTS-GLI-00297-000,101,0.0843,1234,14641,1234.0,14641.0
BraTS-GLI-00297-000,102,0.0801,1155,14416,1155.0,14416.0
BraTS-GLI-00297-000,103,0.0776,1101,14189,1101.0,14189.0
BraTS-GLI-00297-000,104,0.0745,1039,13938,1039.0,13938.0
BraTS-GLI-00297-000,105,0.071,973,13696,973.0,13696.0
BraTS-GLI-00297-000,106,0.0645,868,13448,868.0,13448.0
BraTS-GLI-00297-000,107,0.05,659,13174,659.0,13174.0
BraTS-GLI-00297-000,108,0.0362,468,12930,468.0,12930.0
BraTS-GLI-00297-000,109,0.0338,428,12650,428.0,12650.0
BraTS-GLI-00297-000,110,0.0383,473,12364,473.0,12364.0
BraTS-GLI-00297-000,111,0.0362,437,12063,437.0,12063.0
BraTS-GLI-00297-000,112,0.0318,374,11765,374.0,11765.0
BraTS-GLI-00297-000,113,0.0297,340,11458,340.0,11458.0
BraTS-GLI-00297-000,114,0.0283,315,11136,315.0,11136.0
BraTS-GLI-00297-000,115,0.0245,265,10800,265.0,10800.0
BraTS-GLI-01238-000,45,0.0006,7,11014,7.0,11014.0
BraTS-GLI-01238-000,46,0.0021,24,11272,24.0,11272.0
BraTS-GLI-01238-000,47,0.0053,61,11474,61.0,11474.0
BraTS-GLI-01238-000,48,0.0097,113,11662,113.0,11662.0
BraTS-GLI-01238-000,49,0.0116,137,11821,137.0,11821.0
BraTS-GLI-01238-000,50,0.0134,161,11980,161.0,11980.0
BraTS-GLI-01238-000,51,0.0159,193,12119,193.0,12119.0
BraTS-GLI-01238-000,52,0.0192,236,12274,236.0,12274.0
BraTS-GLI-01238-000,53,0.0235,292,12437,292.0,12437.0
BraTS-GLI-01238-000,54,0.0279,354,12680,354.0,12680.0
BraTS-GLI-01238-000,55,0.0397,522,13159,522.0,13159.0
BraTS-GLI-01238-000,56,0.0562,765,13614,765.0,13614.0
BraTS-GLI-01238-000,57,0.0706,988,13997,988.0,13997.0
BraTS-GLI-01238-000,58,0.0836,1192,14259,1192.0,14259.0
BraTS-GLI-01238-000,59,0.0977,1417,14507,1417.0,14507.0
BraTS-GLI-01238-000,60,0.1063,1562,14688,1562.0,14688.0
BraTS-GLI-01238-000,61,0.1107,1650,14910,1650.0,14910.0
BraTS-GLI-01238-000,62,0.1145,1736,15156,1736.0,15156.0
BraTS-GLI-01238-000,63,0.1165,1794,15402,1794.0,15402.0
BraTS-GLI-01238-000,64,0.1189,1859,15635,1859.0,15635.0
BraTS-GLI-01238-000,65,0.1213,1923,15847,1923.0,15847.0
BraTS-GLI-01238-000,66,0.1244,1994,16033,1994.0,16033.0
BraTS-GLI-01238-000,67,0.1243,2014,16203,2014.0,16203.0
BraTS-GLI-01238-000,68,0.1253,2048,16350,2048.0,16350.0
BraTS-GLI-01238-000,69,0.1234,2036,16500,2036.0,16500.0
BraTS-GLI-01238-000,70,0.1237,2052,16594,2052.0,16594.0
BraTS-GLI-01238-000,71,0.1229,2050,16677,2050.0,16677.0
BraTS-GLI-01238-000,72,0.1194,2000,16752,2000.0,16752.0
BraTS-GLI-01238-000,73,0.1172,1971,16814,1971.0,16814.0
BraTS-GLI-01238-000,74,0.1155,1950,16880,1950.0,16880.0
BraTS-GLI-01238-000,75,0.1132,1915,16920,1915.0,16920.0
BraTS-GLI-01238-000,76,0.1108,1878,16952,1878.0,16952.0
BraTS-GLI-01238-000,77,0.1078,1829,16960,1829.0,16960.0
BraTS-GLI-01238-000,78,0.1055,1789,16965,1789.0,16965.0
BraTS-GLI-01238-000,79,0.1046,1774,16964,1774.0,16964.0
BraTS-GLI-01238-000,80,0.1035,1753,16930,1753.0,16930.0
BraTS-GLI-01238-000,81,0.1036,1751,16902,1751.0,16902.0
BraTS-GLI-01238-000,82,0.1026,1727,16836,1727.0,16836.0
BraTS-GLI-01238-000,83,0.102,1709,16763,1709.0,16763.0
BraTS-GLI-01238-000,84,0.1031,1720,16685,1720.0,16685.0
BraTS-GLI-01238-000,85,0.1028,1708,16618,1708.0,16618.0
BraTS-GLI-01238-000,86,0.1051,1738,16535,1738.0,16535.0
BraTS-GLI-01238-000,87,0.1127,1854,16453,1854.0,16453.0
BraTS-GLI-01238-000,88,0.1168,1910,16355,1910.0,16355.0
BraTS-GLI-01238-000,89,0.1231,2006,16290,2006.0,16290.0
BraTS-GLI-01238-000,90,0.1277,2065,16175,2065.0,16175.0
BraTS-GLI-01238-000,91,0.1282,2064,16102,2064.0,16102.0
BraTS-GLI-01238-000,92,0.126,2015,15990,2015.0,15990.0
BraTS-GLI-01238-000,93,0.1263,2004,15870,2004.0,15870.0
BraTS-GLI-01238-000,94,0.1254,1972,15724,1972.0,15724.0
BraTS-GLI-01238-000,95,0.124,1930,15565,1930.0,15565.0
BraTS-GLI-01238-000,96,0.1225,1885,15392,1885.0,15392.0
BraTS-GLI-01238-000,97,0.1176,1790,15223,1790.0,15223.0
BraTS-GLI-01238-000,98,0.111,1670,15051,1670.0,15051.0
BraTS-GLI-01238-000,99,0.1071,1591,14853,1591.0,14853.0
BraTS-GLI-01238-000,100,0.1011,1480,14644,1480.0,14644.0
BraTS-GLI-01238-000,101,0.0941,1359,14435,1359.0,14435.0
BraTS-GLI-01238-000,102,0.0903,1283,14206,1283.0,14206.0
BraTS-GLI-01238-000,103,0.0856,1196,13979,1196.0,13979.0
BraTS-GLI-01238-000,104,0.0789,1082,13712,1082.0,13712.0
BraTS-GLI-01238-000,105,0.0754,1014,13445,1014.0,13445.0
BraTS-GLI-01238-000,106,0.0705,929,13170,929.0,13170.0
BraTS-GLI-01238-000,107,0.0678,874,12884,874.0,12884.0
BraTS-GLI-01238-000,108,0.0679,856,12607,856.0,12607.0
BraTS-GLI-01238-000,109,0.0663,819,12347,819.0,12347.0
BraTS-GLI-01238-000,110,0.0658,795,12074,795.0,12074.0
BraTS-GLI-01238-000,111,0.0669,786,11754,786.0,11754.0
BraTS-GLI-01238-000,112,0.067,766,11430,766.0,11430.0
BraTS-GLI-01238-000,113,0.0654,725,11086,725.0,11086.0
BraTS-GLI-01238-000,114,0.0657,702,10692,702.0,10692.0
BraTS-GLI-01238-000,115,0.065,673,10352,673.0,10352.0
BraTS-GLI-00419-000,40,0.0547,637,11635,637.0,11635.0
BraTS-GLI-00419-000,41,0.0574,688,11985,688.0,11985.0
BraTS-GLI-00419-000,42,0.0582,711,12211,711.0,12211.0
BraTS-GLI-00419-000,43,0.052,645,12401,645.0,12401.0
BraTS-GLI-00419-000,44,0.0544,683,12557,683.0,12557.0
BraTS-GLI-00419-000,45,0.0531,676,12721,676.0,12721.0
BraTS-GLI-00419-000,46,0.0574,739,12866,739.0,12866.0
BraTS-GLI-00419-000,47,0.0647,842,13019,842.0,13019.0
BraTS-GLI-00419-000,48,0.0639,847,13265,847.0,13265.0
BraTS-GLI-00419-000,49,0.0664,925,13933,925.0,13933.0
BraTS-GLI-00419-000,50,0.0661,947,14335,947.0,14335.0
BraTS-GLI-00419-000,51,0.0689,1011,14670,1011.0,14670.0
BraTS-GLI-00419-000,52,0.0742,1110,14961,1110.0,14961.0
BraTS-GLI-00419-000,53,0.0754,1148,15217,1148.0,15217.0
BraTS-GLI-00419-000,54,0.0766,1182,15422,1182.0,15422.0
BraTS-GLI-00419-000,55,0.0774,1208,15612,1208.0,15612.0
BraTS-GLI-00419-000,56,0.0767,1210,15778,1210.0,15778.0
BraTS-GLI-00419-000,57,0.0759,1211,15952,1211.0,15952.0
BraTS-GLI-00419-000,58,0.074,1191,16095,1191.0,16095.0
BraTS-GLI-00419-000,59,0.072,1169,16225,1169.0,16225.0
BraTS-GLI-00419-000,60,0.0693,1137,16398,1137.0,16398.0
BraTS-GLI-00419-000,61,0.0659,1096,16622,1096.0,16622.0
BraTS-GLI-00419-000,62,0.0616,1036,16831,1036.0,16831.0
BraTS-GLI-00419-000,63,0.0552,940,17037,940.0,17037.0
BraTS-GLI-00419-000,64,0.0477,820,17208,820.0,17208.0
BraTS-GLI-00419-000,65,0.0413,717,17365,717.0,17365.0
BraTS-GLI-00419-000,66,0.0364,637,17520,637.0,17520.0
BraTS-GLI-00419-000,67,0.0313,554,17681,554.0,17681.0
BraTS-GLI-00419-000,68,0.025,444,17789,444.0,17789.0
BraTS-GLI-00419-000,69,0.0199,356,17879,356.0,17879.0
BraTS-GLI-00419-000,70,0.0149,268,17936,268.0,17936.0
BraTS-GLI-00419-000,71,0.012,216,18002,216.0,18002.0
BraTS-GLI-00419-000,72,0.0097,175,18052,175.0,18052.0
BraTS-GLI-00419-000,73,0.0071,128,18077,128.0,18077.0
BraTS-GLI-00419-000,74,0.0052,94,18086,94.0,18086.0
BraTS-GLI-00419-000,75,0.0012,22,18096,22.0,18096.0
BraTS-GLI-00419-000,89,0.0001,1,17239,1.0,17239.0
BraTS-GLI-00074-000,51,0.0003,5,16325,5.0,16325.0
BraTS-GLI-00074-000,52,0.005,83,16553,83.0,16553.0
BraTS-GLI-00074-000,53,0.0101,169,16725,169.0,16725.0
BraTS-GLI-00074-000,54,0.0167,282,16878,282.0,16878.0
BraTS-GLI-00074-000,55,0.0235,400,17036,400.0,17036.0
BraTS-GLI-00074-000,56,0.0293,503,17193,503.0,17193.0
BraTS-GLI-00074-000,57,0.0349,605,17338,605.0,17338.0
BraTS-GLI-00074-000,58,0.0425,744,17504,744.0,17504.0
BraTS-GLI-00074-000,59,0.0556,985,17705,985.0,17705.0
BraTS-GLI-00074-000,60,0.0809,1449,17904,1449.0,17904.0
BraTS-GLI-00074-000,61,0.0875,1579,18037,1579.0,18037.0
BraTS-GLI-00074-000,62,0.105,1903,18128,1903.0,18128.0
BraTS-GLI-00074-000,63,0.1194,2175,18221,2175.0,18221.0
BraTS-GLI-00074-000,64,0.1256,2304,18348,2304.0,18348.0
BraTS-GLI-00074-000,65,0.1434,2647,18458,2647.0,18458.0
BraTS-GLI-00074-000,66,0.1469,2729,18573,2729.0,18573.0
BraTS-GLI-00074-000,67,0.1629,3045,18696,3045.0,18696.0
BraTS-GLI-00074-000,68,0.1596,3004,18821,3004.0,18821.0
BraTS-GLI-00074-000,69,0.1698,3226,18998,3226.0,18998.0
BraTS-GLI-00074-000,70,0.1805,3455,19138,3455.0,19138.0
BraTS-GLI-00074-000,71,0.176,3385,19234,3385.0,19234.0
BraTS-GLI-00074-000,72,0.1867,3604,19306,3604.0,19306.0
BraTS-GLI-00074-000,73,0.1818,3517,19350,3517.0,19350.0
BraTS-GLI-00074-000,74,0.1841,3573,19409,3573.0,19409.0
BraTS-GLI-00074-000,75,0.1849,3595,19448,3595.0,19448.0
BraTS-GLI-00074-000,76,0.1878,3652,19448,3652.0,19448.0
BraTS-GLI-00074-000,77,0.1897,3689,19449,3689.0,19449.0
BraTS-GLI-00074-000,78,0.1905,3699,19420,3699.0,19420.0
BraTS-GLI-00074-000,79,0.1905,3692,19383,3692.0,19383.0
BraTS-GLI-00074-000,80,0.1906,3686,19336,3686.0,19336.0
BraTS-GLI-00074-000,81,0.1907,3676,19276,3676.0,19276.0
BraTS-GLI-00074-000,82,0.1912,3672,19201,3672.0,19201.0
BraTS-GLI-00074-000,83,0.1925,3683,19131,3683.0,19131.0
BraTS-GLI-00074-000,84,0.1951,3720,19064,3720.0,19064.0
BraTS-GLI-00074-000,85,0.1963,3729,18994,3729.0,18994.0
BraTS-GLI-00074-000,86,0.1994,3769,18906,3769.0,18906.0
BraTS-GLI-00074-000,87,0.2051,3859,18813,3859.0,18813.0
BraTS-GLI-00074-000,88,0.2116,3958,18708,3958.0,18708.0
BraTS-GLI-00074-000,89,0.2152,4002,18599,4002.0,18599.0
BraTS-GLI-00074-000,90,0.2169,4007,18474,4007.0,18474.0
BraTS-GLI-00074-000,91,0.218,4000,18349,4000.0,18349.0
BraTS-GLI-00074-000,92,0.218,3972,18223,3972.0,18223.0
BraTS-GLI-00074-000,93,0.2166,3922,18104,3922.0,18104.0
BraTS-GLI-00074-000,94,0.2151,3865,17968,3865.0,17968.0
BraTS-GLI-00074-000,95,0.2109,3762,17835,3762.0,17835.0
BraTS-GLI-00074-000,96,0.2079,3673,17669,3673.0,17669.0
BraTS-GLI-00074-000,97,0.2054,3595,17504,3595.0,17504.0
BraTS-GLI-00074-000,98,0.2026,3515,17347,3515.0,17347.0
BraTS-GLI-00074-000,99,0.2004,3440,17169,3440.0,17169.0
BraTS-GLI-00074-000,100,0.1979,3360,16976,3360.0,16976.0
BraTS-GLI-00074-000,101,0.1956,3279,16762,3279.0,16762.0
BraTS-GLI-00074-000,102,0.1942,3212,16539,3212.0,16539.0
BraTS-GLI-00074-000,103,0.1923,3135,16305,3135.0,16305.0
BraTS-GLI-00074-000,104,0.189,3038,16078,3038.0,16078.0
BraTS-GLI-00074-000,105,0.1852,2931,15830,2931.0,15830.0
BraTS-GLI-00074-000,106,0.1801,2802,15560,2802.0,15560.0
BraTS-GLI-00074-000,107,0.1743,2662,15271,2662.0,15271.0
BraTS-GLI-00074-000,108,0.167,2503,14986,2503.0,14986.0
BraTS-GLI-00074-000,109,0.16,2353,14703,2353.0,14703.0
BraTS-GLI-00074-000,110,0.1546,2227,14402,2227.0,14402.0
BraTS-GLI-00074-000,111,0.1471,2073,14094,2073.0,14094.0
BraTS-GLI-00074-000,112,0.1385,1909,13787,1909.0,13787.0
BraTS-GLI-00074-000,113,0.1302,1753,13465,1753.0,13465.0
BraTS-GLI-00074-000,114,0.1152,1513,13129,1513.0,13129.0
BraTS-GLI-00074-000,115,0.0963,1229,12762,1229.0,12762.0
BraTS-GLI-00134-000,40,0.0334,457,13678,457.0,13678.0
BraTS-GLI-00134-000,41,0.0426,588,13793,588.0,13793.0
BraTS-GLI-00134-000,42,0.0468,649,13873,649.0,13873.0
BraTS-GLI-00134-000,43,0.0525,735,14001,735.0,14001.0
BraTS-GLI-00134-000,44,0.0601,850,14137,850.0,14137.0
BraTS-GLI-00134-000,45,0.0767,1113,14511,1113.0,14511.0
BraTS-GLI-00134-000,46,0.0934,1379,14765,1379.0,14765.0
BraTS-GLI-00134-000,47,0.1116,1690,15141,1690.0,15141.0
BraTS-GLI-00134-000,48,0.1309,2012,15369,2012.0,15369.0
BraTS-GLI-00134-000,49,0.1462,2331,15946,2331.0,15946.0
BraTS-GLI-00134-000,50,0.1574,2529,16067,2529.0,16067.0
BraTS-GLI-00134-000,51,0.1662,2722,16381,2722.0,16381.0
BraTS-GLI-00134-000,52,0.1751,2886,16486,2886.0,16486.0
BraTS-GLI-00134-000,53,0.1805,3030,16789,3030.0,16789.0
BraTS-GLI-00134-000,54,0.1852,3126,16878,3126.0,16878.0
BraTS-GLI-00134-000,55,0.1909,3276,17162,3276.0,17162.0
BraTS-GLI-00134-000,56,0.1957,3373,17233,3373.0,17233.0
BraTS-GLI-00134-000,57,0.1969,3447,17503,3447.0,17503.0
BraTS-GLI-00134-000,58,0.2012,3537,17581,3537.0,17581.0
BraTS-GLI-00134-000,59,0.2023,3603,17813,3603.0,17813.0
BraTS-GLI-00134-000,60,0.2054,3680,17912,3680.0,17912.0
BraTS-GLI-00134-000,61,0.2062,3741,18139,3741.0,18139.0
BraTS-GLI-00134-000,62,0.2075,3779,18215,3779.0,18215.0
BraTS-GLI-00134-000,63,0.2073,3812,18392,3812.0,18392.0
BraTS-GLI-00134-000,64,0.2064,3804,18433,3804.0,18433.0
BraTS-GLI-00134-000,65,0.205,3805,18564,3805.0,18564.0
BraTS-GLI-00134-000,66,0.2045,3803,18596,3803.0,18596.0
BraTS-GLI-00134-000,67,0.2035,3797,18655,3797.0,18655.0
BraTS-GLI-00134-000,68,0.2027,3783,18667,3783.0,18667.0
BraTS-GLI-00134-000,69,0.2019,3778,18709,3778.0,18709.0
BraTS-GLI-00134-000,70,0.1991,3725,18705,3725.0,18705.0
BraTS-GLI-00134-000,71,0.1975,3697,18721,3697.0,18721.0
BraTS-GLI-00134-000,72,0.1956,3663,18727,3663.0,18727.0
BraTS-GLI-00134-000,73,0.1929,3609,18711,3609.0,18711.0
BraTS-GLI-00134-000,74,0.1903,3559,18700,3559.0,18700.0
BraTS-GLI-00134-000,75,0.1865,3481,18661,3481.0,18661.0
BraTS-GLI-00134-000,76,0.183,3405,18610,3405.0,18610.0
BraTS-GLI-00134-000,77,0.1802,3343,18547,3343.0,18547.0
BraTS-GLI-00134-000,78,0.1766,3263,18474,3263.0,18474.0
BraTS-GLI-00134-000,79,0.1737,3191,18376,3191.0,18376.0
BraTS-GLI-00134-000,80,0.1683,3077,18286,3077.0,18286.0
BraTS-GLI-00134-000,81,0.1633,2966,18158,2966.0,18158.0
BraTS-GLI-00134-000,82,0.1586,2863,18049,2863.0,18049.0
BraTS-GLI-00134-000,83,0.1521,2724,17906,2724.0,17906.0
BraTS-GLI-00134-000,84,0.1456,2590,17783,2590.0,17783.0
BraTS-GLI-00134-000,85,0.1412,2490,17629,2490.0,17629.0
BraTS-GLI-00134-000,86,0.1366,2391,17500,2391.0,17500.0
BraTS-GLI-00134-000,87,0.1313,2278,17344,2278.0,17344.0
BraTS-GLI-00134-000,88,0.1242,2136,17193,2136.0,17193.0
BraTS-GLI-00134-000,89,0.1167,1988,17042,1988.0,17042.0
BraTS-GLI-00134-000,90,0.1078,1821,16895,1821.0,16895.0
BraTS-GLI-00134-000,91,0.1016,1698,16705,1698.0,16705.0
BraTS-GLI-00134-000,92,0.0958,1586,16547,1586.0,16547.0
BraTS-GLI-00134-000,93,0.0905,1477,16329,1477.0,16329.0
BraTS-GLI-00134-000,94,0.0852,1375,16138,1375.0,16138.0
BraTS-GLI-00134-000,95,0.0787,1255,15937,1255.0,15937.0
BraTS-GLI-00134-000,96,0.0725,1141,15729,1141.0,15729.0
BraTS-GLI-00134-000,97,0.0655,1015,15496,1015.0,15496.0
BraTS-GLI-00134-000,98,0.0613,934,15243,934.0,15243.0
BraTS-GLI-00134-000,99,0.0564,844,14969,844.0,14969.0
BraTS-GLI-00134-000,100,0.0475,699,14713,699.0,14713.0
BraTS-GLI-00134-000,101,0.0356,512,14383,512.0,14383.0
BraTS-GLI-00134-000,102,0.028,395,14112,395.0,14112.0
BraTS-GLI-00134-000,103,0.0186,256,13796,256.0,13796.0
BraTS-GLI-00134-000,104,0.0072,98,13526,98.0,13526.0
BraTS-GLI-00289-000,40,0.0162,193,11938,193.0,11938.0
BraTS-GLI-00289-000,41,0.0296,359,12109,359.0,12109.0
BraTS-GLI-00289-000,42,0.0443,542,12237,542.0,12237.0
BraTS-GLI-00289-000,43,0.0608,751,12350,751.0,12350.0
BraTS-GLI-00289-000,44,0.0776,965,12443,965.0,12443.0
BraTS-GLI-00289-000,45,0.0913,1143,12521,1143.0,12521.0
BraTS-GLI-00289-000,46,0.1049,1322,12598,1322.0,12598.0
BraTS-GLI-00289-000,47,0.1142,1449,12684,1449.0,12684.0
BraTS-GLI-00289-000,48,0.1248,1599,12814,1599.0,12814.0
BraTS-GLI-00289-000,49,0.1293,1685,13028,1685.0,13028.0
BraTS-GLI-00289-000,50,0.1305,1772,13581,1772.0,13581.0
BraTS-GLI-00289-000,51,0.1288,1810,14051,1810.0,14051.0
BraTS-GLI-00289-000,52,0.1257,1807,14373,1807.0,14373.0
BraTS-GLI-00289-000,53,0.1221,1796,14715,1796.0,14715.0
BraTS-GLI-00289-000,54,0.12,1793,14937,1793.0,14937.0
BraTS-GLI-00289-000,55,0.1159,1758,15169,1758.0,15169.0
BraTS-GLI-00289-000,56,0.1114,1711,15354,1711.0,15354.0
BraTS-GLI-00289-000,57,0.1084,1682,15521,1682.0,15521.0
BraTS-GLI-00289-000,58,0.1034,1622,15680,1622.0,15680.0
BraTS-GLI-00289-000,59,0.0998,1581,15840,1581.0,15840.0
BraTS-GLI-00289-000,60,0.0925,1480,16000,1480.0,16000.0
BraTS-GLI-00289-000,61,0.0899,1455,16193,1455.0,16193.0
BraTS-GLI-00289-000,62,0.0833,1366,16392,1366.0,16392.0
BraTS-GLI-00289-000,63,0.0794,1316,16577,1316.0,16577.0
BraTS-GLI-00289-000,64,0.0735,1231,16754,1231.0,16754.0
BraTS-GLI-00289-000,65,0.0683,1155,16905,1155.0,16905.0
BraTS-GLI-00289-000,66,0.0611,1040,17035,1040.0,17035.0
BraTS-GLI-00289-000,67,0.0532,911,17115,911.0,17115.0
BraTS-GLI-00289-000,68,0.0417,717,17207,717.0,17207.0
BraTS-GLI-00289-000,69,0.0301,519,17269,519.0,17269.0
BraTS-GLI-00289-000,70,0.0258,447,17330,447.0,17330.0
BraTS-GLI-00289-000,71,0.0187,325,17361,325.0,17361.0
BraTS-GLI-00289-000,72,0.0149,259,17380,259.0,17380.0
BraTS-GLI-00289-000,73,0.0123,214,17393,214.0,17393.0
BraTS-GLI-00289-000,74,0.0093,162,17388,162.0,17388.0
BraTS-GLI-00289-000,75,0.0063,110,17372,110.0,17372.0
BraTS-GLI-00289-000,76,0.0039,67,17345,67.0,17345.0
BraTS-GLI-00289-000,77,0.003,52,17312,52.0,17312.0
BraTS-GLI-00289-000,78,0.0025,44,17283,44.0,17283.0
BraTS-GLI-00289-000,79,0.002,34,17244,34.0,17244.0
BraTS-GLI-00289-000,80,0.0011,19,17191,19.0,17191.0
BraTS-GLI-00289-000,81,0.0009,16,17112,16.0,17112.0
BraTS-GLI-00289-000,82,0.001,17,17014,17.0,17014.0
BraTS-GLI-00289-000,83,0.0006,10,16934,10.0,16934.0
BraTS-GLI-00289-000,84,0.0003,5,16863,5.0,16863.0
BraTS-GLI-00289-000,85,0.0002,3,16759,3.0,16759.0
BraTS-GLI-00289-000,86,0.0002,3,16683,3.0,16683.0
BraTS-GLI-01316-000,41,0.0004,3,7351,3.0,7351.0
BraTS-GLI-01316-000,42,0.0152,118,7759,118.0,7759.0
BraTS-GLI-01316-000,43,0.0292,245,8390,245.0,8390.0
BraTS-GLI-01316-000,44,0.0401,356,8880,356.0,8880.0
BraTS-GLI-01316-000,45,0.0575,537,9345,537.0,9345.0
BraTS-GLI-01316-000,46,0.0858,854,9948,854.0,9948.0
BraTS-GLI-01316-000,47,0.1148,1190,10368,1190.0,10368.0
BraTS-GLI-01316-000,48,0.1363,1444,10597,1444.0,10597.0
BraTS-GLI-01316-000,49,0.1572,1694,10777,1694.0,10777.0
BraTS-GLI-01316-000,50,0.1874,2050,10940,2050.0,10940.0
BraTS-GLI-01316-000,51,0.2221,2460,11077,2460.0,11077.0
BraTS-GLI-01316-000,52,0.2402,2693,11210,2693.0,11210.0
BraTS-GLI-01316-000,53,0.2506,2848,11364,2848.0,11364.0
BraTS-GLI-01316-000,54,0.2593,2978,11486,2978.0,11486.0
BraTS-GLI-01316-000,55,0.2609,3033,11627,3033.0,11627.0
BraTS-GLI-01316-000,56,0.261,3077,11791,3077.0,11791.0
BraTS-GLI-01316-000,57,0.2632,3140,11929,3140.0,11929.0
BraTS-GLI-01316-000,58,0.2656,3212,12093,3212.0,12093.0
BraTS-GLI-01316-000,59,0.2631,3257,12380,3257.0,12380.0
BraTS-GLI-01316-000,60,0.2559,3277,12806,3277.0,12806.0
BraTS-GLI-01316-000,61,0.2469,3253,13177,3253.0,13177.0
BraTS-GLI-01316-000,62,0.2408,3234,13432,3234.0,13432.0
BraTS-GLI-01316-000,63,0.2343,3212,13708,3212.0,13708.0
BraTS-GLI-01316-000,64,0.2306,3251,14096,3251.0,14096.0
BraTS-GLI-01316-000,65,0.2314,3279,14170,3279.0,14170.0
BraTS-GLI-01316-000,66,0.2315,3316,14323,3316.0,14323.0
BraTS-GLI-01316-000,67,0.2314,3343,14445,3343.0,14445.0
BraTS-GLI-01316-000,68,0.2337,3406,14573,3406.0,14573.0
BraTS-GLI-01316-000,69,0.2362,3472,14700,3472.0,14700.0
BraTS-GLI-01316-000,70,0.2335,3477,14888,3477.0,14888.0
BraTS-GLI-01316-000,71,0.2279,3431,15054,3431.0,15054.0
BraTS-GLI-01316-000,72,0.2215,3364,15184,3364.0,15184.0
BraTS-GLI-01316-000,73,0.2097,3211,15316,3211.0,15316.0
BraTS-GLI-01316-000,74,0.1984,3061,15432,3061.0,15432.0
BraTS-GLI-01316-000,75,0.186,2899,15583,2899.0,15583.0
BraTS-GLI-01316-000,76,0.1764,2766,15679,2766.0,15679.0
BraTS-GLI-01316-000,77,0.1644,2592,15765,2592.0,15765.0
BraTS-GLI-01316-000,78,0.1558,2470,15850,2470.0,15850.0
BraTS-GLI-01316-000,79,0.1465,2320,15841,2320.0,15841.0
BraTS-GLI-01316-000,80,0.1407,2229,15841,2229.0,15841.0
BraTS-GLI-01316-000,81,0.1362,2155,15817,2155.0,15817.0
BraTS-GLI-01316-000,82,0.1319,2082,15784,2082.0,15784.0
BraTS-GLI-01316-000,83,0.129,2030,15740,2030.0,15740.0
BraTS-GLI-01316-000,84,0.1261,1981,15712,1981.0,15712.0
BraTS-GLI-01316-000,85,0.1247,1954,15668,1954.0,15668.0
BraTS-GLI-01316-000,86,0.1227,1918,15631,1918.0,15631.0
BraTS-GLI-01316-000,87,0.1188,1852,15589,1852.0,15589.0
BraTS-GLI-01316-000,88,0.1151,1787,15531,1787.0,15531.0
BraTS-GLI-01316-000,89,0.1116,1726,15468,1726.0,15468.0
BraTS-GLI-01316-000,90,0.1064,1637,15382,1637.0,15382.0
BraTS-GLI-01316-000,91,0.1014,1552,15309,1552.0,15309.0
BraTS-GLI-01316-000,92,0.0942,1435,15227,1435.0,15227.0
BraTS-GLI-01316-000,93,0.0858,1296,15105,1296.0,15105.0
BraTS-GLI-01316-000,94,0.0828,1241,14994,1241.0,14994.0
BraTS-GLI-01316-000,95,0.0788,1173,14883,1173.0,14883.0
BraTS-GLI-01316-000,96,0.0767,1124,14650,1124.0,14650.0
BraTS-GLI-01316-000,97,0.0747,1089,14578,1089.0,14578.0
BraTS-GLI-01316-000,98,0.0723,1042,14422,1042.0,14422.0
BraTS-GLI-01316-000,99,0.0696,994,14275,994.0,14275.0
BraTS-GLI-01316-000,100,0.0633,891,14086,891.0,14086.0
BraTS-GLI-01316-000,101,0.0531,739,13905,739.0,13905.0
BraTS-GLI-01316-000,102,0.0444,607,13671,607.0,13671.0
BraTS-GLI-01316-000,103,0.0349,471,13483,471.0,13483.0
BraTS-GLI-01316-000,104,0.0275,364,13254,364.0,13254.0
BraTS-GLI-01316-000,105,0.0226,293,12967,293.0,12967.0
BraTS-GLI-01316-000,106,0.0187,238,12715,238.0,12715.0
BraTS-GLI-01316-000,107,0.0144,179,12388,179.0,12388.0
BraTS-GLI-01316-000,108,0.0124,150,12117,150.0,12117.0
BraTS-GLI-01316-000,109,0.0106,125,11830,125.0,11830.0
BraTS-GLI-01316-000,110,0.0086,99,11487,99.0,11487.0
BraTS-GLI-01316-000,111,0.0046,51,11183,51.0,11183.0
BraTS-GLI-01316-000,112,0.0005,5,10860,5.0,10860.0
BraTS-GLI-00095-000,44,0.0007,8,12106,8.0,12106.0
BraTS-GLI-00095-000,45,0.0027,34,12774,34.0,12774.0
BraTS-GLI-00095-000,46,0.0113,152,13475,152.0,13475.0
BraTS-GLI-00095-000,47,0.0159,223,13984,223.0,13984.0
BraTS-GLI-00095-000,48,0.0194,280,14467,280.0,14467.0
BraTS-GLI-00095-000,49,0.0218,330,15137,330.0,15137.0
BraTS-GLI-00095-000,50,0.0247,395,15973,395.0,15973.0
BraTS-GLI-00095-000,51,0.028,469,16739,469.0,16739.0
BraTS-GLI-00095-000,52,0.0339,585,17242,585.0,17242.0
BraTS-GLI-00095-000,53,0.0466,827,17744,827.0,17744.0
BraTS-GLI-00095-000,54,0.0602,1100,18287,1100.0,18287.0
BraTS-GLI-00095-000,55,0.0743,1395,18782,1395.0,18782.0
BraTS-GLI-00095-000,56,0.0874,1684,19267,1684.0,19267.0
BraTS-GLI-00095-000,57,0.0989,1945,19675,1945.0,19675.0
BraTS-GLI-00095-000,58,0.1205,2419,20068,2419.0,20068.0
BraTS-GLI-00095-000,59,0.1464,2980,20356,2980.0,20356.0
BraTS-GLI-00095-000,60,0.1621,3340,20599,3340.0,20599.0
BraTS-GLI-00095-000,61,0.1735,3599,20746,3599.0,20746.0
BraTS-GLI-00095-000,62,0.183,3824,20895,3824.0,20895.0
BraTS-GLI-00095-000,63,0.19,3993,21011,3993.0,21011.0
BraTS-GLI-00095-000,64,0.1957,4135,21127,4135.0,21127.0
BraTS-GLI-00095-000,65,0.2013,4272,21218,4272.0,21218.0
BraTS-GLI-00095-000,66,0.212,4509,21265,4509.0,21265.0
BraTS-GLI-00095-000,67,0.2204,4693,21295,4693.0,21295.0
BraTS-GLI-00095-000,68,0.2272,4838,21290,4838.0,21290.0
BraTS-GLI-00095-000,69,0.2338,4973,21272,4973.0,21272.0
BraTS-GLI-00095-000,70,0.239,5076,21236,5076.0,21236.0
BraTS-GLI-00095-000,71,0.2405,5096,21188,5096.0,21188.0
BraTS-GLI-00095-000,72,0.2428,5141,21170,5141.0,21170.0
BraTS-GLI-00095-000,73,0.2431,5141,21147,5141.0,21147.0
BraTS-GLI-00095-000,74,0.2455,5185,21124,5185.0,21124.0
BraTS-GLI-00095-000,75,0.2463,5191,21076,5191.0,21076.0
BraTS-GLI-00095-000,76,0.2482,5219,21028,5219.0,21028.0
BraTS-GLI-00095-000,77,0.2496,5241,21001,5241.0,21001.0
BraTS-GLI-00095-000,78,0.2505,5244,20933,5244.0,20933.0
BraTS-GLI-00095-000,79,0.2489,5200,20890,5200.0,20890.0
BraTS-GLI-00095-000,80,0.2472,5147,20823,5147.0,20823.0
BraTS-GLI-00095-000,81,0.245,5086,20756,5086.0,20756.0
BraTS-GLI-00095-000,82,0.2432,5028,20671,5028.0,20671.0
BraTS-GLI-00095-000,83,0.2413,4966,20581,4966.0,20581.0
BraTS-GLI-00095-000,84,0.2373,4856,20463,4856.0,20463.0
BraTS-GLI-00095-000,85,0.233,4749,20382,4749.0,20382.0
BraTS-GLI-00095-000,86,0.229,4640,20258,4640.0,20258.0
BraTS-GLI-00095-000,87,0.2277,4581,20120,4581.0,20120.0
BraTS-GLI-00095-000,88,0.224,4476,19986,4476.0,19986.0
BraTS-GLI-00095-000,89,0.2193,4351,19836,4351.0,19836.0
BraTS-GLI-00095-000,90,0.2209,4345,19669,4345.0,19669.0
BraTS-GLI-00095-000,91,0.2266,4421,19506,4421.0,19506.0
BraTS-GLI-00095-000,92,0.2314,4476,19340,4476.0,19340.0
BraTS-GLI-00095-000,93,0.2343,4489,19161,4489.0,19161.0
BraTS-GLI-00095-000,94,0.2346,4460,19009,4460.0,19009.0
BraTS-GLI-00095-000,95,0.2338,4404,18838,4404.0,18838.0
BraTS-GLI-00095-000,96,0.2315,4318,18652,4318.0,18652.0
BraTS-GLI-00095-000,97,0.2248,4141,18420,4141.0,18420.0
BraTS-GLI-00095-000,98,0.2189,3973,18151,3973.0,18151.0
BraTS-GLI-00095-000,99,0.2132,3813,17884,3813.0,17884.0
BraTS-GLI-00095-000,100,0.2045,3603,17621,3603.0,17621.0
BraTS-GLI-00095-000,101,0.1926,3342,17353,3342.0,17353.0
BraTS-GLI-00095-000,102,0.1838,3137,17066,3137.0,17066.0
BraTS-GLI-00095-000,103,0.1708,2868,16794,2868.0,16794.0
BraTS-GLI-00095-000,104,0.1581,2612,16524,2612.0,16524.0
BraTS-GLI-00095-000,105,0.1487,2416,16246,2416.0,16246.0
BraTS-GLI-00095-000,106,0.1438,2294,15948,2294.0,15948.0
BraTS-GLI-00095-000,107,0.1409,2202,15628,2202.0,15628.0
BraTS-GLI-00095-000,108,0.1368,2091,15284,2091.0,15284.0
BraTS-GLI-00095-000,109,0.1321,1971,14916,1971.0,14916.0
BraTS-GLI-00095-000,110,0.1291,1879,14558,1879.0,14558.0
BraTS-GLI-00095-000,111,0.1254,1780,14191,1780.0,14191.0
BraTS-GLI-00095-000,112,0.1188,1639,13795,1639.0,13795.0
BraTS-GLI-00095-000,113,0.1069,1429,13362,1429.0,13362.0
BraTS-GLI-00095-000,114,0.0904,1172,12970,1172.0,12970.0
BraTS-GLI-00095-000,115,0.0732,917,12532,917.0,12532.0
BraTS-GLI-01527-000,40,0.1348,1553,11517,1553.0,11517.0
BraTS-GLI-01527-000,41,0.1449,1725,11908,1725.0,11908.0
BraTS-GLI-01527-000,42,0.1589,1918,12068,1918.0,12068.0
BraTS-GLI-01527-000,43,0.1676,2060,12290,2060.0,12290.0
BraTS-GLI-01527-000,44,0.1775,2201,12402,2201.0,12402.0
BraTS-GLI-01527-000,45,0.1801,2267,12588,2267.0,12588.0
BraTS-GLI-01527-000,46,0.1844,2341,12693,2341.0,12693.0
BraTS-GLI-01527-000,47,0.1854,2391,12893,2391.0,12893.0
BraTS-GLI-01527-000,48,0.185,2415,13056,2415.0,13056.0
BraTS-GLI-01527-000,49,0.1793,2432,13562,2432.0,13562.0
BraTS-GLI-01527-000,50,0.1797,2469,13737,2469.0,13737.0
BraTS-GLI-01527-000,51,0.1771,2489,14057,2489.0,14057.0
BraTS-GLI-01527-000,52,0.177,2511,14183,2511.0,14183.0
BraTS-GLI-01527-000,53,0.1762,2543,14430,2543.0,14430.0
BraTS-GLI-01527-000,54,0.1753,2549,14538,2549.0,14538.0
BraTS-GLI-01527-000,55,0.172,2547,14810,2547.0,14810.0
BraTS-GLI-01527-000,56,0.169,2518,14902,2518.0,14902.0
BraTS-GLI-01527-000,57,0.1633,2480,15188,2480.0,15188.0
BraTS-GLI-01527-000,58,0.1596,2438,15280,2438.0,15280.0
BraTS-GLI-01527-000,59,0.1535,2389,15560,2389.0,15560.0
BraTS-GLI-01527-000,60,0.1476,2315,15684,2315.0,15684.0
BraTS-GLI-01527-000,61,0.1401,2239,15986,2239.0,15986.0
BraTS-GLI-01527-000,62,0.1338,2149,16064,2149.0,16064.0
BraTS-GLI-01527-000,63,0.1293,2110,16323,2110.0,16323.0
BraTS-GLI-01527-000,64,0.1268,2080,16399,2080.0,16399.0
BraTS-GLI-01527-000,65,0.1225,2028,16550,2028.0,16550.0
BraTS-GLI-01527-000,66,0.1186,1968,16587,1968.0,16587.0
BraTS-GLI-01527-000,67,0.113,1885,16683,1885.0,16683.0
BraTS-GLI-01527-000,68,0.1075,1794,16691,1794.0,16691.0
BraTS-GLI-01527-000,69,0.1004,1685,16782,1685.0,16782.0
BraTS-GLI-01527-000,70,0.0962,1613,16768,1613.0,16768.0
BraTS-GLI-01527-000,71,0.0907,1522,16772,1522.0,16772.0
BraTS-GLI-01527-000,72,0.0861,1442,16747,1442.0,16747.0
BraTS-GLI-01527-000,73,0.0823,1378,16745,1378.0,16745.0
BraTS-GLI-01527-000,74,0.0759,1269,16730,1269.0,16730.0
BraTS-GLI-01527-000,75,0.0675,1127,16701,1127.0,16701.0
BraTS-GLI-01527-000,76,0.0558,931,16680,931.0,16680.0
BraTS-GLI-01527-000,77,0.0419,697,16638,697.0,16638.0
BraTS-GLI-01527-000,78,0.0266,442,16623,442.0,16623.0
BraTS-GLI-01527-000,79,0.0154,255,16578,255.0,16578.0
BraTS-GLI-01527-000,80,0.0071,117,16545,117.0,16545.0
BraTS-GLI-01527-000,81,0.001,16,16491,16.0,16491.0
BraTS-GLI-01287-000,66,0.0013,24,18360,24.0,18360.0
BraTS-GLI-01287-000,67,0.0019,36,18477,36.0,18477.0
BraTS-GLI-01287-000,68,0.003,55,18587,55.0,18587.0
BraTS-GLI-01287-000,69,0.0028,53,18673,53.0,18673.0
BraTS-GLI-01287-000,70,0.0035,66,18730,66.0,18730.0
BraTS-GLI-01287-000,71,0.0035,65,18787,65.0,18787.0
BraTS-GLI-01287-000,72,0.0039,73,18818,73.0,18818.0
BraTS-GLI-01287-000,73,0.0037,70,18840,70.0,18840.0
BraTS-GLI-01287-000,74,0.0034,64,18831,64.0,18831.0
BraTS-GLI-01287-000,75,0.0059,111,18817,111.0,18817.0
BraTS-GLI-01287-000,76,0.0086,162,18799,162.0,18799.0
BraTS-GLI-01287-000,77,0.0089,167,18775,167.0,18775.0
BraTS-GLI-01287-000,78,0.0145,272,18763,272.0,18763.0
BraTS-GLI-01287-000,79,0.019,356,18721,356.0,18721.0
BraTS-GLI-01287-000,80,0.0235,438,18661,438.0,18661.0
BraTS-GLI-01287-000,81,0.031,576,18599,576.0,18599.0
BraTS-GLI-01287-000,82,0.0377,698,18532,698.0,18532.0
BraTS-GLI-01287-000,83,0.0569,1051,18465,1051.0,18465.0
BraTS-GLI-01287-000,84,0.0656,1208,18411,1208.0,18411.0
BraTS-GLI-01287-000,85,0.0693,1271,18338,1271.0,18338.0
BraTS-GLI-01287-000,86,0.0753,1374,18240,1374.0,18240.0
BraTS-GLI-01287-000,87,0.0858,1554,18122,1554.0,18122.0
BraTS-GLI-01287-000,88,0.0881,1585,17995,1585.0,17995.0
BraTS-GLI-01287-000,89,0.0969,1729,17852,1729.0,17852.0
BraTS-GLI-01287-000,90,0.105,1859,17707,1859.0,17707.0
BraTS-GLI-01287-000,91,0.1096,1922,17534,1922.0,17534.0
BraTS-GLI-01287-000,92,0.1139,1976,17347,1976.0,17347.0
BraTS-GLI-01287-000,93,0.1127,1934,17168,1934.0,17168.0
BraTS-GLI-01287-000,94,0.115,1956,17007,1956.0,17007.0
BraTS-GLI-01287-000,95,0.1198,2012,16794,2012.0,16794.0
BraTS-GLI-01287-000,96,0.1235,2045,16562,2045.0,16562.0
BraTS-GLI-01287-000,97,0.1272,2076,16315,2076.0,16315.0
BraTS-GLI-01287-000,98,0.1331,2140,16084,2140.0,16084.0
BraTS-GLI-01287-000,99,0.1331,2111,15862,2111.0,15862.0
BraTS-GLI-01287-000,100,0.1382,2157,15612,2157.0,15612.0
BraTS-GLI-01287-000,101,0.1419,2181,15375,2181.0,15375.0
BraTS-GLI-01287-000,102,0.1427,2156,15113,2156.0,15113.0
BraTS-GLI-01287-000,103,0.141,2092,14837,2092.0,14837.0
BraTS-GLI-01287-000,104,0.1399,2035,14546,2035.0,14546.0
BraTS-GLI-01287-000,105,0.1404,1999,14238,1999.0,14238.0
BraTS-GLI-01287-000,106,0.1411,1964,13923,1964.0,13923.0
BraTS-GLI-01287-000,107,0.1453,1976,13598,1976.0,13598.0
BraTS-GLI-01287-000,108,0.1497,1989,13283,1989.0,13283.0
BraTS-GLI-01287-000,109,0.1554,2009,12932,2009.0,12932.0
BraTS-GLI-01287-000,110,0.1613,2022,12536,2022.0,12536.0
BraTS-GLI-01287-000,111,0.168,2045,12174,2045.0,12174.0
BraTS-GLI-01287-000,112,0.1748,2056,11763,2056.0,11763.0
BraTS-GLI-01287-000,113,0.1809,2058,11378,2058.0,11378.0
BraTS-GLI-01287-000,114,0.1873,2058,10990,2058.0,10990.0
BraTS-GLI-01287-000,115,0.1941,2060,10614,2060.0,10614.0
BraTS-GLI-00444-000,43,0.0006,8,13777,8.0,13777.0
BraTS-GLI-00444-000,44,0.0017,24,13916,24.0,13916.0
BraTS-GLI-00444-000,45,0.0035,50,14170,50.0,14170.0
BraTS-GLI-00444-000,46,0.0055,79,14348,79.0,14348.0
BraTS-GLI-00444-000,47,0.0067,101,15137,101.0,15137.0
BraTS-GLI-00444-000,48,0.0088,136,15443,136.0,15443.0
BraTS-GLI-00444-000,49,0.0156,243,15627,243.0,15627.0
BraTS-GLI-00444-000,50,0.0219,345,15741,345.0,15741.0
BraTS-GLI-00444-000,51,0.0268,425,15848,425.0,15848.0
BraTS-GLI-00444-000,52,0.0325,519,15963,519.0,15963.0
BraTS-GLI-00444-000,53,0.0402,649,16145,649.0,16145.0
BraTS-GLI-00444-000,54,0.0452,736,16299,736.0,16299.0
BraTS-GLI-00444-000,55,0.0491,806,16402,806.0,16402.0
BraTS-GLI-00444-000,56,0.0516,853,16540,853.0,16540.0
BraTS-GLI-00444-000,57,0.0542,905,16691,905.0,16691.0
BraTS-GLI-00444-000,58,0.0563,951,16891,951.0,16891.0
BraTS-GLI-00444-000,59,0.0581,989,17036,989.0,17036.0
BraTS-GLI-00444-000,60,0.0565,970,17158,970.0,17158.0
BraTS-GLI-00444-000,61,0.0492,848,17253,848.0,17253.0
BraTS-GLI-00444-000,62,0.0492,854,17347,854.0,17347.0
BraTS-GLI-00444-000,63,0.0484,848,17536,848.0,17536.0
BraTS-GLI-00444-000,64,0.0441,780,17700,780.0,17700.0
BraTS-GLI-00444-000,65,0.0415,738,17794,738.0,17794.0
BraTS-GLI-00444-000,66,0.0372,664,17840,664.0,17840.0
BraTS-GLI-00444-000,67,0.0338,605,17884,605.0,17884.0
BraTS-GLI-00444-000,68,0.0323,578,17907,578.0,17907.0
BraTS-GLI-00444-000,69,0.0302,542,17962,542.0,17962.0
BraTS-GLI-00444-000,70,0.0275,496,18022,496.0,18022.0
BraTS-GLI-00444-000,71,0.0264,477,18055,477.0,18055.0
BraTS-GLI-00444-000,72,0.0245,443,18074,443.0,18074.0
BraTS-GLI-00444-000,73,0.0225,407,18098,407.0,18098.0
BraTS-GLI-00444-000,74,0.0212,384,18096,384.0,18096.0
BraTS-GLI-00444-000,75,0.0184,332,18062,332.0,18062.0
BraTS-GLI-00444-000,76,0.0171,309,18049,309.0,18049.0
BraTS-GLI-00444-000,77,0.0172,310,18049,310.0,18049.0
BraTS-GLI-00444-000,78,0.0135,244,18031,244.0,18031.0
BraTS-GLI-00444-000,79,0.0121,217,18005,217.0,18005.0
BraTS-GLI-00444-000,80,0.0194,348,17945,348.0,17945.0
BraTS-GLI-00444-000,81,0.0166,296,17875,296.0,17875.0
BraTS-GLI-00444-000,82,0.0139,248,17842,248.0,17842.0
BraTS-GLI-00444-000,83,0.0114,203,17773,203.0,17773.0
BraTS-GLI-00444-000,84,0.0094,166,17691,166.0,17691.0
BraTS-GLI-00444-000,85,0.0074,131,17587,131.0,17587.0
BraTS-GLI-00444-000,86,0.0056,97,17474,97.0,17474.0
BraTS-GLI-00444-000,87,0.0035,61,17350,61.0,17350.0
BraTS-GLI-00444-000,88,0.002,35,17223,35.0,17223.0
BraTS-GLI-00444-000,89,0.0009,16,17088,16.0,17088.0
BraTS-GLI-01212-000,40,0.0139,150,10818,150.0,10818.0
BraTS-GLI-01212-000,41,0.0188,210,11172,210.0,11172.0
BraTS-GLI-01212-000,42,0.0263,303,11502,303.0,11502.0
BraTS-GLI-01212-000,43,0.0273,321,11765,321.0,11765.0
BraTS-GLI-01212-000,44,0.0255,306,11980,306.0,11980.0
BraTS-GLI-01212-000,45,0.0245,299,12195,299.0,12195.0
BraTS-GLI-01212-000,46,0.0241,300,12431,300.0,12431.0
BraTS-GLI-01212-000,47,0.0185,235,12679,235.0,12679.0
BraTS-GLI-01212-000,48,0.0164,212,12926,212.0,12926.0
BraTS-GLI-01212-000,49,0.0177,236,13353,236.0,13353.0
BraTS-GLI-01212-000,50,0.0207,287,13853,287.0,13853.0
BraTS-GLI-01212-000,51,0.0239,345,14411,345.0,14411.0
BraTS-GLI-01212-000,52,0.0284,419,14774,419.0,14774.0
BraTS-GLI-01212-000,53,0.0296,445,15011,445.0,15011.0
BraTS-GLI-01212-000,54,0.0353,539,15255,539.0,15255.0
BraTS-GLI-01212-000,55,0.042,651,15499,651.0,15499.0
BraTS-GLI-01212-000,56,0.0481,757,15735,757.0,15735.0
BraTS-GLI-01212-000,57,0.0518,829,15998,829.0,15998.0
BraTS-GLI-01212-000,58,0.0565,915,16207,915.0,16207.0
BraTS-GLI-01212-000,59,0.0603,989,16413,989.0,16413.0
BraTS-GLI-01212-000,60,0.0655,1089,16634,1089.0,16634.0
BraTS-GLI-01212-000,61,0.07,1181,16861,1181.0,16861.0
BraTS-GLI-01212-000,62,0.0725,1241,17108,1241.0,17108.0
BraTS-GLI-01212-000,63,0.0737,1278,17349,1278.0,17349.0
BraTS-GLI-01212-000,64,0.0753,1323,17571,1323.0,17571.0
BraTS-GLI-01212-000,65,0.0761,1356,17807,1356.0,17807.0
BraTS-GLI-01212-000,66,0.0768,1383,18012,1383.0,18012.0
BraTS-GLI-01212-000,67,0.077,1399,18179,1399.0,18179.0
BraTS-GLI-01212-000,68,0.0762,1396,18319,1396.0,18319.0
BraTS-GLI-01212-000,69,0.0741,1365,18421,1365.0,18421.0
BraTS-GLI-01212-000,70,0.0713,1318,18478,1318.0,18478.0
BraTS-GLI-01212-000,71,0.0666,1235,18548,1235.0,18548.0
BraTS-GLI-01212-000,72,0.0623,1159,18596,1159.0,18596.0
BraTS-GLI-01212-000,73,0.0591,1100,18625,1100.0,18625.0
BraTS-GLI-01212-000,74,0.0558,1040,18648,1040.0,18648.0
BraTS-GLI-01212-000,75,0.0501,935,18663,935.0,18663.0
BraTS-GLI-01212-000,76,0.044,821,18675,821.0,18675.0
BraTS-GLI-01212-000,77,0.0375,701,18678,701.0,18678.0
BraTS-GLI-01212-000,78,0.0318,595,18693,595.0,18693.0
BraTS-GLI-01212-000,79,0.0247,461,18693,461.0,18693.0
BraTS-GLI-01212-000,80,0.0186,347,18686,347.0,18686.0
BraTS-GLI-01212-000,81,0.0139,259,18673,259.0,18673.0
BraTS-GLI-01212-000,82,0.0074,137,18621,137.0,18621.0
BraTS-GLI-01212-000,83,0.0009,17,18560,17.0,18560.0
BraTS-GLI-01212-000,84,0.0002,3,18492,3.0,18492.0
BraTS-GLI-01212-000,85,0.0001,2,18417,2.0,18417.0
BraTS-GLI-01212-000,86,0.0001,2,18339,2.0,18339.0
BraTS-GLI-01212-000,87,0.0001,2,18267,2.0,18267.0
BraTS-GLI-01212-000,88,0.0001,1,18188,1.0,18188.0
BraTS-GLI-01212-000,89,0.0001,2,18096,2.0,18096.0
BraTS-GLI-01212-000,90,0.0001,2,17989,2.0,17989.0
BraTS-GLI-00714-001,40,0.0159,157,9849,157.0,9849.0
BraTS-GLI-00714-001,41,0.0225,227,10098,227.0,10098.0
BraTS-GLI-00714-001,42,0.0257,264,10259,264.0,10259.0
BraTS-GLI-00714-001,43,0.0286,299,10444,299.0,10444.0
BraTS-GLI-00714-001,44,0.0361,383,10623,383.0,10623.0
BraTS-GLI-00714-001,45,0.0503,545,10827,545.0,10827.0
BraTS-GLI-00714-001,46,0.0564,624,11065,624.0,11065.0
BraTS-GLI-00714-001,47,0.0601,676,11250,676.0,11250.0
BraTS-GLI-00714-001,48,0.0625,714,11427,714.0,11427.0
BraTS-GLI-00714-001,49,0.0643,743,11561,743.0,11561.0
BraTS-GLI-00714-001,50,0.0666,777,11659,777.0,11659.0
BraTS-GLI-00714-001,51,0.0674,796,11808,796.0,11808.0
BraTS-GLI-00714-001,52,0.0672,814,12107,814.0,12107.0
BraTS-GLI-00714-001,53,0.0644,812,12605,812.0,12605.0
BraTS-GLI-00714-001,54,0.0618,798,12923,798.0,12923.0
BraTS-GLI-00714-001,55,0.0629,826,13123,826.0,13123.0
BraTS-GLI-00714-001,56,0.0686,910,13274,910.0,13274.0
BraTS-GLI-00714-001,57,0.0788,1057,13420,1057.0,13420.0
BraTS-GLI-00714-001,58,0.0975,1326,13596,1326.0,13596.0
BraTS-GLI-00714-001,59,0.1092,1498,13713,1498.0,13713.0
BraTS-GLI-00714-001,60,0.1161,1603,13808,1603.0,13808.0
BraTS-GLI-00714-001,61,0.1217,1706,14016,1706.0,14016.0
BraTS-GLI-00714-001,62,0.1267,1793,14156,1793.0,14156.0
BraTS-GLI-00714-001,63,0.1351,1930,14286,1930.0,14286.0
BraTS-GLI-00714-001,64,0.1502,2185,14546,2185.0,14546.0
BraTS-GLI-00714-001,65,0.1684,2458,14598,2458.0,14598.0
BraTS-GLI-00714-001,66,0.1834,2704,14746,2704.0,14746.0
BraTS-GLI-00714-001,67,0.196,2917,14880,2917.0,14880.0
BraTS-GLI-00714-001,68,0.2027,3063,15109,3063.0,15109.0
BraTS-GLI-00714-001,69,0.2106,3227,15320,3227.0,15320.0
BraTS-GLI-00714-001,70,0.2215,3431,15493,3431.0,15493.0
BraTS-GLI-00714-001,71,0.2339,3656,15633,3656.0,15633.0
BraTS-GLI-00714-001,72,0.2464,3887,15777,3887.0,15777.0
BraTS-GLI-00714-001,73,0.2576,4096,15902,4096.0,15902.0
BraTS-GLI-00714-001,74,0.2655,4246,15994,4246.0,15994.0
BraTS-GLI-00714-001,75,0.2702,4347,16086,4347.0,16086.0
BraTS-GLI-00714-001,76,0.2809,4520,16090,4520.0,16090.0
BraTS-GLI-00714-001,77,0.2963,4769,16097,4769.0,16097.0
BraTS-GLI-00714-001,78,0.3076,4957,16115,4957.0,16115.0
BraTS-GLI-00714-001,79,0.3139,5060,16118,5060.0,16118.0
BraTS-GLI-00714-001,80,0.3177,5116,16104,5116.0,16104.0
BraTS-GLI-00714-001,81,0.32,5152,16098,5152.0,16098.0
BraTS-GLI-00714-001,82,0.322,5179,16083,5179.0,16083.0
BraTS-GLI-00714-001,83,0.323,5189,16064,5189.0,16064.0
BraTS-GLI-00714-001,84,0.3243,5196,16024,5196.0,16024.0
BraTS-GLI-00714-001,85,0.3233,5164,15972,5164.0,15972.0
BraTS-GLI-00714-001,86,0.3211,5109,15909,5109.0,15909.0
BraTS-GLI-00714-001,87,0.3161,5013,15859,5013.0,15859.0
BraTS-GLI-00714-001,88,0.3114,4922,15808,4922.0,15808.0
BraTS-GLI-00714-001,89,0.3077,4851,15767,4851.0,15767.0
BraTS-GLI-00714-001,90,0.3058,4804,15711,4804.0,15711.0
BraTS-GLI-00714-001,91,0.3033,4748,15655,4748.0,15655.0
BraTS-GLI-00714-001,92,0.2993,4663,15581,4663.0,15581.0
BraTS-GLI-00714-001,93,0.2943,4556,15482,4556.0,15482.0
BraTS-GLI-00714-001,94,0.2881,4433,15388,4433.0,15388.0
BraTS-GLI-00714-001,95,0.2817,4309,15297,4309.0,15297.0
BraTS-GLI-00714-001,96,0.2763,4180,15127,4180.0,15127.0
BraTS-GLI-00714-001,97,0.2709,4083,15072,4083.0,15072.0
BraTS-GLI-00714-001,98,0.2628,3930,14956,3930.0,14956.0
BraTS-GLI-00714-001,99,0.2533,3754,14819,3754.0,14819.0
BraTS-GLI-00714-001,100,0.2432,3565,14660,3565.0,14660.0
BraTS-GLI-00714-001,101,0.2316,3353,14475,3353.0,14475.0
BraTS-GLI-00714-001,102,0.2188,3127,14294,3127.0,14294.0
BraTS-GLI-00714-001,103,0.2093,2955,14119,2955.0,14119.0
BraTS-GLI-00714-001,104,0.2049,2858,13945,2858.0,13945.0
BraTS-GLI-00714-001,105,0.1985,2718,13694,2718.0,13694.0
BraTS-GLI-00714-001,106,0.1917,2580,13457,2580.0,13457.0
BraTS-GLI-00714-001,107,0.182,2395,13162,2395.0,13162.0
BraTS-GLI-00714-001,108,0.1726,2231,12925,2231.0,12925.0
BraTS-GLI-00714-001,109,0.1652,2093,12670,2093.0,12670.0
BraTS-GLI-00714-001,110,0.1569,1942,12378,1942.0,12378.0
BraTS-GLI-00714-001,111,0.147,1779,12100,1779.0,12100.0
BraTS-GLI-00714-001,112,0.1357,1599,11783,1599.0,11783.0
BraTS-GLI-00714-001,113,0.122,1409,11550,1409.0,11550.0
BraTS-GLI-00714-001,114,0.1002,1133,11310,1133.0,11310.0
BraTS-GLI-00714-001,115,0.0785,861,10965,861.0,10965.0
BraTS-GLI-00530-000,94,0.0007,12,17355,12.0,17355.0
BraTS-GLI-00530-000,95,0.0053,91,17149,91.0,17149.0
BraTS-GLI-00530-000,96,0.0088,148,16894,148.0,16894.0
BraTS-GLI-00530-000,97,0.0113,188,16686,188.0,16686.0
BraTS-GLI-00530-000,98,0.0136,223,16434,223.0,16434.0
BraTS-GLI-00530-000,99,0.0155,251,16174,251.0,16174.0
BraTS-GLI-00530-000,100,0.0173,276,15932,276.0,15932.0
BraTS-GLI-00530-000,101,0.019,298,15650,298.0,15650.0
BraTS-GLI-00530-000,102,0.0206,317,15402,317.0,15402.0
BraTS-GLI-00530-000,103,0.0224,338,15119,338.0,15119.0
BraTS-GLI-00530-000,104,0.0234,347,14830,347.0,14830.0
BraTS-GLI-00530-000,105,0.025,364,14532,364.0,14532.0
BraTS-GLI-00530-000,106,0.0265,377,14207,377.0,14207.0
BraTS-GLI-00530-000,107,0.0275,382,13870,382.0,13870.0
BraTS-GLI-00530-000,108,0.0294,397,13520,397.0,13520.0
BraTS-GLI-00530-000,109,0.0301,397,13187,397.0,13187.0
BraTS-GLI-00530-000,110,0.0312,400,12838,400.0,12838.0
BraTS-GLI-00530-000,111,0.0314,393,12509,393.0,12509.0
BraTS-GLI-00530-000,112,0.0325,395,12166,395.0,12166.0
BraTS-GLI-00530-000,113,0.0323,382,11836,382.0,11836.0
BraTS-GLI-00530-000,114,0.0308,353,11474,353.0,11474.0
BraTS-GLI-00530-000,115,0.0292,324,11078,324.0,11078.0
BraTS-GLI-00805-000,65,0.0006,11,18585,11.0,18585.0
BraTS-GLI-00805-000,66,0.0014,27,18692,27.0,18692.0
BraTS-GLI-00805-000,67,0.0023,44,18773,44.0,18773.0
BraTS-GLI-00805-000,68,0.0032,61,18838,61.0,18838.0
BraTS-GLI-00805-000,69,0.0043,81,18899,81.0,18899.0
BraTS-GLI-00805-000,70,0.0053,100,18958,100.0,18958.0
BraTS-GLI-00805-000,71,0.0065,123,19017,123.0,19017.0
BraTS-GLI-00805-000,72,0.0071,136,19070,136.0,19070.0
BraTS-GLI-00805-000,73,0.0081,154,19092,154.0,19092.0
BraTS-GLI-00805-000,74,0.0086,165,19100,165.0,19100.0
BraTS-GLI-00805-000,75,0.0108,207,19094,207.0,19094.0
BraTS-GLI-00805-000,76,0.012,228,19072,228.0,19072.0
BraTS-GLI-00805-000,77,0.0159,302,19016,302.0,19016.0
BraTS-GLI-00805-000,78,0.0236,446,18928,446.0,18928.0
BraTS-GLI-00805-000,79,0.029,547,18841,547.0,18841.0
BraTS-GLI-00805-000,80,0.0716,1343,18745,1343.0,18745.0
BraTS-GLI-00805-000,81,0.0902,1684,18662,1684.0,18662.0
BraTS-GLI-00805-000,82,0.0949,1762,18560,1762.0,18560.0
BraTS-GLI-00805-000,83,0.112,2064,18434,2064.0,18434.0
BraTS-GLI-00805-000,84,0.1246,2281,18308,2281.0,18308.0
BraTS-GLI-00805-000,85,0.132,2402,18191,2402.0,18191.0
BraTS-GLI-00805-000,86,0.1367,2479,18132,2479.0,18132.0
BraTS-GLI-00805-000,87,0.14,2529,18060,2529.0,18060.0
BraTS-GLI-00805-000,88,0.1421,2548,17936,2548.0,17936.0
BraTS-GLI-00805-000,89,0.1431,2548,17807,2548.0,17807.0
BraTS-GLI-00805-000,90,0.1433,2524,17617,2524.0,17617.0
BraTS-GLI-00805-000,91,0.1418,2474,17450,2474.0,17450.0
BraTS-GLI-00805-000,92,0.14,2420,17291,2420.0,17291.0
BraTS-GLI-00805-000,93,0.1394,2374,17036,2374.0,17036.0
BraTS-GLI-00805-000,94,0.1385,2327,16803,2327.0,16803.0
BraTS-GLI-00805-000,95,0.1382,2282,16518,2282.0,16518.0
BraTS-GLI-00805-000,96,0.1394,2242,16088,2242.0,16088.0
BraTS-GLI-00805-000,97,0.1373,2200,16019,2200.0,16019.0
BraTS-GLI-00805-000,98,0.1373,2170,15808,2170.0,15808.0
BraTS-GLI-00805-000,99,0.1371,2134,15566,2134.0,15566.0
BraTS-GLI-00805-000,100,0.138,2101,15228,2101.0,15228.0
BraTS-GLI-00805-000,101,0.1386,2068,14920,2068.0,14920.0
BraTS-GLI-00805-000,102,0.1388,2020,14555,2020.0,14555.0
BraTS-GLI-00805-000,103,0.1369,1957,14290,1957.0,14290.0
BraTS-GLI-00805-000,104,0.1345,1884,14005,1884.0,14005.0
BraTS-GLI-00805-000,105,0.132,1797,13618,1797.0,13618.0
BraTS-GLI-00805-000,106,0.1309,1738,13274,1738.0,13274.0
BraTS-GLI-00805-000,107,0.1283,1652,12872,1652.0,12872.0
BraTS-GLI-00805-000,108,0.1262,1590,12596,1590.0,12596.0
BraTS-GLI-00805-000,109,0.1192,1474,12362,1474.0,12362.0
BraTS-GLI-00805-000,110,0.1171,1407,12018,1407.0,12018.0
BraTS-GLI-00805-000,111,0.1152,1351,11726,1351.0,11726.0
BraTS-GLI-00805-000,112,0.1128,1279,11343,1279.0,11343.0
BraTS-GLI-00805-000,113,0.1102,1220,11066,1220.0,11066.0
BraTS-GLI-00805-000,114,0.1051,1132,10775,1132.0,10775.0
BraTS-GLI-00805-000,115,0.1001,1034,10333,1034.0,10333.0
BraTS-GLI-01244-000,66,0.0002,3,14845,3.0,14845.0
BraTS-GLI-01244-000,67,0.0001,1,14892,1.0,14892.0
BraTS-GLI-01244-000,68,0.0002,3,14942,3.0,14942.0
BraTS-GLI-01244-000,69,0.0003,4,15001,4.0,15001.0
BraTS-GLI-01244-000,70,0.0006,9,15013,9.0,15013.0
BraTS-GLI-01244-000,71,0.0009,13,15022,13.0,15022.0
BraTS-GLI-01244-000,72,0.0009,13,15001,13.0,15001.0
BraTS-GLI-01244-000,73,0.0009,13,14954,13.0,14954.0
BraTS-GLI-01244-000,74,0.0009,13,14925,13.0,14925.0
BraTS-GLI-01244-000,75,0.001,15,14926,15.0,14926.0
BraTS-GLI-01244-000,76,0.0013,20,14894,20.0,14894.0
BraTS-GLI-01244-000,77,0.0028,42,14890,42.0,14890.0
BraTS-GLI-01244-000,78,0.0053,78,14840,78.0,14840.0
BraTS-GLI-01244-000,79,0.0101,150,14798,150.0,14798.0
BraTS-GLI-01244-000,80,0.0178,262,14726,262.0,14726.0
BraTS-GLI-01244-000,81,0.029,426,14667,426.0,14667.0
BraTS-GLI-01244-000,82,0.0416,607,14587,607.0,14587.0
BraTS-GLI-01244-000,83,0.0512,743,14506,743.0,14506.0
BraTS-GLI-01244-000,84,0.0636,917,14428,917.0,14428.0
BraTS-GLI-01244-000,85,0.074,1061,14347,1061.0,14347.0
BraTS-GLI-01244-000,86,0.0832,1187,14264,1187.0,14264.0
BraTS-GLI-01244-000,87,0.0896,1269,14157,1269.0,14157.0
BraTS-GLI-01244-000,88,0.0969,1357,13997,1357.0,13997.0
BraTS-GLI-01244-000,89,0.1041,1440,13834,1440.0,13834.0
BraTS-GLI-01244-000,90,0.1128,1545,13701,1545.0,13701.0
BraTS-GLI-01244-000,91,0.1214,1646,13558,1646.0,13558.0
BraTS-GLI-01244-000,92,0.1281,1719,13423,1719.0,13423.0
BraTS-GLI-01244-000,93,0.135,1791,13267,1791.0,13267.0
BraTS-GLI-01244-000,94,0.1414,1852,13093,1852.0,13093.0
BraTS-GLI-01244-000,95,0.1483,1916,12924,1916.0,12924.0
BraTS-GLI-01244-000,96,0.1579,2011,12737,2011.0,12737.0
BraTS-GLI-01244-000,97,0.1661,2076,12495,2076.0,12495.0
BraTS-GLI-01244-000,98,0.1747,2146,12284,2146.0,12284.0
BraTS-GLI-01244-000,99,0.1816,2186,12040,2186.0,12040.0
BraTS-GLI-01244-000,100,0.1875,2227,11880,2227.0,11880.0
BraTS-GLI-01244-000,101,0.1937,2263,11686,2263.0,11686.0
BraTS-GLI-01244-000,102,0.2038,2344,11500,2344.0,11500.0
BraTS-GLI-01244-000,103,0.2148,2423,11282,2423.0,11282.0
BraTS-GLI-01244-000,104,0.224,2479,11068,2479.0,11068.0
BraTS-GLI-01244-000,105,0.2297,2489,10835,2489.0,10835.0
BraTS-GLI-01244-000,106,0.238,2516,10572,2516.0,10572.0
BraTS-GLI-01244-000,107,0.2435,2515,10328,2515.0,10328.0
BraTS-GLI-01244-000,108,0.2511,2529,10070,2529.0,10070.0
BraTS-GLI-01244-000,109,0.2572,2523,9808,2523.0,9808.0
BraTS-GLI-01244-000,110,0.2635,2507,9515,2507.0,9515.0
BraTS-GLI-01244-000,111,0.265,2443,9220,2443.0,9220.0
BraTS-GLI-01244-000,112,0.2657,2376,8941,2376.0,8941.0
BraTS-GLI-01244-000,113,0.2682,2323,8663,2323.0,8663.0
BraTS-GLI-01244-000,114,0.2733,2287,8369,2287.0,8369.0
BraTS-GLI-01244-000,115,0.2762,2229,8070,2229.0,8070.0
BraTS-GLI-00085-000,65,0.0015,28,19145,28.0,19145.0
BraTS-GLI-00085-000,66,0.0011,22,19132,22.0,19132.0
BraTS-GLI-00085-000,67,0.0012,22,19114,22.0,19114.0
BraTS-GLI-00085-000,68,0.0021,41,19097,41.0,19097.0
BraTS-GLI-00085-000,69,0.0015,29,19077,29.0,19077.0
BraTS-GLI-00085-000,70,0.0016,30,19050,30.0,19050.0
BraTS-GLI-00085-000,71,0.0017,32,19016,32.0,19016.0
BraTS-GLI-00085-000,72,0.0027,52,18971,52.0,18971.0
BraTS-GLI-00085-000,73,0.0028,53,18915,53.0,18915.0
BraTS-GLI-00085-000,74,0.0036,68,18876,68.0,18876.0
BraTS-GLI-00085-000,75,0.0038,71,18803,71.0,18803.0
BraTS-GLI-00085-000,76,0.0027,51,18738,51.0,18738.0
BraTS-GLI-00085-000,77,0.0034,64,18649,64.0,18649.0
BraTS-GLI-00085-000,78,0.0134,249,18559,249.0,18559.0
BraTS-GLI-00085-000,79,0.0307,567,18488,567.0,18488.0
BraTS-GLI-00085-000,80,0.0368,676,18383,676.0,18383.0
BraTS-GLI-00085-000,81,0.0498,910,18277,910.0,18277.0
BraTS-GLI-00085-000,82,0.0507,920,18159,920.0,18159.0
BraTS-GLI-00085-000,83,0.0639,1152,18039,1152.0,18039.0
BraTS-GLI-00085-000,84,0.0613,1099,17936,1099.0,17936.0
BraTS-GLI-00085-000,85,0.067,1195,17829,1195.0,17829.0
BraTS-GLI-00085-000,86,0.0741,1313,17722,1313.0,17722.0
BraTS-GLI-00085-000,87,0.0818,1439,17597,1439.0,17597.0
BraTS-GLI-00085-000,88,0.0889,1551,17445,1551.0,17445.0
BraTS-GLI-00085-000,89,0.0964,1666,17291,1666.0,17291.0
BraTS-GLI-00085-000,90,0.1031,1768,17145,1768.0,17145.0
BraTS-GLI-00085-000,91,0.1096,1864,17001,1864.0,17001.0
BraTS-GLI-00085-000,92,0.1141,1924,16857,1924.0,16857.0
BraTS-GLI-00085-000,93,0.1182,1975,16711,1975.0,16711.0
BraTS-GLI-00085-000,94,0.1199,1988,16575,1988.0,16575.0
BraTS-GLI-00085-000,95,0.1199,1969,16424,1969.0,16424.0
BraTS-GLI-00085-000,96,0.1204,1961,16293,1961.0,16293.0
BraTS-GLI-00085-000,97,0.122,1968,16130,1968.0,16130.0
BraTS-GLI-00085-000,98,0.1244,1986,15962,1986.0,15962.0
BraTS-GLI-00085-000,99,0.1278,2017,15788,2017.0,15788.0
BraTS-GLI-00085-000,100,0.1292,2014,15590,2014.0,15590.0
BraTS-GLI-00085-000,101,0.1296,1993,15382,1993.0,15382.0
BraTS-GLI-00085-000,102,0.1321,2003,15167,2003.0,15167.0
BraTS-GLI-00085-000,103,0.1328,1986,14956,1986.0,14956.0
BraTS-GLI-00085-000,104,0.1324,1947,14705,1947.0,14705.0
BraTS-GLI-00085-000,105,0.1326,1916,14452,1916.0,14452.0
BraTS-GLI-00085-000,106,0.1306,1847,14146,1847.0,14146.0
BraTS-GLI-00085-000,107,0.1274,1767,13867,1767.0,13867.0
BraTS-GLI-00085-000,108,0.1267,1723,13597,1723.0,13597.0
BraTS-GLI-00085-000,109,0.1259,1678,13325,1678.0,13325.0
BraTS-GLI-00085-000,110,0.1251,1633,13054,1633.0,13054.0
BraTS-GLI-00085-000,111,0.1238,1585,12798,1585.0,12798.0
BraTS-GLI-00085-000,112,0.1209,1516,12536,1516.0,12536.0
BraTS-GLI-00085-000,113,0.1218,1493,12254,1493.0,12254.0
BraTS-GLI-00085-000,114,0.1229,1465,11920,1465.0,11920.0
BraTS-GLI-00085-000,115,0.1241,1428,11507,1428.0,11507.0
BraTS-GLI-00709-000,40,0.0006,8,13006,8.0,13006.0
BraTS-GLI-00709-000,41,0.0066,88,13343,88.0,13343.0
BraTS-GLI-00709-000,42,0.0167,228,13681,228.0,13681.0
BraTS-GLI-00709-000,43,0.0277,388,13998,388.0,13998.0
BraTS-GLI-00709-000,44,0.043,615,14317,615.0,14317.0
BraTS-GLI-00709-000,45,0.0586,863,14717,863.0,14717.0
BraTS-GLI-00709-000,46,0.0717,1085,15123,1085.0,15123.0
BraTS-GLI-00709-000,47,0.0842,1301,15451,1301.0,15451.0
BraTS-GLI-00709-000,48,0.0892,1408,15778,1408.0,15778.0
BraTS-GLI-00709-000,49,0.0936,1507,16108,1507.0,16108.0
BraTS-GLI-00709-000,50,0.0947,1554,16410,1554.0,16410.0
BraTS-GLI-00709-000,51,0.094,1570,16701,1570.0,16701.0
BraTS-GLI-00709-000,52,0.0935,1583,16922,1583.0,16922.0
BraTS-GLI-00709-000,53,0.0926,1584,17112,1584.0,17112.0
BraTS-GLI-00709-000,54,0.0898,1550,17254,1550.0,17254.0
BraTS-GLI-00709-000,55,0.0892,1550,17375,1550.0,17375.0
BraTS-GLI-00709-000,56,0.0904,1581,17493,1581.0,17493.0
BraTS-GLI-00709-000,57,0.0981,1726,17586,1726.0,17586.0
BraTS-GLI-00709-000,58,0.1053,1861,17679,1861.0,17679.0
BraTS-GLI-00709-000,59,0.1126,1998,17738,1998.0,17738.0
BraTS-GLI-00709-000,60,0.1186,2109,17784,2109.0,17784.0
BraTS-GLI-00709-000,61,0.1224,2184,17840,2184.0,17840.0
BraTS-GLI-00709-000,62,0.123,2195,17841,2195.0,17841.0
BraTS-GLI-00709-000,63,0.1202,2141,17819,2141.0,17819.0
BraTS-GLI-00709-000,64,0.1132,2016,17817,2016.0,17817.0
BraTS-GLI-00709-000,65,0.1063,1892,17801,1892.0,17801.0
BraTS-GLI-00709-000,66,0.1032,1836,17798,1836.0,17798.0
BraTS-GLI-00709-000,67,0.1008,1792,17781,1792.0,17781.0
BraTS-GLI-00709-000,68,0.0996,1768,17748,1768.0,17748.0
BraTS-GLI-00709-000,69,0.0995,1763,17715,1763.0,17715.0
BraTS-GLI-00709-000,70,0.1,1768,17674,1768.0,17674.0
BraTS-GLI-00709-000,71,0.0995,1753,17613,1753.0,17613.0
BraTS-GLI-00709-000,72,0.0995,1746,17540,1746.0,17540.0
BraTS-GLI-00709-000,73,0.101,1764,17464,1764.0,17464.0
BraTS-GLI-00709-000,74,0.1024,1778,17371,1778.0,17371.0
BraTS-GLI-00709-000,75,0.1029,1778,17280,1778.0,17280.0
BraTS-GLI-00709-000,76,0.1032,1773,17186,1773.0,17186.0
BraTS-GLI-00709-000,77,0.1027,1753,17073,1753.0,17073.0
BraTS-GLI-00709-000,78,0.103,1744,16933,1744.0,16933.0
BraTS-GLI-00709-000,79,0.1023,1717,16785,1717.0,16785.0
BraTS-GLI-00709-000,80,0.1042,1735,16658,1735.0,16658.0
BraTS-GLI-00709-000,81,0.1077,1778,16515,1778.0,16515.0
BraTS-GLI-00709-000,82,0.1145,1874,16363,1874.0,16363.0
BraTS-GLI-00709-000,83,0.1206,1951,16183,1951.0,16183.0
BraTS-GLI-00709-000,84,0.1256,2014,16035,2014.0,16035.0
BraTS-GLI-00709-000,85,0.1295,2055,15874,2055.0,15874.0
BraTS-GLI-00709-000,86,0.1302,2046,15720,2046.0,15720.0
BraTS-GLI-00709-000,87,0.1299,2020,15546,2020.0,15546.0
BraTS-GLI-00709-000,88,0.1304,2005,15377,2005.0,15377.0
BraTS-GLI-00709-000,89,0.1314,1997,15194,1997.0,15194.0
BraTS-GLI-00709-000,90,0.1287,1932,15011,1932.0,15011.0
BraTS-GLI-00709-000,91,0.1253,1854,14796,1854.0,14796.0
BraTS-GLI-00709-000,92,0.1202,1757,14621,1757.0,14621.0
BraTS-GLI-00709-000,93,0.1142,1648,14427,1648.0,14427.0
BraTS-GLI-00709-000,94,0.1074,1528,14229,1528.0,14229.0
BraTS-GLI-00709-000,95,0.1012,1414,13967,1414.0,13967.0
BraTS-GLI-00709-000,96,0.094,1290,13726,1290.0,13726.0
BraTS-GLI-00709-000,97,0.0901,1213,13460,1213.0,13460.0
BraTS-GLI-00709-000,98,0.0859,1137,13240,1137.0,13240.0
BraTS-GLI-00709-000,99,0.0821,1065,12970,1065.0,12970.0
BraTS-GLI-00709-000,100,0.0791,1006,12713,1006.0,12713.0
BraTS-GLI-00709-000,101,0.0749,929,12408,929.0,12408.0
BraTS-GLI-00709-000,102,0.0698,847,12132,847.0,12132.0
BraTS-GLI-00709-000,103,0.0632,747,11822,747.0,11822.0
BraTS-GLI-00709-000,104,0.0557,637,11436,637.0,11436.0
BraTS-GLI-00709-000,105,0.047,521,11080,521.0,11080.0
BraTS-GLI-00709-000,106,0.0407,438,10755,438.0,10755.0
BraTS-GLI-00709-000,107,0.0317,330,10423,330.0,10423.0
BraTS-GLI-00709-000,108,0.0229,231,10096,231.0,10096.0
BraTS-GLI-00709-000,109,0.016,156,9760,156.0,9760.0
BraTS-GLI-00709-000,110,0.0084,79,9407,79.0,9407.0
BraTS-GLI-00709-000,111,0.0033,30,9032,30.0,9032.0
BraTS-GLI-00709-000,112,0.0009,8,8650,8.0,8650.0
BraTS-GLI-00768-001,60,0.0012,17,14386,17.0,14386.0
BraTS-GLI-00768-001,61,0.0021,31,14722,31.0,14722.0
BraTS-GLI-00768-001,62,0.0023,34,14974,34.0,14974.0
BraTS-GLI-00768-001,63,0.0061,93,15254,93.0,15254.0
BraTS-GLI-00768-001,64,0.0156,243,15592,243.0,15592.0
BraTS-GLI-00768-001,65,0.0221,346,15671,346.0,15671.0
BraTS-GLI-00768-001,66,0.0305,479,15725,479.0,15725.0
BraTS-GLI-00768-001,67,0.0364,575,15809,575.0,15809.0
BraTS-GLI-00768-001,68,0.0413,661,16013,661.0,16013.0
BraTS-GLI-00768-001,69,0.0525,850,16177,850.0,16177.0
BraTS-GLI-00768-001,70,0.0627,1028,16396,1028.0,16396.0
BraTS-GLI-00768-001,71,0.0711,1176,16534,1176.0,16534.0
BraTS-GLI-00768-001,72,0.0807,1338,16576,1338.0,16576.0
BraTS-GLI-00768-001,73,0.0855,1425,16657,1425.0,16657.0
BraTS-GLI-00768-001,74,0.098,1636,16699,1636.0,16699.0
BraTS-GLI-00768-001,75,0.1093,1845,16885,1845.0,16885.0
BraTS-GLI-00768-001,76,0.1205,2041,16942,2041.0,16942.0
BraTS-GLI-00768-001,77,0.1327,2254,16989,2254.0,16989.0
BraTS-GLI-00768-001,78,0.1351,2306,17073,2306.0,17073.0
BraTS-GLI-00768-001,79,0.149,2550,17118,2550.0,17118.0
BraTS-GLI-00768-001,80,0.1544,2645,17130,2645.0,17130.0
BraTS-GLI-00768-001,81,0.1572,2695,17142,2695.0,17142.0
BraTS-GLI-00768-001,82,0.162,2774,17125,2774.0,17125.0
BraTS-GLI-00768-001,83,0.1659,2831,17069,2831.0,17069.0
BraTS-GLI-00768-001,84,0.1705,2899,17007,2899.0,17007.0
BraTS-GLI-00768-001,85,0.1743,2950,16925,2950.0,16925.0
BraTS-GLI-00768-001,86,0.1765,2979,16878,2979.0,16878.0
BraTS-GLI-00768-001,87,0.1796,3016,16794,3016.0,16794.0
BraTS-GLI-00768-001,88,0.1818,3026,16643,3026.0,16643.0
BraTS-GLI-00768-001,89,0.1829,3019,16505,3019.0,16505.0
BraTS-GLI-00768-001,90,0.1858,3031,16316,3031.0,16316.0
BraTS-GLI-00768-001,91,0.1884,3054,16214,3054.0,16214.0
BraTS-GLI-00768-001,92,0.1895,3052,16109,3052.0,16109.0
BraTS-GLI-00768-001,93,0.1901,3022,15899,3022.0,15899.0
BraTS-GLI-00768-001,94,0.1907,2997,15714,2997.0,15714.0
BraTS-GLI-00768-001,95,0.1912,2964,15499,2964.0,15499.0
BraTS-GLI-00768-001,96,0.1912,2901,15169,2901.0,15169.0
BraTS-GLI-00768-001,97,0.1878,2833,15085,2833.0,15085.0
BraTS-GLI-00768-001,98,0.1844,2751,14920,2751.0,14920.0
BraTS-GLI-00768-001,99,0.1873,2767,14775,2767.0,14775.0
BraTS-GLI-00768-001,100,0.191,2770,14503,2770.0,14503.0
BraTS-GLI-00768-001,101,0.1887,2679,14199,2679.0,14199.0
BraTS-GLI-00768-001,102,0.1878,2608,13885,2608.0,13885.0
BraTS-GLI-00768-001,103,0.1808,2474,13683,2474.0,13683.0
BraTS-GLI-00768-001,104,0.1751,2358,13463,2358.0,13463.0
BraTS-GLI-00768-001,105,0.1692,2224,13142,2224.0,13142.0
BraTS-GLI-00768-001,106,0.1595,2048,12837,2048.0,12837.0
BraTS-GLI-00768-001,107,0.1538,1908,12405,1908.0,12405.0
BraTS-GLI-00768-001,108,0.1423,1738,12214,1738.0,12214.0
BraTS-GLI-00768-001,109,0.137,1643,11996,1643.0,11996.0
BraTS-GLI-00768-001,110,0.1327,1535,11571,1535.0,11571.0
BraTS-GLI-00768-001,111,0.1271,1427,11230,1427.0,11230.0
BraTS-GLI-00768-001,112,0.1213,1306,10770,1306.0,10770.0
BraTS-GLI-00768-001,113,0.1116,1171,10496,1171.0,10496.0
BraTS-GLI-00768-001,114,0.0985,1008,10238,1008.0,10238.0
BraTS-GLI-00768-001,115,0.084,824,9815,824.0,9815.0
BraTS-GLI-01028-000,40,0.0476,365,7672,365.0,7672.0
BraTS-GLI-01028-000,41,0.0421,338,8036,338.0,8036.0
BraTS-GLI-01028-000,42,0.0405,349,8617,349.0,8617.0
BraTS-GLI-01028-000,43,0.0469,436,9288,436.0,9288.0
BraTS-GLI-01028-000,44,0.0581,582,10009,582.0,10009.0
BraTS-GLI-01028-000,45,0.0626,655,10455,655.0,10455.0
BraTS-GLI-01028-000,46,0.0839,916,10918,916.0,10918.0
BraTS-GLI-01028-000,47,0.0845,958,11332,958.0,11332.0
BraTS-GLI-01028-000,48,0.075,875,11662,875.0,11662.0
BraTS-GLI-01028-000,49,0.0926,1104,11922,1104.0,11922.0
BraTS-GLI-01028-000,50,0.1046,1267,12108,1267.0,12108.0
BraTS-GLI-01028-000,51,0.1195,1465,12258,1465.0,12258.0
BraTS-GLI-01028-000,52,0.1305,1620,12417,1620.0,12417.0
BraTS-GLI-01028-000,53,0.1391,1741,12517,1741.0,12517.0
BraTS-GLI-01028-000,54,0.146,1843,12625,1843.0,12625.0
BraTS-GLI-01028-000,55,0.1512,1922,12709,1922.0,12709.0
BraTS-GLI-01028-000,56,0.1557,1985,12750,1985.0,12750.0
BraTS-GLI-01028-000,57,0.1579,2014,12751,2014.0,12751.0
BraTS-GLI-01028-000,58,0.1567,2002,12777,2002.0,12777.0
BraTS-GLI-01028-000,59,0.1575,2020,12823,2020.0,12823.0
BraTS-GLI-01028-000,60,0.1544,2021,13088,2021.0,13088.0
BraTS-GLI-01028-000,61,0.1609,2184,13575,2184.0,13575.0
BraTS-GLI-01028-000,62,0.1612,2227,13812,2227.0,13812.0
BraTS-GLI-01028-000,63,0.1665,2338,14038,2338.0,14038.0
BraTS-GLI-01028-000,64,0.1625,2321,14286,2321.0,14286.0
BraTS-GLI-01028-000,65,0.1552,2251,14505,2251.0,14505.0
BraTS-GLI-01028-000,66,0.151,2225,14731,2225.0,14731.0
BraTS-GLI-01028-000,67,0.1485,2218,14938,2218.0,14938.0
BraTS-GLI-01028-000,68,0.1442,2184,15150,2184.0,15150.0
BraTS-GLI-01028-000,69,0.1393,2145,15397,2145.0,15397.0
BraTS-GLI-01028-000,70,0.1341,2096,15626,2096.0,15626.0
BraTS-GLI-01028-000,71,0.1339,2117,15806,2117.0,15806.0
BraTS-GLI-01028-000,72,0.1289,2059,15968,2059.0,15968.0
BraTS-GLI-01028-000,73,0.1247,2011,16131,2011.0,16131.0
BraTS-GLI-01028-000,74,0.1194,1935,16208,1935.0,16208.0
BraTS-GLI-01028-000,75,0.1136,1847,16260,1847.0,16260.0
BraTS-GLI-01028-000,76,0.1074,1750,16290,1750.0,16290.0
BraTS-GLI-01028-000,77,0.1,1630,16299,1630.0,16299.0
BraTS-GLI-01028-000,78,0.0903,1470,16271,1470.0,16271.0
BraTS-GLI-01028-000,79,0.083,1349,16258,1349.0,16258.0
BraTS-GLI-01028-000,80,0.0772,1257,16283,1257.0,16283.0
BraTS-GLI-01028-000,81,0.0703,1146,16293,1146.0,16293.0
BraTS-GLI-01028-000,82,0.0618,1006,16281,1006.0,16281.0
BraTS-GLI-01028-000,83,0.0544,885,16273,885.0,16273.0
BraTS-GLI-01028-000,84,0.0468,761,16248,761.0,16248.0
BraTS-GLI-01028-000,85,0.039,633,16211,633.0,16211.0
BraTS-GLI-01028-000,86,0.0335,542,16178,542.0,16178.0
BraTS-GLI-01028-000,87,0.0286,462,16144,462.0,16144.0
BraTS-GLI-01028-000,88,0.0219,353,16101,353.0,16101.0
BraTS-GLI-01028-000,89,0.0158,254,16064,254.0,16064.0
BraTS-GLI-01028-000,90,0.0099,159,15994,159.0,15994.0
BraTS-GLI-01028-000,91,0.0053,85,15928,85.0,15928.0
BraTS-GLI-01028-000,92,0.0018,28,15846,28.0,15846.0
BraTS-GLI-01028-000,93,0.0001,2,15749,2.0,15749.0
BraTS-GLI-01091-000,92,0.0026,42,16323,42.0,16323.0
BraTS-GLI-01091-000,93,0.0027,44,16203,44.0,16203.0
BraTS-GLI-01091-000,94,0.0022,36,16052,36.0,16052.0
BraTS-GLI-01091-000,95,0.0029,46,15913,46.0,15913.0
BraTS-GLI-01091-000,96,0.0062,98,15752,98.0,15752.0
BraTS-GLI-01091-000,97,0.0075,116,15560,116.0,15560.0
BraTS-GLI-01091-000,98,0.0096,147,15364,147.0,15364.0
BraTS-GLI-01091-000,99,0.0109,165,15161,165.0,15161.0
BraTS-GLI-01091-000,100,0.0136,203,14945,203.0,14945.0
BraTS-GLI-01091-000,101,0.0136,201,14734,201.0,14734.0
BraTS-GLI-01091-000,102,0.0134,194,14476,194.0,14476.0
BraTS-GLI-01091-000,103,0.015,213,14243,213.0,14243.0
BraTS-GLI-01091-000,104,0.0159,222,13961,222.0,13961.0
BraTS-GLI-01091-000,105,0.0164,225,13700,225.0,13700.0
BraTS-GLI-01091-000,106,0.0142,191,13430,191.0,13430.0
BraTS-GLI-01091-000,107,0.0127,167,13123,167.0,13123.0
BraTS-GLI-01091-000,108,0.0139,178,12837,178.0,12837.0
BraTS-GLI-01091-000,109,0.0115,144,12527,144.0,12527.0
BraTS-GLI-01091-000,110,0.007,85,12179,85.0,12179.0
BraTS-GLI-01091-000,111,0.0074,88,11848,88.0,11848.0
BraTS-GLI-01091-000,112,0.0083,95,11492,95.0,11492.0
BraTS-GLI-01091-000,113,0.007,78,11168,78.0,11168.0
BraTS-GLI-01091-000,114,0.0057,62,10828,62.0,10828.0
BraTS-GLI-01091-000,115,0.007,73,10462,73.0,10462.0
BraTS-GLI-01458-000,58,0.0005,6,11415,6.0,11415.0
BraTS-GLI-01458-000,59,0.0054,63,11586,63.0,11586.0
BraTS-GLI-01458-000,60,0.0139,163,11697,163.0,11697.0
BraTS-GLI-01458-000,61,0.0209,248,11846,248.0,11846.0
BraTS-GLI-01458-000,62,0.0337,402,11936,402.0,11936.0
BraTS-GLI-01458-000,63,0.0432,526,12166,526.0,12166.0
BraTS-GLI-01458-000,64,0.0516,641,12420,641.0,12420.0
BraTS-GLI-01458-000,65,0.0619,806,13023,806.0,13023.0
BraTS-GLI-01458-000,66,0.0733,968,13215,968.0,13215.0
BraTS-GLI-01458-000,67,0.0797,1079,13533,1079.0,13533.0
BraTS-GLI-01458-000,68,0.0847,1156,13646,1156.0,13646.0
BraTS-GLI-01458-000,69,0.0895,1243,13894,1243.0,13894.0
BraTS-GLI-01458-000,70,0.0941,1314,13964,1314.0,13964.0
BraTS-GLI-01458-000,71,0.0947,1341,14162,1341.0,14162.0
BraTS-GLI-01458-000,72,0.1043,1486,14243,1486.0,14243.0
BraTS-GLI-01458-000,73,0.1006,1458,14497,1458.0,14497.0
BraTS-GLI-01458-000,74,0.1064,1552,14588,1552.0,14588.0
BraTS-GLI-01458-000,75,0.1102,1630,14788,1630.0,14788.0
BraTS-GLI-01458-000,76,0.1134,1689,14889,1689.0,14889.0
BraTS-GLI-01458-000,77,0.119,1789,15035,1789.0,15035.0
BraTS-GLI-01458-000,78,0.1233,1864,15120,1864.0,15120.0
BraTS-GLI-01458-000,79,0.1257,1926,15323,1926.0,15323.0
BraTS-GLI-01458-000,80,0.1292,1997,15453,1997.0,15453.0
BraTS-GLI-01458-000,81,0.1319,2056,15592,2056.0,15592.0
BraTS-GLI-01458-000,82,0.1333,2084,15638,2084.0,15638.0
BraTS-GLI-01458-000,83,0.1334,2100,15740,2100.0,15740.0
BraTS-GLI-01458-000,84,0.1325,2091,15782,2091.0,15782.0
BraTS-GLI-01458-000,85,0.132,2090,15838,2090.0,15838.0
BraTS-GLI-01458-000,86,0.131,2079,15875,2079.0,15875.0
BraTS-GLI-01458-000,87,0.1278,2030,15879,2030.0,15879.0
BraTS-GLI-01458-000,88,0.123,1951,15864,1951.0,15864.0
BraTS-GLI-01458-000,89,0.1156,1831,15839,1831.0,15839.0
BraTS-GLI-01458-000,90,0.1109,1754,15821,1754.0,15821.0
BraTS-GLI-01458-000,91,0.1067,1683,15775,1683.0,15775.0
BraTS-GLI-01458-000,92,0.1032,1623,15733,1623.0,15733.0
BraTS-GLI-01458-000,93,0.0968,1517,15670,1517.0,15670.0
BraTS-GLI-01458-000,94,0.0909,1419,15602,1419.0,15602.0
BraTS-GLI-01458-000,95,0.0845,1309,15492,1309.0,15492.0
BraTS-GLI-01458-000,96,0.0798,1228,15389,1228.0,15389.0
BraTS-GLI-01458-000,97,0.0743,1133,15257,1133.0,15257.0
BraTS-GLI-01458-000,98,0.068,1029,15133,1029.0,15133.0
BraTS-GLI-01458-000,99,0.0612,918,14994,918.0,14994.0
BraTS-GLI-01458-000,100,0.0536,796,14864,796.0,14864.0
BraTS-GLI-01458-000,101,0.0464,682,14709,682.0,14709.0
BraTS-GLI-01458-000,102,0.0397,577,14530,577.0,14530.0
BraTS-GLI-01458-000,103,0.0309,442,14305,442.0,14305.0
BraTS-GLI-01458-000,104,0.0237,333,14075,333.0,14075.0
BraTS-GLI-01458-000,105,0.0125,173,13818,173.0,13818.0
BraTS-GLI-01458-000,106,0.0044,60,13591,60.0,13591.0
BraTS-GLI-01458-000,107,0.0016,21,13346,21.0,13346.0
BraTS-GLI-00101-000,67,0.0006,12,18589,12.0,18589.0
BraTS-GLI-00101-000,68,0.0056,104,18611,104.0,18611.0
BraTS-GLI-00101-000,69,0.0096,178,18599,178.0,18599.0
BraTS-GLI-00101-000,70,0.0124,231,18591,231.0,18591.0
BraTS-GLI-00101-000,71,0.0148,275,18582,275.0,18582.0
BraTS-GLI-00101-000,72,0.0179,331,18537,331.0,18537.0
BraTS-GLI-00101-000,73,0.0215,398,18506,398.0,18506.0
BraTS-GLI-00101-000,74,0.0244,450,18449,450.0,18449.0
BraTS-GLI-00101-000,75,0.0269,495,18377,495.0,18377.0
BraTS-GLI-00101-000,76,0.0295,541,18311,541.0,18311.0
BraTS-GLI-00101-000,77,0.0325,594,18250,594.0,18250.0
BraTS-GLI-00101-000,78,0.0363,659,18170,659.0,18170.0
BraTS-GLI-00101-000,79,0.0398,720,18103,720.0,18103.0
BraTS-GLI-00101-000,80,0.0425,766,18004,766.0,18004.0
BraTS-GLI-00101-000,81,0.0457,818,17904,818.0,17904.0
BraTS-GLI-00101-000,82,0.0501,891,17786,891.0,17786.0
BraTS-GLI-00101-000,83,0.0546,966,17680,966.0,17680.0
BraTS-GLI-00101-000,84,0.0597,1047,17548,1047.0,17548.0
BraTS-GLI-00101-000,85,0.0641,1116,17407,1116.0,17407.0
BraTS-GLI-00101-000,86,0.0676,1167,17263,1167.0,17263.0
BraTS-GLI-00101-000,87,0.0732,1251,17100,1251.0,17100.0
BraTS-GLI-00101-000,88,0.08,1353,16914,1353.0,16914.0
BraTS-GLI-00101-000,89,0.0859,1439,16752,1439.0,16752.0
BraTS-GLI-00101-000,90,0.0911,1509,16573,1509.0,16573.0
BraTS-GLI-00101-000,91,0.0947,1554,16410,1554.0,16410.0
BraTS-GLI-00101-000,92,0.0974,1581,16228,1581.0,16228.0
BraTS-GLI-00101-000,93,0.1012,1619,16002,1619.0,16002.0
BraTS-GLI-00101-000,94,0.1044,1648,15786,1648.0,15786.0
BraTS-GLI-00101-000,95,0.1074,1668,15535,1668.0,15535.0
BraTS-GLI-00101-000,96,0.1108,1676,15132,1676.0,15132.0
BraTS-GLI-00101-000,97,0.1124,1683,14978,1683.0,14978.0
BraTS-GLI-00101-000,98,0.1143,1685,14739,1685.0,14739.0
BraTS-GLI-00101-000,99,0.1172,1699,14492,1699.0,14492.0
BraTS-GLI-00101-000,100,0.1188,1689,14212,1689.0,14212.0
BraTS-GLI-00101-000,101,0.1198,1669,13928,1669.0,13928.0
BraTS-GLI-00101-000,102,0.1209,1645,13611,1645.0,13611.0
BraTS-GLI-00101-000,103,0.1207,1613,13359,1613.0,13359.0
BraTS-GLI-00101-000,104,0.1221,1599,13100,1599.0,13100.0
BraTS-GLI-00101-000,105,0.1235,1575,12752,1575.0,12752.0
BraTS-GLI-00101-000,106,0.1247,1553,12453,1553.0,12453.0
BraTS-GLI-00101-000,107,0.126,1522,12077,1522.0,12077.0
BraTS-GLI-00101-000,108,0.1268,1492,11771,1492.0,11771.0
BraTS-GLI-00101-000,109,0.1265,1455,11502,1455.0,11502.0
BraTS-GLI-00101-000,110,0.1257,1388,11038,1388.0,11038.0
BraTS-GLI-00101-000,111,0.1206,1288,10679,1288.0,10679.0
BraTS-GLI-00101-000,112,0.1148,1184,10316,1184.0,10316.0
BraTS-GLI-00101-000,113,0.1111,1115,10037,1115.0,10037.0
BraTS-GLI-00101-000,114,0.1081,1055,9762,1055.0,9762.0
BraTS-GLI-00101-000,115,0.1032,965,9348,965.0,9348.0
BraTS-GLI-00574-000,40,0.06,694,11568,694.0,11568.0
BraTS-GLI-00574-000,41,0.0655,786,12007,786.0,12007.0
BraTS-GLI-00574-000,42,0.0753,925,12291,925.0,12291.0
BraTS-GLI-00574-000,43,0.0907,1145,12626,1145.0,12626.0
BraTS-GLI-00574-000,44,0.1023,1309,12799,1309.0,12799.0
BraTS-GLI-00574-000,45,0.1128,1463,12966,1463.0,12966.0
BraTS-GLI-00574-000,46,0.1199,1580,13181,1580.0,13181.0
BraTS-GLI-00574-000,47,0.125,1668,13343,1668.0,13343.0
BraTS-GLI-00574-000,48,0.1316,1777,13503,1777.0,13503.0
BraTS-GLI-00574-000,49,0.1352,1851,13689,1851.0,13689.0
BraTS-GLI-00574-000,50,0.1358,1895,13954,1895.0,13954.0
BraTS-GLI-00574-000,51,0.1313,1893,14412,1893.0,14412.0
BraTS-GLI-00574-000,52,0.1265,1866,14750,1866.0,14750.0
BraTS-GLI-00574-000,53,0.1265,1911,15106,1911.0,15106.0
BraTS-GLI-00574-000,54,0.1279,1963,15351,1963.0,15351.0
BraTS-GLI-00574-000,55,0.1311,2036,15527,2036.0,15527.0
BraTS-GLI-00574-000,56,0.1319,2074,15727,2074.0,15727.0
BraTS-GLI-00574-000,57,0.1338,2123,15867,2123.0,15867.0
BraTS-GLI-00574-000,58,0.1366,2185,15996,2185.0,15996.0
BraTS-GLI-00574-000,59,0.1337,2157,16132,2157.0,16132.0
BraTS-GLI-00574-000,60,0.1326,2163,16307,2163.0,16307.0
BraTS-GLI-00574-000,61,0.1317,2172,16487,2172.0,16487.0
BraTS-GLI-00574-000,62,0.1296,2161,16678,2161.0,16678.0
BraTS-GLI-00574-000,63,0.1288,2165,16813,2165.0,16813.0
BraTS-GLI-00574-000,64,0.1286,2182,16962,2182.0,16962.0
BraTS-GLI-00574-000,65,0.1291,2203,17066,2203.0,17066.0
BraTS-GLI-00574-000,66,0.13,2233,17182,2233.0,17182.0
BraTS-GLI-00574-000,67,0.132,2280,17272,2280.0,17272.0
BraTS-GLI-00574-000,68,0.1393,2421,17382,2421.0,17382.0
BraTS-GLI-00574-000,69,0.1459,2553,17496,2553.0,17496.0
BraTS-GLI-00574-000,70,0.1468,2578,17557,2578.0,17557.0
BraTS-GLI-00574-000,71,0.1421,2506,17638,2506.0,17638.0
BraTS-GLI-00574-000,72,0.1319,2335,17697,2335.0,17697.0
BraTS-GLI-00574-000,73,0.1248,2213,17739,2213.0,17739.0
BraTS-GLI-00574-000,74,0.1198,2128,17760,2128.0,17760.0
BraTS-GLI-00574-000,75,0.1171,2081,17772,2081.0,17772.0
BraTS-GLI-00574-000,76,0.114,2024,17759,2024.0,17759.0
BraTS-GLI-00574-000,77,0.1149,2041,17759,2041.0,17759.0
BraTS-GLI-00574-000,78,0.1165,2063,17707,2063.0,17707.0
BraTS-GLI-00574-000,79,0.1159,2051,17689,2051.0,17689.0
BraTS-GLI-00574-000,80,0.1126,1987,17654,1987.0,17654.0
BraTS-GLI-00574-000,81,0.1086,1915,17627,1915.0,17627.0
BraTS-GLI-00574-000,82,0.1056,1856,17578,1856.0,17578.0
BraTS-GLI-00574-000,83,0.1023,1794,17537,1794.0,17537.0
BraTS-GLI-00574-000,84,0.0922,1612,17478,1612.0,17478.0
BraTS-GLI-00574-000,85,0.0819,1427,17420,1427.0,17420.0
BraTS-GLI-00574-000,86,0.0773,1342,17356,1342.0,17356.0
BraTS-GLI-00574-000,87,0.069,1194,17300,1194.0,17300.0
BraTS-GLI-00574-000,88,0.0616,1059,17178,1059.0,17178.0
BraTS-GLI-00574-000,89,0.0504,861,17098,861.0,17098.0
BraTS-GLI-00574-000,90,0.0406,690,17006,690.0,17006.0
BraTS-GLI-00574-000,91,0.0351,593,16912,593.0,16912.0
BraTS-GLI-00574-000,92,0.0284,478,16814,478.0,16814.0
BraTS-GLI-00574-000,93,0.0226,377,16686,377.0,16686.0
BraTS-GLI-00574-000,94,0.019,314,16542,314.0,16542.0
BraTS-GLI-00574-000,95,0.0126,207,16378,207.0,16378.0
BraTS-GLI-00574-000,96,0.0077,124,16106,124.0,16106.0
BraTS-GLI-00574-000,97,0.0031,50,16008,50.0,16008.0
BraTS-GLI-00574-000,98,0.0007,11,15835,11.0,15835.0
BraTS-GLI-00176-000,40,0.049,498,10162,498.0,10162.0
BraTS-GLI-00176-000,41,0.0545,580,10641,580.0,10641.0
BraTS-GLI-00176-000,42,0.0597,663,11106,663.0,11106.0
BraTS-GLI-00176-000,43,0.0658,760,11549,760.0,11549.0
BraTS-GLI-00176-000,44,0.0741,887,11974,887.0,11974.0
BraTS-GLI-00176-000,45,0.0823,1012,12297,1012.0,12297.0
BraTS-GLI-00176-000,46,0.0903,1136,12581,1136.0,12581.0
BraTS-GLI-00176-000,47,0.1008,1292,12820,1292.0,12820.0
BraTS-GLI-00176-000,48,0.1117,1458,13051,1458.0,13051.0
BraTS-GLI-00176-000,49,0.1206,1600,13262,1600.0,13262.0
BraTS-GLI-00176-000,50,0.1304,1756,13463,1756.0,13463.0
BraTS-GLI-00176-000,51,0.1362,1882,13822,1882.0,13822.0
BraTS-GLI-00176-000,52,0.1423,2037,14318,2037.0,14318.0
BraTS-GLI-00176-000,53,0.1482,2186,14746,2186.0,14746.0
BraTS-GLI-00176-000,54,0.1525,2325,15246,2325.0,15246.0
BraTS-GLI-00176-000,55,0.158,2458,15560,2458.0,15560.0
BraTS-GLI-00176-000,56,0.1622,2568,15833,2568.0,15833.0
BraTS-GLI-00176-000,57,0.1638,2642,16132,2642.0,16132.0
BraTS-GLI-00176-000,58,0.166,2714,16354,2714.0,16354.0
BraTS-GLI-00176-000,59,0.1656,2751,16617,2751.0,16617.0
BraTS-GLI-00176-000,60,0.1661,2798,16849,2798.0,16849.0
BraTS-GLI-00176-000,61,0.1665,2846,17093,2846.0,17093.0
BraTS-GLI-00176-000,62,0.1661,2868,17262,2868.0,17262.0
BraTS-GLI-00176-000,63,0.1654,2882,17424,2882.0,17424.0
BraTS-GLI-00176-000,64,0.1648,2896,17570,2896.0,17570.0
BraTS-GLI-00176-000,65,0.1635,2893,17693,2893.0,17693.0
BraTS-GLI-00176-000,66,0.1612,2873,17819,2873.0,17819.0
BraTS-GLI-00176-000,67,0.1601,2865,17893,2865.0,17893.0
BraTS-GLI-00176-000,68,0.1607,2884,17951,2884.0,17951.0
BraTS-GLI-00176-000,69,0.1635,2942,17991,2942.0,17991.0
BraTS-GLI-00176-000,70,0.1691,3048,18023,3048.0,18023.0
BraTS-GLI-00176-000,71,0.1716,3093,18028,3093.0,18028.0
BraTS-GLI-00176-000,72,0.1701,3065,18023,3065.0,18023.0
BraTS-GLI-00176-000,73,0.1686,3036,18011,3036.0,18011.0
BraTS-GLI-00176-000,74,0.1634,2938,17984,2938.0,17984.0
BraTS-GLI-00176-000,75,0.1566,2818,17991,2818.0,17991.0
BraTS-GLI-00176-000,76,0.1542,2770,17966,2770.0,17966.0
BraTS-GLI-00176-000,77,0.1491,2675,17943,2675.0,17943.0
BraTS-GLI-00176-000,78,0.1447,2589,17895,2589.0,17895.0
BraTS-GLI-00176-000,79,0.1389,2481,17861,2481.0,17861.0
BraTS-GLI-00176-000,80,0.135,2402,17789,2402.0,17789.0
BraTS-GLI-00176-000,81,0.133,2358,17724,2358.0,17724.0
BraTS-GLI-00176-000,82,0.1366,2413,17667,2413.0,17667.0
BraTS-GLI-00176-000,83,0.1404,2468,17582,2468.0,17582.0
BraTS-GLI-00176-000,84,0.1376,2407,17488,2407.0,17488.0
BraTS-GLI-00176-000,85,0.1342,2335,17402,2335.0,17402.0
BraTS-GLI-00176-000,86,0.1303,2255,17311,2255.0,17311.0
BraTS-GLI-00176-000,87,0.127,2188,17223,2188.0,17223.0
BraTS-GLI-00176-000,88,0.1219,2084,17097,2084.0,17097.0
BraTS-GLI-00176-000,89,0.1147,1947,16979,1947.0,16979.0
BraTS-GLI-00176-000,90,0.1081,1820,16833,1820.0,16833.0
BraTS-GLI-00176-000,91,0.1003,1674,16684,1674.0,16684.0
BraTS-GLI-00176-000,92,0.0908,1500,16512,1500.0,16512.0
BraTS-GLI-00176-000,93,0.0813,1328,16341,1328.0,16341.0
BraTS-GLI-00176-000,94,0.0709,1145,16160,1145.0,16160.0
BraTS-GLI-00176-000,95,0.0661,1054,15954,1054.0,15954.0
BraTS-GLI-00176-000,96,0.0619,976,15760,976.0,15760.0
BraTS-GLI-00176-000,97,0.0566,882,15576,882.0,15576.0
BraTS-GLI-00176-000,98,0.0496,763,15382,763.0,15382.0
BraTS-GLI-00176-000,99,0.0399,605,15168,605.0,15168.0
BraTS-GLI-00176-000,100,0.0353,528,14955,528.0,14955.0
BraTS-GLI-00176-000,101,0.032,471,14716,471.0,14716.0
BraTS-GLI-00176-000,102,0.0279,404,14456,404.0,14456.0
BraTS-GLI-00176-000,103,0.0235,334,14191,334.0,14191.0
BraTS-GLI-00176-000,104,0.0207,287,13877,287.0,13877.0
BraTS-GLI-00176-000,105,0.0196,266,13577,266.0,13577.0
BraTS-GLI-00176-000,106,0.0202,267,13248,267.0,13248.0
BraTS-GLI-00176-000,107,0.0189,244,12935,244.0,12935.0
BraTS-GLI-00176-000,108,0.0154,194,12601,194.0,12601.0
BraTS-GLI-00176-000,109,0.0108,132,12275,132.0,12275.0
BraTS-GLI-00176-000,110,0.0052,62,11955,62.0,11955.0
BraTS-GLI-00176-000,111,0.0025,29,11622,29.0,11622.0
BraTS-GLI-00176-000,112,0.0012,13,11302,13.0,11302.0
BraTS-GLI-00011-000,64,0.0007,11,16431,11.0,16431.0
BraTS-GLI-00011-000,65,0.004,67,16573,67.0,16573.0
BraTS-GLI-00011-000,66,0.009,151,16692,151.0,16692.0
BraTS-GLI-00011-000,67,0.0226,378,16757,378.0,16757.0
BraTS-GLI-00011-000,68,0.0321,541,16836,541.0,16836.0
BraTS-GLI-00011-000,69,0.0428,722,16884,722.0,16884.0
BraTS-GLI-00011-000,70,0.0545,923,16926,923.0,16926.0
BraTS-GLI-00011-000,71,0.0721,1222,16947,1222.0,16947.0
BraTS-GLI-00011-000,72,0.0848,1437,16941,1437.0,16941.0
BraTS-GLI-00011-000,73,0.0915,1548,16912,1548.0,16912.0
BraTS-GLI-00011-000,74,0.0941,1591,16911,1591.0,16911.0
BraTS-GLI-00011-000,75,0.0937,1587,16934,1587.0,16934.0
BraTS-GLI-00011-000,76,0.0926,1570,16963,1570.0,16963.0
BraTS-GLI-00011-000,77,0.0969,1645,16978,1645.0,16978.0
BraTS-GLI-00011-000,78,0.1014,1722,16978,1722.0,16978.0
BraTS-GLI-00011-000,79,0.0926,1572,16977,1572.0,16977.0
BraTS-GLI-00011-000,80,0.0905,1532,16933,1532.0,16933.0
BraTS-GLI-00011-000,81,0.0896,1515,16917,1515.0,16917.0
BraTS-GLI-00011-000,82,0.0912,1538,16869,1538.0,16869.0
BraTS-GLI-00011-000,83,0.093,1565,16829,1565.0,16829.0
BraTS-GLI-00011-000,84,0.0966,1616,16721,1616.0,16721.0
BraTS-GLI-00011-000,85,0.0993,1653,16641,1653.0,16641.0
BraTS-GLI-00011-000,86,0.1013,1676,16553,1676.0,16553.0
BraTS-GLI-00011-000,87,0.1031,1696,16457,1696.0,16457.0
BraTS-GLI-00011-000,88,0.1031,1687,16368,1687.0,16368.0
BraTS-GLI-00011-000,89,0.1039,1692,16282,1692.0,16282.0
BraTS-GLI-00011-000,90,0.1067,1728,16196,1728.0,16196.0
BraTS-GLI-00011-000,91,0.1083,1741,16079,1741.0,16079.0
BraTS-GLI-00011-000,92,0.1076,1717,15961,1717.0,15961.0
BraTS-GLI-00011-000,93,0.1088,1722,15821,1722.0,15821.0
BraTS-GLI-00011-000,94,0.1095,1717,15678,1717.0,15678.0
BraTS-GLI-00011-000,95,0.1113,1728,15524,1728.0,15524.0
BraTS-GLI-00011-000,96,0.1124,1724,15337,1724.0,15337.0
BraTS-GLI-00011-000,97,0.114,1728,15162,1728.0,15162.0
BraTS-GLI-00011-000,98,0.1148,1714,14929,1714.0,14929.0
BraTS-GLI-00011-000,99,0.113,1659,14687,1659.0,14687.0
BraTS-GLI-00011-000,100,0.1125,1626,14451,1626.0,14451.0
BraTS-GLI-00011-000,101,0.1097,1563,14248,1563.0,14248.0
BraTS-GLI-00011-000,102,0.1064,1493,14034,1493.0,14034.0
BraTS-GLI-00011-000,103,0.1021,1411,13822,1411.0,13822.0
BraTS-GLI-00011-000,104,0.0965,1311,13584,1311.0,13584.0
BraTS-GLI-00011-000,105,0.0946,1257,13294,1257.0,13294.0
BraTS-GLI-00011-000,106,0.0905,1181,13055,1181.0,13055.0
BraTS-GLI-00011-000,107,0.0876,1120,12785,1120.0,12785.0
BraTS-GLI-00011-000,108,0.0852,1068,12531,1068.0,12531.0
BraTS-GLI-00011-000,109,0.0829,1019,12285,1019.0,12285.0
BraTS-GLI-00011-000,110,0.0794,955,12026,955.0,12026.0
BraTS-GLI-00011-000,111,0.0765,901,11783,901.0,11783.0
BraTS-GLI-00011-000,112,0.0709,814,11489,814.0,11489.0
BraTS-GLI-00011-000,113,0.0657,737,11223,737.0,11223.0
BraTS-GLI-00011-000,114,0.0623,678,10890,678.0,10890.0
BraTS-GLI-00011-000,115,0.0606,635,10472,635.0,10472.0
BraTS-GLI-01095-000,53,0.0008,12,14814,12.0,14814.0
BraTS-GLI-01095-000,54,0.0021,32,15051,32.0,15051.0
BraTS-GLI-01095-000,55,0.0039,60,15335,60.0,15335.0
BraTS-GLI-01095-000,56,0.0063,98,15587,98.0,15587.0
BraTS-GLI-01095-000,57,0.0094,148,15767,148.0,15767.0
BraTS-GLI-01095-000,58,0.0137,218,15918,218.0,15918.0
BraTS-GLI-01095-000,59,0.0177,284,16071,284.0,16071.0
BraTS-GLI-01095-000,60,0.0241,392,16242,392.0,16242.0
BraTS-GLI-01095-000,61,0.0331,545,16462,545.0,16462.0
BraTS-GLI-01095-000,62,0.0422,703,16670,703.0,16670.0
BraTS-GLI-01095-000,63,0.051,859,16839,859.0,16839.0
BraTS-GLI-01095-000,64,0.0586,1003,17111,1003.0,17111.0
BraTS-GLI-01095-000,65,0.0695,1200,17254,1200.0,17254.0
BraTS-GLI-01095-000,66,0.0828,1447,17484,1447.0,17484.0
BraTS-GLI-01095-000,67,0.0978,1734,17725,1734.0,17725.0
BraTS-GLI-01095-000,68,0.1116,1998,17906,1998.0,17906.0
BraTS-GLI-01095-000,69,0.1256,2265,18033,2265.0,18033.0
BraTS-GLI-01095-000,70,0.1383,2509,18145,2509.0,18145.0
BraTS-GLI-01095-000,71,0.1495,2724,18219,2724.0,18219.0
BraTS-GLI-01095-000,72,0.1573,2877,18290,2877.0,18290.0
BraTS-GLI-01095-000,73,0.1645,3014,18324,3014.0,18324.0
BraTS-GLI-01095-000,74,0.1716,3148,18347,3148.0,18347.0
BraTS-GLI-01095-000,75,0.1782,3268,18343,3268.0,18343.0
BraTS-GLI-01095-000,76,0.1862,3414,18337,3414.0,18337.0
BraTS-GLI-01095-000,77,0.1955,3584,18332,3584.0,18332.0
BraTS-GLI-01095-000,78,0.2111,3862,18296,3862.0,18296.0
BraTS-GLI-01095-000,79,0.221,4038,18269,4038.0,18269.0
BraTS-GLI-01095-000,80,0.2286,4162,18210,4162.0,18210.0
BraTS-GLI-01095-000,81,0.2326,4225,18164,4225.0,18164.0
BraTS-GLI-01095-000,82,0.2371,4299,18128,4299.0,18128.0
BraTS-GLI-01095-000,83,0.2426,4381,18057,4381.0,18057.0
BraTS-GLI-01095-000,84,0.2495,4492,18005,4492.0,18005.0
BraTS-GLI-01095-000,85,0.2531,4541,17945,4541.0,17945.0
BraTS-GLI-01095-000,86,0.2556,4571,17881,4571.0,17881.0
BraTS-GLI-01095-000,87,0.2592,4618,17814,4618.0,17814.0
BraTS-GLI-01095-000,88,0.2618,4640,17725,4640.0,17725.0
BraTS-GLI-01095-000,89,0.2629,4639,17644,4639.0,17644.0
BraTS-GLI-01095-000,90,0.2638,4629,17550,4629.0,17550.0
BraTS-GLI-01095-000,91,0.2634,4596,17451,4596.0,17451.0
BraTS-GLI-01095-000,92,0.2617,4539,17341,4539.0,17341.0
BraTS-GLI-01095-000,93,0.2601,4473,17200,4473.0,17200.0
BraTS-GLI-01095-000,94,0.2575,4390,17049,4390.0,17049.0
BraTS-GLI-01095-000,95,0.2539,4299,16934,4299.0,16934.0
BraTS-GLI-01095-000,96,0.2525,4213,16682,4213.0,16682.0
BraTS-GLI-01095-000,97,0.2491,4125,16560,4125.0,16560.0
BraTS-GLI-01095-000,98,0.2452,4015,16376,4015.0,16376.0
BraTS-GLI-01095-000,99,0.2382,3851,16169,3851.0,16169.0
BraTS-GLI-01095-000,100,0.2319,3703,15965,3703.0,15965.0
BraTS-GLI-01095-000,101,0.2296,3615,15744,3615.0,15744.0
BraTS-GLI-01095-000,102,0.2288,3538,15461,3538.0,15461.0
BraTS-GLI-01095-000,103,0.2279,3466,15211,3466.0,15211.0
BraTS-GLI-01095-000,104,0.2294,3418,14899,3418.0,14899.0
BraTS-GLI-01095-000,105,0.2312,3376,14599,3376.0,14599.0
BraTS-GLI-01095-000,106,0.2299,3285,14288,3285.0,14288.0
BraTS-GLI-01095-000,107,0.2317,3239,13980,3239.0,13980.0
BraTS-GLI-01095-000,108,0.2314,3170,13700,3170.0,13700.0
BraTS-GLI-01095-000,109,0.2281,3061,13421,3061.0,13421.0
BraTS-GLI-01095-000,110,0.2282,2983,13072,2983.0,13072.0
BraTS-GLI-01095-000,111,0.225,2872,12762,2872.0,12762.0
BraTS-GLI-01095-000,112,0.2235,2773,12407,2773.0,12407.0
BraTS-GLI-01095-000,113,0.2212,2671,12073,2671.0,12073.0
BraTS-GLI-01095-000,114,0.2182,2561,11736,2561.0,11736.0
BraTS-GLI-01095-000,115,0.2167,2459,11348,2459.0,11348.0
BraTS-GLI-01344-000,102,0.0022,31,13917,31.0,13917.0
BraTS-GLI-01344-000,103,0.0049,67,13699,67.0,13699.0
BraTS-GLI-01344-000,104,0.007,94,13456,94.0,13456.0
BraTS-GLI-01344-000,105,0.0083,110,13186,110.0,13186.0
BraTS-GLI-01344-000,106,0.0095,122,12907,122.0,12907.0
BraTS-GLI-01344-000,107,0.0106,134,12639,134.0,12639.0
BraTS-GLI-01344-000,108,0.0116,144,12399,144.0,12399.0
BraTS-GLI-01344-000,109,0.0123,150,12164,150.0,12164.0
BraTS-GLI-01344-000,110,0.0133,158,11891,158.0,11891.0
BraTS-GLI-01344-000,111,0.0142,165,11623,165.0,11623.0
BraTS-GLI-01344-000,112,0.0157,178,11318,178.0,11318.0
BraTS-GLI-01344-000,113,0.0188,207,11012,207.0,11012.0
BraTS-GLI-01344-000,114,0.0254,271,10675,271.0,10675.0
BraTS-GLI-01344-000,115,0.034,351,10333,351.0,10333.0
BraTS-GLI-00667-000,51,0.001,15,14794,15.0,14794.0
BraTS-GLI-00667-000,52,0.0021,33,15481,33.0,15481.0
BraTS-GLI-00667-000,53,0.0031,49,15858,49.0,15858.0
BraTS-GLI-00667-000,54,0.0042,68,16035,68.0,16035.0
BraTS-GLI-00667-000,55,0.0109,177,16194,177.0,16194.0
BraTS-GLI-00667-000,56,0.0177,290,16376,290.0,16376.0
BraTS-GLI-00667-000,57,0.0237,392,16567,392.0,16567.0
BraTS-GLI-00667-000,58,0.0306,515,16805,515.0,16805.0
BraTS-GLI-00667-000,59,0.0399,677,16986,677.0,16986.0
BraTS-GLI-00667-000,60,0.0494,848,17166,848.0,17166.0
BraTS-GLI-00667-000,61,0.0573,994,17341,994.0,17341.0
BraTS-GLI-00667-000,62,0.0664,1163,17515,1163.0,17515.0
BraTS-GLI-00667-000,63,0.0727,1285,17675,1285.0,17675.0
BraTS-GLI-00667-000,64,0.0846,1509,17835,1509.0,17835.0
BraTS-GLI-00667-000,65,0.0926,1664,17979,1664.0,17979.0
BraTS-GLI-00667-000,66,0.0974,1764,18112,1764.0,18112.0
BraTS-GLI-00667-000,67,0.1021,1860,18226,1860.0,18226.0
BraTS-GLI-00667-000,68,0.106,1943,18324,1943.0,18324.0
BraTS-GLI-00667-000,69,0.1102,2027,18394,2027.0,18394.0
BraTS-GLI-00667-000,70,0.1134,2089,18418,2089.0,18418.0
BraTS-GLI-00667-000,71,0.1187,2192,18474,2192.0,18474.0
BraTS-GLI-00667-000,72,0.1247,2307,18502,2307.0,18502.0
BraTS-GLI-00667-000,73,0.1286,2384,18536,2384.0,18536.0
BraTS-GLI-00667-000,74,0.1296,2402,18531,2402.0,18531.0
BraTS-GLI-00667-000,75,0.1293,2397,18534,2397.0,18534.0
BraTS-GLI-00667-000,76,0.1282,2376,18533,2376.0,18533.0
BraTS-GLI-00667-000,77,0.1272,2356,18527,2356.0,18527.0
BraTS-GLI-00667-000,78,0.1255,2323,18505,2323.0,18505.0
BraTS-GLI-00667-000,79,0.1239,2292,18501,2292.0,18501.0
BraTS-GLI-00667-000,80,0.1238,2286,18471,2286.0,18471.0
BraTS-GLI-00667-000,81,0.123,2267,18433,2267.0,18433.0
BraTS-GLI-00667-000,82,0.1205,2215,18381,2215.0,18381.0
BraTS-GLI-00667-000,83,0.1175,2155,18336,2155.0,18336.0
BraTS-GLI-00667-000,84,0.1149,2100,18277,2100.0,18277.0
BraTS-GLI-00667-000,85,0.1109,2019,18201,2019.0,18201.0
BraTS-GLI-00667-000,86,0.1069,1937,18123,1937.0,18123.0
BraTS-GLI-00667-000,87,0.1018,1835,18019,1835.0,18019.0
BraTS-GLI-00667-000,88,0.0979,1754,17913,1754.0,17913.0
BraTS-GLI-00667-000,89,0.0942,1676,17783,1676.0,17783.0
BraTS-GLI-00667-000,90,0.0925,1633,17658,1633.0,17658.0
BraTS-GLI-00667-000,91,0.0934,1637,17521,1637.0,17521.0
BraTS-GLI-00667-000,92,0.0937,1629,17380,1629.0,17380.0
BraTS-GLI-00667-000,93,0.0943,1625,17233,1625.0,17233.0
BraTS-GLI-00667-000,94,0.0959,1638,17081,1638.0,17081.0
BraTS-GLI-00667-000,95,0.0945,1598,16916,1598.0,16916.0
BraTS-GLI-00667-000,96,0.0938,1570,16734,1570.0,16734.0
BraTS-GLI-00667-000,97,0.0915,1516,16564,1516.0,16564.0
BraTS-GLI-00667-000,98,0.088,1440,16371,1440.0,16371.0
BraTS-GLI-00667-000,99,0.0836,1354,16190,1354.0,16190.0
BraTS-GLI-00667-000,100,0.0792,1267,16003,1267.0,16003.0
BraTS-GLI-00667-000,101,0.0758,1196,15784,1196.0,15784.0
BraTS-GLI-00667-000,102,0.0712,1109,15573,1109.0,15573.0
BraTS-GLI-00667-000,103,0.0651,1000,15357,1000.0,15357.0
BraTS-GLI-00667-000,104,0.0593,897,15117,897.0,15117.0
BraTS-GLI-00667-000,105,0.0546,811,14862,811.0,14862.0
BraTS-GLI-00667-000,106,0.0495,722,14596,722.0,14596.0
BraTS-GLI-00667-000,107,0.0459,656,14299,656.0,14299.0
BraTS-GLI-00667-000,108,0.0437,612,14008,612.0,14008.0
BraTS-GLI-00667-000,109,0.0404,554,13713,554.0,13713.0
BraTS-GLI-00667-000,110,0.0353,474,13413,474.0,13413.0
BraTS-GLI-00667-000,111,0.0285,374,13100,374.0,13100.0
BraTS-GLI-00667-000,112,0.0225,287,12781,287.0,12781.0
BraTS-GLI-00667-000,113,0.0176,219,12454,219.0,12454.0
BraTS-GLI-00667-000,114,0.0115,139,12137,139.0,12137.0
BraTS-GLI-00667-000,115,0.0011,13,11801,13.0,11801.0
BraTS-GLI-00348-000,42,0.0078,90,11482,90.0,11482.0
BraTS-GLI-00348-000,43,0.0098,116,11861,116.0,11861.0
BraTS-GLI-00348-000,44,0.0138,168,12183,168.0,12183.0
BraTS-GLI-00348-000,45,0.0207,256,12385,256.0,12385.0
BraTS-GLI-00348-000,46,0.0286,359,12551,359.0,12551.0
BraTS-GLI-00348-000,47,0.0394,500,12677,500.0,12677.0
BraTS-GLI-00348-000,48,0.0495,632,12769,632.0,12769.0
BraTS-GLI-00348-000,49,0.0594,762,12828,762.0,12828.0
BraTS-GLI-00348-000,50,0.0705,909,12888,909.0,12888.0
BraTS-GLI-00348-000,51,0.075,970,12933,970.0,12933.0
BraTS-GLI-00348-000,52,0.0797,1034,12966,1034.0,12966.0
BraTS-GLI-00348-000,53,0.0839,1090,12989,1090.0,12989.0
BraTS-GLI-00348-000,54,0.0848,1106,13036,1106.0,13036.0
BraTS-GLI-00348-000,55,0.0832,1118,13434,1118.0,13434.0
BraTS-GLI-00348-000,56,0.0795,1096,13778,1096.0,13778.0
BraTS-GLI-00348-000,57,0.0787,1100,13975,1100.0,13975.0
BraTS-GLI-00348-000,58,0.0759,1071,14117,1071.0,14117.0
BraTS-GLI-00348-000,59,0.0737,1048,14221,1048.0,14221.0
BraTS-GLI-00348-000,60,0.0716,1027,14339,1027.0,14339.0
BraTS-GLI-00348-000,61,0.0673,971,14420,971.0,14420.0
BraTS-GLI-00348-000,62,0.0609,882,14484,882.0,14484.0
BraTS-GLI-00348-000,63,0.0565,821,14536,821.0,14536.0
BraTS-GLI-00348-000,64,0.0518,759,14640,759.0,14640.0
BraTS-GLI-00348-000,65,0.0495,730,14741,730.0,14741.0
BraTS-GLI-00348-000,66,0.045,668,14859,668.0,14859.0
BraTS-GLI-00348-000,67,0.0407,610,14989,610.0,14989.0
BraTS-GLI-00348-000,68,0.0359,543,15128,543.0,15128.0
BraTS-GLI-00348-000,69,0.0302,461,15283,461.0,15283.0
BraTS-GLI-00348-000,70,0.0232,358,15444,358.0,15444.0
BraTS-GLI-00348-000,71,0.0178,277,15601,277.0,15601.0
BraTS-GLI-00348-000,72,0.0119,187,15750,187.0,15750.0
BraTS-GLI-00348-000,73,0.0075,120,15913,120.0,15913.0
BraTS-GLI-00348-000,74,0.0035,56,16017,56.0,16017.0
BraTS-GLI-00348-000,75,0.0011,18,16107,18.0,16107.0
BraTS-GLI-00348-000,87,0.0002,4,16231,4.0,16231.0
BraTS-GLI-00348-000,88,0.0004,7,16156,7.0,16156.0
BraTS-GLI-00348-000,89,0.0002,4,16057,4.0,16057.0
BraTS-GLI-00348-000,90,0.0001,1,15955,1.0,15955.0
BraTS-GLI-01130-000,51,0.0003,4,13096,4.0,13096.0
BraTS-GLI-01130-000,52,0.0015,20,13460,20.0,13460.0
BraTS-GLI-01130-000,53,0.0027,38,14045,38.0,14045.0
BraTS-GLI-01130-000,54,0.0061,88,14502,88.0,14502.0
BraTS-GLI-01130-000,55,0.0091,134,14775,134.0,14775.0
BraTS-GLI-01130-000,56,0.0125,188,15038,188.0,15038.0
BraTS-GLI-01130-000,57,0.0155,235,15197,235.0,15197.0
BraTS-GLI-01130-000,58,0.0203,312,15386,312.0,15386.0
BraTS-GLI-01130-000,59,0.0284,442,15558,442.0,15558.0
BraTS-GLI-01130-000,60,0.04,630,15740,630.0,15740.0
BraTS-GLI-01130-000,61,0.0517,823,15920,823.0,15920.0
BraTS-GLI-01130-000,62,0.06,965,16085,965.0,16085.0
BraTS-GLI-01130-000,63,0.0681,1107,16262,1107.0,16262.0
BraTS-GLI-01130-000,64,0.0723,1188,16427,1188.0,16427.0
BraTS-GLI-01130-000,65,0.0801,1327,16577,1327.0,16577.0
BraTS-GLI-01130-000,66,0.0832,1395,16768,1395.0,16768.0
BraTS-GLI-01130-000,67,0.0867,1467,16917,1467.0,16917.0
BraTS-GLI-01130-000,68,0.0884,1508,17055,1508.0,17055.0
BraTS-GLI-01130-000,69,0.0884,1519,17183,1519.0,17183.0
BraTS-GLI-01130-000,70,0.088,1519,17264,1519.0,17264.0
BraTS-GLI-01130-000,71,0.0863,1496,17343,1496.0,17343.0
BraTS-GLI-01130-000,72,0.0826,1439,17425,1439.0,17425.0
BraTS-GLI-01130-000,73,0.0769,1345,17485,1345.0,17485.0
BraTS-GLI-01130-000,74,0.0731,1283,17541,1283.0,17541.0
BraTS-GLI-01130-000,75,0.0708,1244,17573,1244.0,17573.0
BraTS-GLI-01130-000,76,0.0691,1216,17599,1216.0,17599.0
BraTS-GLI-01130-000,77,0.0676,1190,17608,1190.0,17608.0
BraTS-GLI-01130-000,78,0.0663,1168,17620,1168.0,17620.0
BraTS-GLI-01130-000,79,0.0652,1150,17627,1150.0,17627.0
BraTS-GLI-01130-000,80,0.0619,1091,17633,1091.0,17633.0
BraTS-GLI-01130-000,81,0.0585,1031,17617,1031.0,17617.0
BraTS-GLI-01130-000,82,0.0514,905,17597,905.0,17597.0
BraTS-GLI-01130-000,83,0.0452,795,17576,795.0,17576.0
BraTS-GLI-01130-000,84,0.0405,710,17549,710.0,17549.0
BraTS-GLI-01130-000,85,0.0361,632,17518,632.0,17518.0
BraTS-GLI-01130-000,86,0.032,559,17466,559.0,17466.0
BraTS-GLI-01130-000,87,0.0281,490,17417,490.0,17417.0
BraTS-GLI-01130-000,88,0.027,469,17364,469.0,17364.0
BraTS-GLI-01130-000,89,0.025,432,17298,432.0,17298.0
BraTS-GLI-01130-000,90,0.023,396,17237,396.0,17237.0
BraTS-GLI-01130-000,91,0.0206,353,17162,353.0,17162.0
BraTS-GLI-01130-000,92,0.018,307,17055,307.0,17055.0
BraTS-GLI-01130-000,93,0.0158,267,16949,267.0,16949.0
BraTS-GLI-01130-000,94,0.0157,264,16813,264.0,16813.0
BraTS-GLI-01130-000,95,0.016,267,16651,267.0,16651.0
BraTS-GLI-01130-000,96,0.0158,260,16500,260.0,16500.0
BraTS-GLI-01130-000,97,0.016,261,16322,261.0,16322.0
BraTS-GLI-01130-000,98,0.0159,256,16143,256.0,16143.0
BraTS-GLI-01130-000,99,0.016,256,15951,256.0,15951.0
BraTS-GLI-01130-000,100,0.0162,255,15762,255.0,15762.0
BraTS-GLI-01130-000,101,0.0163,253,15556,253.0,15556.0
BraTS-GLI-01130-000,102,0.0162,249,15334,249.0,15334.0
BraTS-GLI-01130-000,103,0.0163,246,15080,246.0,15080.0
BraTS-GLI-01130-000,104,0.016,237,14819,237.0,14819.0
BraTS-GLI-01130-000,105,0.0133,193,14521,193.0,14521.0
BraTS-GLI-01130-000,106,0.0107,153,14240,153.0,14240.0
BraTS-GLI-01130-000,107,0.0097,135,13941,135.0,13941.0
BraTS-GLI-01130-000,108,0.0082,112,13641,112.0,13641.0
BraTS-GLI-01130-000,109,0.0079,105,13330,105.0,13330.0
BraTS-GLI-01130-000,110,0.0068,89,13018,89.0,13018.0
BraTS-GLI-01130-000,111,0.0027,34,12687,34.0,12687.0
BraTS-GLI-00596-000,55,0.0001,2,16787,2.0,16787.0
BraTS-GLI-00596-000,56,0.0002,4,16948,4.0,16948.0
BraTS-GLI-00596-000,57,0.0005,8,17122,8.0,17122.0
BraTS-GLI-00596-000,58,0.0005,9,17294,9.0,17294.0
BraTS-GLI-00596-000,59,0.0007,12,17447,12.0,17447.0
BraTS-GLI-00596-000,60,0.0007,12,17657,12.0,17657.0
BraTS-GLI-00596-000,61,0.0004,7,17876,7.0,17876.0
BraTS-GLI-00596-000,62,0.0003,6,18154,6.0,18154.0
BraTS-GLI-00596-000,63,0.0001,1,18369,1.0,18369.0
BraTS-GLI-00596-000,69,0.0015,28,19146,28.0,19146.0
BraTS-GLI-00596-000,70,0.005,97,19243,97.0,19243.0
BraTS-GLI-00596-000,71,0.0092,178,19317,178.0,19317.0
BraTS-GLI-00596-000,72,0.0138,266,19214,266.0,19214.0
BraTS-GLI-00596-000,73,0.0197,381,19339,381.0,19339.0
BraTS-GLI-00596-000,74,0.0253,490,19358,490.0,19358.0
BraTS-GLI-00596-000,75,0.0317,614,19380,614.0,19380.0
BraTS-GLI-00596-000,76,0.0378,732,19343,732.0,19343.0
BraTS-GLI-00596-000,77,0.0427,824,19298,824.0,19298.0
BraTS-GLI-00596-000,78,0.0483,929,19238,929.0,19238.0
BraTS-GLI-00596-000,79,0.0542,1038,19145,1038.0,19145.0
BraTS-GLI-00596-000,80,0.0604,1155,19130,1155.0,19130.0
BraTS-GLI-00596-000,81,0.0651,1239,19020,1239.0,19020.0
BraTS-GLI-00596-000,82,0.0759,1439,18964,1439.0,18964.0
BraTS-GLI-00596-000,83,0.084,1589,18911,1589.0,18911.0
BraTS-GLI-00596-000,84,0.0896,1691,18863,1691.0,18863.0
BraTS-GLI-00596-000,85,0.0955,1789,18732,1789.0,18732.0
BraTS-GLI-00596-000,86,0.1003,1864,18582,1864.0,18582.0
BraTS-GLI-00596-000,87,0.1056,1946,18430,1946.0,18430.0
BraTS-GLI-00596-000,88,0.1085,1981,18263,1981.0,18263.0
BraTS-GLI-00596-000,89,0.1108,2010,18133,2010.0,18133.0
BraTS-GLI-00596-000,90,0.1144,2066,18053,2066.0,18053.0
BraTS-GLI-00596-000,91,0.1159,2081,17960,2081.0,17960.0
BraTS-GLI-00596-000,92,0.1177,2102,17858,2102.0,17858.0
BraTS-GLI-00596-000,93,0.12,2109,17573,2109.0,17573.0
BraTS-GLI-00596-000,94,0.1199,2089,17416,2089.0,17416.0
BraTS-GLI-00596-000,95,0.1215,2082,17129,2082.0,17129.0
BraTS-GLI-00596-000,96,0.1234,2084,16887,2084.0,16887.0
BraTS-GLI-00596-000,97,0.1238,2080,16799,2080.0,16799.0
BraTS-GLI-00596-000,98,0.1253,2083,16618,2083.0,16618.0
BraTS-GLI-00596-000,99,0.1268,2083,16432,2083.0,16432.0
BraTS-GLI-00596-000,100,0.1287,2085,16199,2085.0,16199.0
BraTS-GLI-00596-000,101,0.1304,2076,15924,2076.0,15924.0
BraTS-GLI-00596-000,102,0.1308,2046,15645,2046.0,15645.0
BraTS-GLI-00596-000,103,0.1318,2022,15346,2022.0,15346.0
BraTS-GLI-00596-000,104,0.1323,2001,15125,2001.0,15125.0
BraTS-GLI-00596-000,105,0.1329,1985,14936,1985.0,14936.0
BraTS-GLI-00596-000,106,0.1347,1977,14677,1977.0,14677.0
BraTS-GLI-00596-000,107,0.1358,1965,14474,1965.0,14474.0
BraTS-GLI-00596-000,108,0.1347,1915,14218,1915.0,14218.0
BraTS-GLI-00596-000,109,0.134,1867,13935,1867.0,13935.0
BraTS-GLI-00596-000,110,0.1324,1798,13581,1798.0,13581.0
BraTS-GLI-00596-000,111,0.1315,1706,12972,1706.0,12972.0
BraTS-GLI-00596-000,112,0.1296,1624,12532,1624.0,12532.0
BraTS-GLI-00596-000,113,0.1258,1539,12236,1539.0,12236.0
BraTS-GLI-00596-000,114,0.1208,1437,11897,1437.0,11897.0
BraTS-GLI-00596-000,115,0.1159,1330,11472,1330.0,11472.0
BraTS-GLI-01237-000,40,0.0663,837,12629,837.0,12629.0
BraTS-GLI-01237-000,41,0.0735,945,12863,945.0,12863.0
BraTS-GLI-01237-000,42,0.0868,1132,13039,1132.0,13039.0
BraTS-GLI-01237-000,43,0.1029,1359,13211,1359.0,13211.0
BraTS-GLI-01237-000,44,0.1221,1630,13346,1630.0,13346.0
BraTS-GLI-01237-000,45,0.1479,1991,13460,1991.0,13460.0
BraTS-GLI-01237-000,46,0.1662,2256,13571,2256.0,13571.0
BraTS-GLI-01237-000,47,0.1721,2360,13711,2360.0,13711.0
BraTS-GLI-01237-000,48,0.1754,2424,13819,2424.0,13819.0
BraTS-GLI-01237-000,49,0.1723,2400,13933,2400.0,13933.0
BraTS-GLI-01237-000,50,0.1701,2395,14079,2395.0,14079.0
BraTS-GLI-01237-000,51,0.1689,2415,14297,2415.0,14297.0
BraTS-GLI-01237-000,52,0.1657,2426,14645,2426.0,14645.0
BraTS-GLI-01237-000,53,0.1667,2508,15041,2508.0,15041.0
BraTS-GLI-01237-000,54,0.1623,2498,15393,2498.0,15393.0
BraTS-GLI-01237-000,55,0.1579,2482,15718,2482.0,15718.0
BraTS-GLI-01237-000,56,0.1522,2428,15951,2428.0,15951.0
BraTS-GLI-01237-000,57,0.1474,2381,16152,2381.0,16152.0
BraTS-GLI-01237-000,58,0.1442,2359,16361,2359.0,16361.0
BraTS-GLI-01237-000,59,0.1419,2340,16488,2340.0,16488.0
BraTS-GLI-01237-000,60,0.1399,2330,16650,2330.0,16650.0
BraTS-GLI-01237-000,61,0.1353,2274,16804,2274.0,16804.0
BraTS-GLI-01237-000,62,0.1246,2114,16967,2114.0,16967.0
BraTS-GLI-01237-000,63,0.1188,2033,17108,2033.0,17108.0
BraTS-GLI-01237-000,64,0.1095,1887,17240,1887.0,17240.0
BraTS-GLI-01237-000,65,0.1055,1834,17378,1834.0,17378.0
BraTS-GLI-01237-000,66,0.1063,1861,17509,1861.0,17509.0
BraTS-GLI-01237-000,67,0.1034,1822,17619,1822.0,17619.0
BraTS-GLI-01237-000,68,0.1006,1786,17745,1786.0,17745.0
BraTS-GLI-01237-000,69,0.0982,1753,17855,1753.0,17855.0
BraTS-GLI-01237-000,70,0.0917,1647,17968,1647.0,17968.0
BraTS-GLI-01237-000,71,0.0868,1567,18060,1567.0,18060.0
BraTS-GLI-01237-000,72,0.079,1432,18126,1432.0,18126.0
BraTS-GLI-01237-000,73,0.0741,1346,18174,1346.0,18174.0
BraTS-GLI-01237-000,74,0.0731,1332,18227,1332.0,18227.0
BraTS-GLI-01237-000,75,0.0684,1248,18235,1248.0,18235.0
BraTS-GLI-01237-000,76,0.0638,1164,18236,1164.0,18236.0
BraTS-GLI-01237-000,77,0.0615,1122,18231,1122.0,18231.0
BraTS-GLI-01237-000,78,0.0552,1006,18216,1006.0,18216.0
BraTS-GLI-01237-000,79,0.0475,865,18192,865.0,18192.0
BraTS-GLI-01237-000,80,0.0433,787,18178,787.0,18178.0
BraTS-GLI-01237-000,81,0.0351,637,18136,637.0,18136.0
BraTS-GLI-01237-000,82,0.027,489,18095,489.0,18095.0
BraTS-GLI-01237-000,83,0.0214,387,18054,387.0,18054.0
BraTS-GLI-01237-000,84,0.0169,305,18027,305.0,18027.0
BraTS-GLI-01237-000,85,0.0148,266,17988,266.0,17988.0
BraTS-GLI-01237-000,86,0.0092,166,17960,166.0,17960.0
BraTS-GLI-01237-000,87,0.0031,55,17899,55.0,17899.0
BraTS-GLI-01237-000,88,0.001,18,17804,18.0,17804.0
BraTS-GLI-01205-000,79,0.0004,6,17080,6.0,17080.0
BraTS-GLI-01205-000,80,0.0014,24,17046,24.0,17046.0
BraTS-GLI-01205-000,81,0.0032,55,17008,55.0,17008.0
BraTS-GLI-01205-000,82,0.0067,114,16984,114.0,16984.0
BraTS-GLI-01205-000,83,0.0102,173,16941,173.0,16941.0
BraTS-GLI-01205-000,84,0.0163,276,16899,276.0,16899.0
BraTS-GLI-01205-000,85,0.0221,373,16842,373.0,16842.0
BraTS-GLI-01205-000,86,0.0291,489,16823,489.0,16823.0
BraTS-GLI-01205-000,87,0.0319,535,16790,535.0,16790.0
BraTS-GLI-01205-000,88,0.038,636,16751,636.0,16751.0
BraTS-GLI-01205-000,89,0.0427,712,16682,712.0,16682.0
BraTS-GLI-01205-000,90,0.043,714,16607,714.0,16607.0
BraTS-GLI-01205-000,91,0.044,726,16508,726.0,16508.0
BraTS-GLI-01205-000,92,0.0448,734,16392,734.0,16392.0
BraTS-GLI-01205-000,93,0.0454,738,16269,738.0,16269.0
BraTS-GLI-01205-000,94,0.0476,768,16139,768.0,16139.0
BraTS-GLI-01205-000,95,0.0487,779,15996,779.0,15996.0
BraTS-GLI-01205-000,96,0.0459,726,15828,726.0,15828.0
BraTS-GLI-01205-000,97,0.0436,682,15643,682.0,15643.0
BraTS-GLI-01205-000,98,0.0361,558,15476,558.0,15476.0
BraTS-GLI-01205-000,99,0.0376,575,15273,575.0,15273.0
BraTS-GLI-01205-000,100,0.0406,611,15062,611.0,15062.0
BraTS-GLI-01205-000,101,0.0396,587,14832,587.0,14832.0
BraTS-GLI-01205-000,102,0.0382,558,14608,558.0,14608.0
BraTS-GLI-01205-000,103,0.0377,541,14368,541.0,14368.0
BraTS-GLI-01205-000,104,0.0425,600,14114,600.0,14114.0
BraTS-GLI-01205-000,105,0.0465,645,13866,645.0,13866.0
BraTS-GLI-01205-000,106,0.0421,571,13579,571.0,13579.0
BraTS-GLI-01205-000,107,0.0414,550,13270,550.0,13270.0
BraTS-GLI-01205-000,108,0.0443,576,12994,576.0,12994.0
BraTS-GLI-01205-000,109,0.0435,552,12701,552.0,12701.0
BraTS-GLI-01205-000,110,0.0438,544,12415,544.0,12415.0
BraTS-GLI-01205-000,111,0.043,520,12092,520.0,12092.0
BraTS-GLI-01205-000,112,0.0474,557,11747,557.0,11747.0
BraTS-GLI-01205-000,113,0.0422,482,11411,482.0,11411.0
BraTS-GLI-01205-000,114,0.0401,444,11077,444.0,11077.0
BraTS-GLI-01205-000,115,0.0388,418,10762,418.0,10762.0
BraTS-GLI-00517-000,52,0.0004,7,16694,7.0,16694.0
BraTS-GLI-00517-000,53,0.0032,55,17169,55.0,17169.0
BraTS-GLI-00517-000,54,0.0101,176,17504,176.0,17504.0
BraTS-GLI-00517-000,55,0.0192,342,17828,342.0,17828.0
BraTS-GLI-00517-000,56,0.0295,536,18180,536.0,18180.0
BraTS-GLI-00517-000,57,0.0444,821,18488,821.0,18488.0
BraTS-GLI-00517-000,58,0.0645,1207,18721,1207.0,18721.0
BraTS-GLI-00517-000,59,0.0745,1414,18986,1414.0,18986.0
BraTS-GLI-00517-000,60,0.0764,1467,19201,1467.0,19201.0
BraTS-GLI-00517-000,61,0.0783,1516,19366,1516.0,19366.0
BraTS-GLI-00517-000,62,0.0777,1515,19503,1515.0,19503.0
BraTS-GLI-00517-000,63,0.0742,1456,19611,1456.0,19611.0
BraTS-GLI-00517-000,64,0.0766,1508,19688,1508.0,19688.0
BraTS-GLI-00517-000,65,0.0838,1655,19744,1655.0,19744.0
BraTS-GLI-00517-000,66,0.0941,1864,19803,1864.0,19803.0
BraTS-GLI-00517-000,67,0.1019,2023,19856,2023.0,19856.0
BraTS-GLI-00517-000,68,0.1096,2180,19884,2180.0,19884.0
BraTS-GLI-00517-000,69,0.1174,2338,19916,2338.0,19916.0
BraTS-GLI-00517-000,70,0.1238,2466,19925,2466.0,19925.0
BraTS-GLI-00517-000,71,0.1293,2576,19925,2576.0,19925.0
BraTS-GLI-00517-000,72,0.1378,2746,19926,2746.0,19926.0
BraTS-GLI-00517-000,73,0.1461,2910,19920,2910.0,19920.0
BraTS-GLI-00517-000,74,0.153,3043,19895,3043.0,19895.0
BraTS-GLI-00517-000,75,0.1583,3143,19857,3143.0,19857.0
BraTS-GLI-00517-000,76,0.1615,3203,19833,3203.0,19833.0
BraTS-GLI-00517-000,77,0.1645,3256,19792,3256.0,19792.0
BraTS-GLI-00517-000,78,0.1666,3288,19739,3288.0,19739.0
BraTS-GLI-00517-000,79,0.1681,3309,19684,3309.0,19684.0
BraTS-GLI-00517-000,80,0.1693,3321,19611,3321.0,19611.0
BraTS-GLI-00517-000,81,0.174,3404,19565,3404.0,19565.0
BraTS-GLI-00517-000,82,0.1772,3456,19508,3456.0,19508.0
BraTS-GLI-00517-000,83,0.1819,3531,19408,3531.0,19408.0
BraTS-GLI-00517-000,84,0.1886,3651,19357,3651.0,19357.0
BraTS-GLI-00517-000,85,0.1913,3685,19267,3685.0,19267.0
BraTS-GLI-00517-000,86,0.1925,3695,19196,3695.0,19196.0
BraTS-GLI-00517-000,87,0.1896,3629,19138,3629.0,19138.0
BraTS-GLI-00517-000,88,0.1841,3510,19066,3510.0,19066.0
BraTS-GLI-00517-000,89,0.1795,3409,18988,3409.0,18988.0
BraTS-GLI-00517-000,90,0.169,3189,18867,3189.0,18867.0
BraTS-GLI-00517-000,91,0.159,2981,18745,2981.0,18745.0
BraTS-GLI-00517-000,92,0.1516,2823,18621,2823.0,18621.0
BraTS-GLI-00517-000,93,0.1472,2722,18486,2722.0,18486.0
BraTS-GLI-00517-000,94,0.146,2680,18351,2680.0,18351.0
BraTS-GLI-00517-000,95,0.1448,2635,18199,2635.0,18199.0
BraTS-GLI-00517-000,96,0.1436,2587,18016,2587.0,18016.0
BraTS-GLI-00517-000,97,0.1426,2542,17822,2542.0,17822.0
BraTS-GLI-00517-000,98,0.1412,2492,17646,2492.0,17646.0
BraTS-GLI-00517-000,99,0.1396,2437,17455,2437.0,17455.0
BraTS-GLI-00517-000,100,0.1373,2370,17263,2370.0,17263.0
BraTS-GLI-00517-000,101,0.1344,2293,17061,2293.0,17061.0
BraTS-GLI-00517-000,102,0.1304,2196,16839,2196.0,16839.0
BraTS-GLI-00517-000,103,0.1265,2102,16612,2102.0,16612.0
BraTS-GLI-00517-000,104,0.1223,1997,16335,1997.0,16335.0
BraTS-GLI-00517-000,105,0.1186,1899,16010,1899.0,16010.0
BraTS-GLI-00517-000,106,0.1139,1787,15683,1787.0,15683.0
BraTS-GLI-00517-000,107,0.1084,1670,15411,1670.0,15411.0
BraTS-GLI-00517-000,108,0.1021,1545,15136,1545.0,15136.0
BraTS-GLI-00517-000,109,0.096,1426,14859,1426.0,14859.0
BraTS-GLI-00517-000,110,0.087,1269,14584,1269.0,14584.0
BraTS-GLI-00517-000,111,0.0745,1061,14235,1061.0,14235.0
BraTS-GLI-00517-000,112,0.0657,915,13920,915.0,13920.0
BraTS-GLI-00517-000,113,0.0611,831,13601,831.0,13601.0
BraTS-GLI-00517-000,114,0.0583,775,13287,775.0,13287.0
BraTS-GLI-00517-000,115,0.0559,725,12975,725.0,12975.0
BraTS-GLI-00838-000,51,0.0027,33,12409,33.0,12409.0
BraTS-GLI-00838-000,52,0.0082,103,12561,103.0,12561.0
BraTS-GLI-00838-000,53,0.0108,138,12799,138.0,12799.0
BraTS-GLI-00838-000,54,0.0128,171,13354,171.0,13354.0
BraTS-GLI-00838-000,55,0.0162,222,13712,222.0,13712.0
BraTS-GLI-00838-000,56,0.0205,286,13979,286.0,13979.0
BraTS-GLI-00838-000,57,0.0264,374,14180,374.0,14180.0
BraTS-GLI-00838-000,58,0.0453,653,14405,653.0,14405.0
BraTS-GLI-00838-000,59,0.0632,923,14595,923.0,14595.0
BraTS-GLI-00838-000,60,0.0727,1073,14753,1073.0,14753.0
BraTS-GLI-00838-000,61,0.0828,1238,14948,1238.0,14948.0
BraTS-GLI-00838-000,62,0.0932,1412,15149,1412.0,15149.0
BraTS-GLI-00838-000,63,0.1019,1567,15379,1567.0,15379.0
BraTS-GLI-00838-000,64,0.1109,1727,15570,1727.0,15570.0
BraTS-GLI-00838-000,65,0.1225,1944,15868,1944.0,15868.0
BraTS-GLI-00838-000,66,0.1347,2150,15965,2150.0,15965.0
BraTS-GLI-00838-000,67,0.1464,2345,16015,2345.0,16015.0
BraTS-GLI-00838-000,68,0.1816,2950,16245,2950.0,16245.0
BraTS-GLI-00838-000,69,0.1943,3166,16292,3166.0,16292.0
BraTS-GLI-00838-000,70,0.1874,3066,16358,3066.0,16358.0
BraTS-GLI-00838-000,71,0.2036,3327,16338,3327.0,16338.0
BraTS-GLI-00838-000,72,0.1944,3176,16334,3176.0,16334.0
BraTS-GLI-00838-000,73,0.1716,2792,16271,2792.0,16271.0
BraTS-GLI-00838-000,74,0.2104,3437,16335,3437.0,16335.0
BraTS-GLI-00838-000,75,0.2109,3462,16417,3462.0,16417.0
BraTS-GLI-00838-000,76,0.2113,3479,16465,3479.0,16465.0
BraTS-GLI-00838-000,77,0.2092,3448,16478,3448.0,16478.0
BraTS-GLI-00838-000,78,0.21,3457,16460,3457.0,16460.0
BraTS-GLI-00838-000,79,0.2025,3330,16442,3330.0,16442.0
BraTS-GLI-00838-000,80,0.2132,3491,16373,3491.0,16373.0
BraTS-GLI-00838-000,81,0.2044,3330,16292,3330.0,16292.0
BraTS-GLI-00838-000,82,0.1981,3210,16204,3210.0,16204.0
BraTS-GLI-00838-000,83,0.2,3228,16136,3228.0,16136.0
BraTS-GLI-00838-000,84,0.2013,3235,16067,3235.0,16067.0
BraTS-GLI-00838-000,85,0.1998,3193,15977,3193.0,15977.0
BraTS-GLI-00838-000,86,0.2003,3190,15929,3190.0,15929.0
BraTS-GLI-00838-000,87,0.1928,3052,15831,3052.0,15831.0
BraTS-GLI-00838-000,88,0.1915,3013,15731,3013.0,15731.0
BraTS-GLI-00838-000,89,0.1904,2980,15652,2980.0,15652.0
BraTS-GLI-00838-000,90,0.1912,2966,15513,2966.0,15513.0
BraTS-GLI-00838-000,91,0.185,2849,15397,2849.0,15397.0
BraTS-GLI-00838-000,92,0.1795,2742,15276,2742.0,15276.0
BraTS-GLI-00838-000,93,0.1666,2517,15107,2517.0,15107.0
BraTS-GLI-00838-000,94,0.1659,2481,14953,2481.0,14953.0
BraTS-GLI-00838-000,95,0.1616,2391,14799,2391.0,14799.0
BraTS-GLI-00838-000,96,0.1535,2227,14506,2227.0,14506.0
BraTS-GLI-00838-000,97,0.1443,2087,14459,2087.0,14459.0
BraTS-GLI-00838-000,98,0.1452,2077,14300,2077.0,14300.0
BraTS-GLI-00838-000,99,0.1276,1804,14138,1804.0,14138.0
BraTS-GLI-00838-000,100,0.127,1768,13923,1768.0,13923.0
BraTS-GLI-00838-000,101,0.1109,1519,13693,1519.0,13693.0
BraTS-GLI-00838-000,102,0.1112,1492,13417,1492.0,13417.0
BraTS-GLI-00838-000,103,0.1173,1551,13218,1551.0,13218.0
BraTS-GLI-00838-000,104,0.1074,1396,12998,1396.0,12998.0
BraTS-GLI-00838-000,105,0.0869,1105,12710,1105.0,12710.0
BraTS-GLI-00838-000,106,0.0905,1130,12490,1130.0,12490.0
BraTS-GLI-00838-000,107,0.1039,1269,12219,1269.0,12219.0
BraTS-GLI-00838-000,108,0.0708,852,12032,852.0,12032.0
BraTS-GLI-00838-000,109,0.0719,850,11821,850.0,11821.0
BraTS-GLI-00838-000,110,0.067,768,11461,768.0,11461.0
BraTS-GLI-00838-000,111,0.0529,590,11149,590.0,11149.0
BraTS-GLI-00838-000,112,0.0556,599,10770,599.0,10770.0
BraTS-GLI-00838-000,113,0.046,482,10486,482.0,10486.0
BraTS-GLI-00838-000,114,0.0392,401,10228,401.0,10228.0
BraTS-GLI-00838-000,115,0.0299,293,9806,293.0,9806.0
BraTS-GLI-01426-000,40,0.0793,936,11808,936.0,11808.0
BraTS-GLI-01426-000,41,0.0878,1073,12217,1073.0,12217.0
BraTS-GLI-01426-000,42,0.0973,1216,12497,1216.0,12497.0
BraTS-GLI-01426-000,43,0.1074,1364,12704,1364.0,12704.0
BraTS-GLI-01426-000,44,0.1153,1487,12896,1487.0,12896.0
BraTS-GLI-01426-000,45,0.1216,1586,13047,1586.0,13047.0
BraTS-GLI-01426-000,46,0.124,1636,13196,1636.0,13196.0
BraTS-GLI-01426-000,47,0.1282,1707,13313,1707.0,13313.0
BraTS-GLI-01426-000,48,0.1303,1753,13452,1753.0,13452.0
BraTS-GLI-01426-000,49,0.1329,1806,13591,1806.0,13591.0
BraTS-GLI-01426-000,50,0.1391,1913,13753,1913.0,13753.0
BraTS-GLI-01426-000,51,0.1391,1974,14188,1974.0,14188.0
BraTS-GLI-01426-000,52,0.1352,1994,14748,1994.0,14748.0
BraTS-GLI-01426-000,53,0.1323,2010,15191,2010.0,15191.0
BraTS-GLI-01426-000,54,0.1316,2026,15397,2026.0,15397.0
BraTS-GLI-01426-000,55,0.1305,2039,15621,2039.0,15621.0
BraTS-GLI-01426-000,56,0.1306,2069,15845,2069.0,15845.0
BraTS-GLI-01426-000,57,0.1345,2157,16034,2157.0,16034.0
BraTS-GLI-01426-000,58,0.1308,2134,16314,2134.0,16314.0
BraTS-GLI-01426-000,59,0.1303,2162,16597,2162.0,16597.0
BraTS-GLI-01426-000,60,0.1272,2153,16921,2153.0,16921.0
BraTS-GLI-01426-000,61,0.1175,2014,17144,2014.0,17144.0
BraTS-GLI-01426-000,62,0.1114,1929,17309,1929.0,17309.0
BraTS-GLI-01426-000,63,0.1101,1919,17433,1919.0,17433.0
BraTS-GLI-01426-000,64,0.1129,1978,17513,1978.0,17513.0
BraTS-GLI-01426-000,65,0.1092,1921,17595,1921.0,17595.0
BraTS-GLI-01426-000,66,0.1076,1902,17674,1902.0,17674.0
BraTS-GLI-01426-000,67,0.1115,1980,17753,1980.0,17753.0
BraTS-GLI-01426-000,68,0.1141,2034,17826,2034.0,17826.0
BraTS-GLI-01426-000,69,0.1126,2013,17875,2013.0,17875.0
BraTS-GLI-01426-000,70,0.1147,2058,17935,2058.0,17935.0
BraTS-GLI-01426-000,71,0.1156,2079,17985,2079.0,17985.0
BraTS-GLI-01426-000,72,0.1148,2068,18008,2068.0,18008.0
BraTS-GLI-01426-000,73,0.1158,2085,18005,2085.0,18005.0
BraTS-GLI-01426-000,74,0.1124,2025,18010,2025.0,18010.0
BraTS-GLI-01426-000,75,0.106,1907,17987,1907.0,17987.0
BraTS-GLI-01426-000,76,0.0996,1790,17963,1790.0,17963.0
BraTS-GLI-01426-000,77,0.0947,1699,17942,1699.0,17942.0
BraTS-GLI-01426-000,78,0.0881,1578,17907,1578.0,17907.0
BraTS-GLI-01426-000,79,0.0826,1475,17861,1475.0,17861.0
BraTS-GLI-01426-000,80,0.0774,1380,17837,1380.0,17837.0
BraTS-GLI-01426-000,81,0.0719,1278,17787,1278.0,17787.0
BraTS-GLI-01426-000,82,0.065,1152,17736,1152.0,17736.0
BraTS-GLI-01426-000,83,0.0508,898,17681,898.0,17681.0
BraTS-GLI-01426-000,84,0.0356,627,17594,627.0,17594.0
BraTS-GLI-01426-000,85,0.0282,494,17524,494.0,17524.0
BraTS-GLI-01426-000,86,0.0199,348,17468,348.0,17468.0
BraTS-GLI-01426-000,87,0.0114,199,17411,199.0,17411.0
BraTS-GLI-01426-000,88,0.0058,101,17372,101.0,17372.0
BraTS-GLI-01426-000,89,0.0014,24,17313,24.0,17313.0
BraTS-GLI-00388-000,40,0.0507,554,10937,554.0,10937.0
BraTS-GLI-00388-000,41,0.0578,665,11498,665.0,11498.0
BraTS-GLI-00388-000,42,0.06,718,11962,718.0,11962.0
BraTS-GLI-00388-000,43,0.0615,755,12283,755.0,12283.0
BraTS-GLI-00388-000,44,0.0636,794,12486,794.0,12486.0
BraTS-GLI-00388-000,45,0.0703,888,12635,888.0,12635.0
BraTS-GLI-00388-000,46,0.0814,1040,12778,1040.0,12778.0
BraTS-GLI-00388-000,47,0.0934,1209,12939,1209.0,12939.0
BraTS-GLI-00388-000,48,0.1086,1422,13097,1422.0,13097.0
BraTS-GLI-00388-000,49,0.1237,1636,13230,1636.0,13230.0
BraTS-GLI-00388-000,50,0.1347,1796,13332,1796.0,13332.0
BraTS-GLI-00388-000,51,0.1427,1920,13456,1920.0,13456.0
BraTS-GLI-00388-000,52,0.1464,2006,13706,2006.0,13706.0
BraTS-GLI-00388-000,53,0.15,2089,13928,2089.0,13928.0
BraTS-GLI-00388-000,54,0.1542,2192,14218,2192.0,14218.0
BraTS-GLI-00388-000,55,0.1623,2353,14498,2353.0,14498.0
BraTS-GLI-00388-000,56,0.1734,2558,14752,2558.0,14752.0
BraTS-GLI-00388-000,57,0.1852,2756,14881,2756.0,14881.0
BraTS-GLI-00388-000,58,0.1995,3020,15141,3020.0,15141.0
BraTS-GLI-00388-000,59,0.2135,3267,15304,3267.0,15304.0
BraTS-GLI-00388-000,60,0.2257,3505,15532,3505.0,15532.0
BraTS-GLI-00388-000,61,0.2387,3712,15553,3712.0,15553.0
BraTS-GLI-00388-000,62,0.2446,3845,15720,3845.0,15720.0
BraTS-GLI-00388-000,63,0.2494,3955,15858,3955.0,15858.0
BraTS-GLI-00388-000,64,0.2546,4100,16102,4100.0,16102.0
BraTS-GLI-00388-000,65,0.2601,4224,16237,4224.0,16237.0
BraTS-GLI-00388-000,66,0.2661,4342,16317,4342.0,16317.0
BraTS-GLI-00388-000,67,0.273,4485,16426,4485.0,16426.0
BraTS-GLI-00388-000,68,0.2731,4557,16685,4557.0,16685.0
BraTS-GLI-00388-000,69,0.2756,4638,16831,4638.0,16831.0
BraTS-GLI-00388-000,70,0.2781,4688,16859,4688.0,16859.0
BraTS-GLI-00388-000,71,0.2777,4721,17003,4721.0,17003.0
BraTS-GLI-00388-000,72,0.2756,4752,17245,4752.0,17245.0
BraTS-GLI-00388-000,73,0.2743,4759,17347,4759.0,17347.0
BraTS-GLI-00388-000,74,0.2725,4730,17359,4730.0,17359.0
BraTS-GLI-00388-000,75,0.2702,4699,17393,4699.0,17393.0
BraTS-GLI-00388-000,76,0.2656,4640,17471,4640.0,17471.0
BraTS-GLI-00388-000,77,0.2587,4521,17474,4521.0,17474.0
BraTS-GLI-00388-000,78,0.2505,4369,17441,4369.0,17441.0
BraTS-GLI-00388-000,79,0.2436,4240,17405,4240.0,17405.0
BraTS-GLI-00388-000,80,0.2334,4054,17366,4054.0,17366.0
BraTS-GLI-00388-000,81,0.2232,3864,17314,3864.0,17314.0
BraTS-GLI-00388-000,82,0.2168,3745,17272,3745.0,17272.0
BraTS-GLI-00388-000,83,0.2101,3613,17197,3613.0,17197.0
BraTS-GLI-00388-000,84,0.2041,3501,17155,3501.0,17155.0
BraTS-GLI-00388-000,85,0.1977,3382,17105,3382.0,17105.0
BraTS-GLI-00388-000,86,0.1947,3311,17006,3311.0,17006.0
BraTS-GLI-00388-000,87,0.1898,3207,16899,3207.0,16899.0
BraTS-GLI-00388-000,88,0.1861,3123,16785,3123.0,16785.0
BraTS-GLI-00388-000,89,0.1809,3023,16711,3023.0,16711.0
BraTS-GLI-00388-000,90,0.1729,2878,16649,2878.0,16649.0
BraTS-GLI-00388-000,91,0.165,2723,16502,2723.0,16502.0
BraTS-GLI-00388-000,92,0.159,2600,16351,2600.0,16351.0
BraTS-GLI-00388-000,93,0.1444,2342,16217,2342.0,16217.0
BraTS-GLI-00388-000,94,0.1332,2147,16113,2147.0,16113.0
BraTS-GLI-00388-000,95,0.1219,1953,16022,1953.0,16022.0
BraTS-GLI-00388-000,96,0.104,1644,15810,1644.0,15810.0
BraTS-GLI-00388-000,97,0.09,1401,15574,1401.0,15574.0
BraTS-GLI-00388-000,98,0.0727,1119,15394,1119.0,15394.0
BraTS-GLI-00388-000,99,0.0624,951,15245,951.0,15245.0
BraTS-GLI-00388-000,100,0.0538,811,15084,811.0,15084.0
BraTS-GLI-00388-000,101,0.0498,738,14827,738.0,14827.0
BraTS-GLI-00388-000,102,0.039,562,14412,562.0,14412.0
BraTS-GLI-00388-000,103,0.0319,454,14233,454.0,14233.0
BraTS-GLI-00388-000,104,0.0299,422,14100,422.0,14100.0
BraTS-GLI-00388-000,105,0.0273,380,13935,380.0,13935.0
BraTS-GLI-00388-000,106,0.0263,362,13750,362.0,13750.0
BraTS-GLI-00388-000,107,0.0253,338,13351,338.0,13351.0
BraTS-GLI-00388-000,108,0.0253,331,13070,331.0,13070.0
BraTS-GLI-00388-000,109,0.0246,315,12826,315.0,12826.0
BraTS-GLI-00388-000,110,0.0225,283,12556,283.0,12556.0
BraTS-GLI-00388-000,111,0.0214,262,12216,262.0,12216.0
BraTS-GLI-00388-000,112,0.0196,233,11890,233.0,11890.0
BraTS-GLI-00388-000,113,0.0175,202,11530,202.0,11530.0
BraTS-GLI-00388-000,114,0.0141,159,11254,159.0,11254.0
BraTS-GLI-00388-000,115,0.0112,123,10955,123.0,10955.0
BraTS-GLI-00373-000,40,0.0329,392,11908,392.0,11908.0
BraTS-GLI-00373-000,41,0.0457,551,12059,551.0,12059.0
BraTS-GLI-00373-000,42,0.0545,666,12210,666.0,12210.0
BraTS-GLI-00373-000,43,0.0586,723,12337,723.0,12337.0
BraTS-GLI-00373-000,44,0.0624,778,12466,778.0,12466.0
BraTS-GLI-00373-000,45,0.0662,832,12569,832.0,12569.0
BraTS-GLI-00373-000,46,0.069,876,12694,876.0,12694.0
BraTS-GLI-00373-000,47,0.0719,922,12832,922.0,12832.0
BraTS-GLI-00373-000,48,0.0728,944,12975,944.0,12975.0
BraTS-GLI-00373-000,49,0.0736,973,13222,973.0,13222.0
BraTS-GLI-00373-000,50,0.0742,1001,13483,1001.0,13483.0
BraTS-GLI-00373-000,51,0.0717,993,13858,993.0,13858.0
BraTS-GLI-00373-000,52,0.0684,976,14276,976.0,14276.0
BraTS-GLI-00373-000,53,0.0649,945,14551,945.0,14551.0
BraTS-GLI-00373-000,54,0.0611,907,14853,907.0,14853.0
BraTS-GLI-00373-000,55,0.0562,848,15101,848.0,15101.0
BraTS-GLI-00373-000,56,0.0515,786,15275,786.0,15275.0
BraTS-GLI-00373-000,57,0.0451,696,15418,696.0,15418.0
BraTS-GLI-00373-000,58,0.0386,599,15522,599.0,15522.0
BraTS-GLI-00373-000,59,0.0348,544,15636,544.0,15636.0
BraTS-GLI-00373-000,60,0.0313,493,15762,493.0,15762.0
BraTS-GLI-00373-000,61,0.0257,408,15889,408.0,15889.0
BraTS-GLI-00373-000,62,0.0197,316,16056,316.0,16056.0
BraTS-GLI-00373-000,63,0.0085,138,16223,138.0,16223.0
BraTS-GLI-00373-000,64,0.004,66,16379,66.0,16379.0
BraTS-GLI-00373-000,68,0.0002,4,16920,4.0,16920.0
BraTS-GLI-01495-000,47,0.0001,1,13589,1.0,13589.0
BraTS-GLI-01495-000,48,0.0001,2,13742,2.0,13742.0
BraTS-GLI-01495-000,49,0.0002,3,13965,3.0,13965.0
BraTS-GLI-01495-000,50,0.0007,10,14431,10.0,14431.0
BraTS-GLI-01495-000,51,0.0052,76,14687,76.0,14687.0
BraTS-GLI-01495-000,52,0.0091,136,14930,136.0,14930.0
BraTS-GLI-01495-000,53,0.0164,248,15138,248.0,15138.0
BraTS-GLI-01495-000,54,0.0267,409,15291,409.0,15291.0
BraTS-GLI-01495-000,55,0.0347,537,15495,537.0,15495.0
BraTS-GLI-01495-000,56,0.0421,657,15595,657.0,15595.0
BraTS-GLI-01495-000,57,0.0471,741,15728,741.0,15728.0
BraTS-GLI-01495-000,58,0.05,795,15886,795.0,15886.0
BraTS-GLI-01495-000,59,0.0552,888,16074,888.0,16074.0
BraTS-GLI-01495-000,60,0.0602,974,16180,974.0,16180.0
BraTS-GLI-01495-000,61,0.065,1063,16352,1063.0,16352.0
BraTS-GLI-01495-000,62,0.0708,1164,16436,1164.0,16436.0
BraTS-GLI-01495-000,63,0.0766,1274,16634,1274.0,16634.0
BraTS-GLI-01495-000,64,0.0891,1488,16698,1488.0,16698.0
BraTS-GLI-01495-000,65,0.0954,1609,16859,1609.0,16859.0
BraTS-GLI-01495-000,66,0.1025,1736,16934,1736.0,16934.0
BraTS-GLI-01495-000,67,0.1088,1861,17110,1861.0,17110.0
BraTS-GLI-01495-000,68,0.1171,2006,17127,2006.0,17127.0
BraTS-GLI-01495-000,69,0.1274,2202,17288,2202.0,17288.0
BraTS-GLI-01495-000,70,0.1386,2395,17275,2395.0,17275.0
BraTS-GLI-01495-000,71,0.1481,2562,17300,2562.0,17300.0
BraTS-GLI-01495-000,72,0.1566,2707,17284,2707.0,17284.0
BraTS-GLI-01495-000,73,0.1664,2879,17304,2879.0,17304.0
BraTS-GLI-01495-000,74,0.1747,3020,17291,3020.0,17291.0
BraTS-GLI-01495-000,75,0.1844,3185,17273,3185.0,17273.0
BraTS-GLI-01495-000,76,0.1935,3331,17217,3331.0,17217.0
BraTS-GLI-01495-000,77,0.204,3494,17131,3494.0,17131.0
BraTS-GLI-01495-000,78,0.213,3634,17062,3634.0,17062.0
BraTS-GLI-01495-000,79,0.2267,3848,16974,3848.0,16974.0
BraTS-GLI-01495-000,80,0.2394,4046,16903,4046.0,16903.0
BraTS-GLI-01495-000,81,0.2487,4181,16814,4181.0,16814.0
BraTS-GLI-01495-000,82,0.2589,4337,16752,4337.0,16752.0
BraTS-GLI-01495-000,83,0.2699,4501,16677,4501.0,16677.0
BraTS-GLI-01495-000,84,0.2764,4589,16603,4589.0,16603.0
BraTS-GLI-01495-000,85,0.2857,4713,16496,4713.0,16496.0
BraTS-GLI-01495-000,86,0.2912,4781,16416,4781.0,16416.0
BraTS-GLI-01495-000,87,0.2974,4845,16289,4845.0,16289.0
BraTS-GLI-01495-000,88,0.3058,4941,16157,4941.0,16157.0
BraTS-GLI-01495-000,89,0.3084,4926,15975,4926.0,15975.0
BraTS-GLI-01495-000,90,0.307,4861,15832,4861.0,15832.0
BraTS-GLI-01495-000,91,0.3104,4848,15617,4848.0,15617.0
BraTS-GLI-01495-000,92,0.3138,4838,15416,4838.0,15416.0
BraTS-GLI-01495-000,93,0.3186,4842,15199,4842.0,15199.0
BraTS-GLI-01495-000,94,0.3246,4867,14993,4867.0,14993.0
BraTS-GLI-01495-000,95,0.3276,4837,14766,4837.0,14766.0
BraTS-GLI-01495-000,96,0.3288,4783,14546,4783.0,14546.0
BraTS-GLI-01495-000,97,0.3296,4707,14283,4707.0,14283.0
BraTS-GLI-01495-000,98,0.328,4609,14053,4609.0,14053.0
BraTS-GLI-01495-000,99,0.3308,4568,13811,4568.0,13811.0
BraTS-GLI-01495-000,100,0.3319,4507,13578,4507.0,13578.0
BraTS-GLI-01495-000,101,0.331,4405,13308,4405.0,13308.0
BraTS-GLI-01495-000,102,0.3241,4225,13037,4225.0,13037.0
BraTS-GLI-01495-000,103,0.3219,4098,12729,4098.0,12729.0
BraTS-GLI-01495-000,104,0.3189,3963,12429,3963.0,12429.0
BraTS-GLI-01495-000,105,0.3167,3831,12097,3831.0,12097.0
BraTS-GLI-01495-000,106,0.3109,3675,11820,3675.0,11820.0
BraTS-GLI-01495-000,107,0.3013,3470,11516,3470.0,11516.0
BraTS-GLI-01495-000,108,0.2964,3330,11236,3330.0,11236.0
BraTS-GLI-01495-000,109,0.2921,3191,10923,3191.0,10923.0
BraTS-GLI-01495-000,110,0.2891,3076,10639,3076.0,10639.0
BraTS-GLI-01495-000,111,0.2885,2969,10292,2969.0,10292.0
BraTS-GLI-01495-000,112,0.2876,2870,9979,2870.0,9979.0
BraTS-GLI-01495-000,113,0.289,2774,9598,2774.0,9598.0
BraTS-GLI-01495-000,114,0.2864,2647,9242,2647.0,9242.0
BraTS-GLI-01495-000,115,0.2819,2482,8805,2482.0,8805.0
BraTS-GLI-00263-000,58,0.0001,1,19128,1.0,19128.0
BraTS-GLI-00263-000,59,0.0004,8,19274,8.0,19274.0
BraTS-GLI-00263-000,60,0.0011,21,19403,21.0,19403.0
BraTS-GLI-00263-000,61,0.0026,50,19506,50.0,19506.0
BraTS-GLI-00263-000,62,0.0042,83,19593,83.0,19593.0
BraTS-GLI-00263-000,63,0.0056,110,19689,110.0,19689.0
BraTS-GLI-00263-000,64,0.007,139,19735,139.0,19735.0
BraTS-GLI-00263-000,65,0.0085,168,19788,168.0,19788.0
BraTS-GLI-00263-000,66,0.0098,194,19820,194.0,19820.0
BraTS-GLI-00263-000,67,0.012,239,19858,239.0,19858.0
BraTS-GLI-00263-000,68,0.015,299,19884,299.0,19884.0
BraTS-GLI-00263-000,69,0.0178,353,19881,353.0,19881.0
BraTS-GLI-00263-000,70,0.0204,406,19881,406.0,19881.0
BraTS-GLI-00263-000,71,0.0227,451,19890,451.0,19890.0
BraTS-GLI-00263-000,72,0.0243,483,19884,483.0,19884.0
BraTS-GLI-00263-000,73,0.027,536,19848,536.0,19848.0
BraTS-GLI-00263-000,74,0.0308,610,19828,610.0,19828.0
BraTS-GLI-00263-000,75,0.0351,694,19798,694.0,19798.0
BraTS-GLI-00263-000,76,0.0392,774,19761,774.0,19761.0
BraTS-GLI-00263-000,77,0.0436,860,19710,860.0,19710.0
BraTS-GLI-00263-000,78,0.0491,965,19656,965.0,19656.0
BraTS-GLI-00263-000,79,0.0628,1230,19598,1230.0,19598.0
BraTS-GLI-00263-000,80,0.0761,1488,19555,1488.0,19555.0
BraTS-GLI-00263-000,81,0.087,1696,19500,1696.0,19500.0
BraTS-GLI-00263-000,82,0.0998,1939,19433,1939.0,19433.0
BraTS-GLI-00263-000,83,0.1089,2109,19371,2109.0,19371.0
BraTS-GLI-00263-000,84,0.1162,2242,19292,2242.0,19292.0
BraTS-GLI-00263-000,85,0.1204,2313,19204,2313.0,19204.0
BraTS-GLI-00263-000,86,0.1234,2359,19110,2359.0,19110.0
BraTS-GLI-00263-000,87,0.1255,2386,19007,2386.0,19007.0
BraTS-GLI-00263-000,88,0.1253,2369,18905,2369.0,18905.0
BraTS-GLI-00263-000,89,0.1257,2360,18769,2360.0,18769.0
BraTS-GLI-00263-000,90,0.1262,2352,18634,2352.0,18634.0
BraTS-GLI-00263-000,91,0.1254,2317,18482,2317.0,18482.0
BraTS-GLI-00263-000,92,0.1242,2274,18308,2274.0,18308.0
BraTS-GLI-00263-000,93,0.1211,2197,18135,2197.0,18135.0
BraTS-GLI-00263-000,94,0.1194,2143,17945,2143.0,17945.0
BraTS-GLI-00263-000,95,0.1183,2102,17762,2102.0,17762.0
BraTS-GLI-00263-000,96,0.1175,2062,17555,2062.0,17555.0
BraTS-GLI-00263-000,97,0.1177,2042,17356,2042.0,17356.0
BraTS-GLI-00263-000,98,0.1159,1985,17133,1985.0,17133.0
BraTS-GLI-00263-000,99,0.1169,1976,16907,1976.0,16907.0
BraTS-GLI-00263-000,100,0.119,1980,16644,1980.0,16644.0
BraTS-GLI-00263-000,101,0.1218,1997,16392,1997.0,16392.0
BraTS-GLI-00263-000,102,0.1237,1999,16156,1999.0,16156.0
BraTS-GLI-00263-000,103,0.1248,1986,15914,1986.0,15914.0
BraTS-GLI-00263-000,104,0.125,1958,15664,1958.0,15664.0
BraTS-GLI-00263-000,105,0.1249,1925,15408,1925.0,15408.0
BraTS-GLI-00263-000,106,0.125,1893,15146,1893.0,15146.0
BraTS-GLI-00263-000,107,0.1246,1853,14868,1853.0,14868.0
BraTS-GLI-00263-000,108,0.1235,1800,14572,1800.0,14572.0
BraTS-GLI-00263-000,109,0.1206,1721,14265,1721.0,14265.0
BraTS-GLI-00263-000,110,0.1166,1625,13940,1625.0,13940.0
BraTS-GLI-00263-000,111,0.1102,1499,13603,1499.0,13603.0
BraTS-GLI-00263-000,112,0.1064,1405,13206,1405.0,13206.0
BraTS-GLI-00263-000,113,0.1043,1337,12820,1337.0,12820.0
BraTS-GLI-00263-000,114,0.0994,1231,12385,1231.0,12385.0
BraTS-GLI-00263-000,115,0.0957,1150,12012,1150.0,12012.0
BraTS-GLI-00072-001,52,0.0008,13,16124,13.0,16124.0
BraTS-GLI-00072-001,53,0.0043,70,16285,70.0,16285.0
BraTS-GLI-00072-001,54,0.0093,153,16412,153.0,16412.0
BraTS-GLI-00072-001,55,0.0204,338,16536,338.0,16536.0
BraTS-GLI-00072-001,56,0.03,499,16641,499.0,16641.0
BraTS-GLI-00072-001,57,0.0375,628,16744,628.0,16744.0
BraTS-GLI-00072-001,58,0.043,724,16833,724.0,16833.0
BraTS-GLI-00072-001,59,0.0507,859,16957,859.0,16957.0
BraTS-GLI-00072-001,60,0.0556,951,17090,951.0,17090.0
BraTS-GLI-00072-001,61,0.058,1007,17349,1007.0,17349.0
BraTS-GLI-00072-001,62,0.0611,1070,17526,1070.0,17526.0
BraTS-GLI-00072-001,63,0.0646,1140,17642,1140.0,17642.0
BraTS-GLI-00072-001,64,0.0661,1183,17886,1183.0,17886.0
BraTS-GLI-00072-001,65,0.067,1203,17966,1203.0,17966.0
BraTS-GLI-00072-001,66,0.0674,1221,18121,1221.0,18121.0
BraTS-GLI-00072-001,67,0.0667,1217,18259,1217.0,18259.0
BraTS-GLI-00072-001,68,0.066,1211,18354,1211.0,18354.0
BraTS-GLI-00072-001,69,0.0641,1186,18508,1186.0,18508.0
BraTS-GLI-00072-001,70,0.0621,1157,18638,1157.0,18638.0
BraTS-GLI-00072-001,71,0.0606,1134,18725,1134.0,18725.0
BraTS-GLI-00072-001,72,0.0584,1096,18779,1096.0,18779.0
BraTS-GLI-00072-001,73,0.0564,1061,18828,1061.0,18828.0
BraTS-GLI-00072-001,74,0.0544,1025,18856,1025.0,18856.0
BraTS-GLI-00072-001,75,0.0509,960,18849,960.0,18849.0
BraTS-GLI-00072-001,76,0.0477,899,18858,899.0,18858.0
BraTS-GLI-00072-001,77,0.0451,851,18854,851.0,18854.0
BraTS-GLI-00072-001,78,0.042,791,18827,791.0,18827.0
BraTS-GLI-00072-001,79,0.0393,738,18784,738.0,18784.0
BraTS-GLI-00072-001,80,0.0348,651,18726,651.0,18726.0
BraTS-GLI-00072-001,81,0.0302,565,18692,565.0,18692.0
BraTS-GLI-00072-001,82,0.0259,483,18649,483.0,18649.0
BraTS-GLI-00072-001,83,0.0194,361,18586,361.0,18586.0
BraTS-GLI-00072-001,84,0.0133,247,18520,247.0,18520.0
BraTS-GLI-00072-001,85,0.0084,155,18450,155.0,18450.0
BraTS-GLI-00072-001,86,0.0049,91,18407,91.0,18407.0
BraTS-GLI-00072-001,87,0.0014,26,18351,26.0,18351.0
BraTS-GLI-00764-000,40,0.0094,106,11270,106.0,11270.0
BraTS-GLI-00764-000,41,0.0135,161,11953,161.0,11953.0
BraTS-GLI-00764-000,42,0.0192,238,12427,238.0,12427.0
BraTS-GLI-00764-000,43,0.025,319,12760,319.0,12760.0
BraTS-GLI-00764-000,44,0.0345,450,13054,450.0,13054.0
BraTS-GLI-00764-000,45,0.0421,561,13322,561.0,13322.0
BraTS-GLI-00764-000,46,0.0515,698,13550,698.0,13550.0
BraTS-GLI-00764-000,47,0.0593,816,13750,816.0,13750.0
BraTS-GLI-00764-000,48,0.066,919,13930,919.0,13930.0
BraTS-GLI-00764-000,49,0.0708,995,14060,995.0,14060.0
BraTS-GLI-00764-000,50,0.0758,1075,14179,1075.0,14179.0
BraTS-GLI-00764-000,51,0.0791,1129,14270,1129.0,14270.0
BraTS-GLI-00764-000,52,0.0814,1170,14370,1170.0,14370.0
BraTS-GLI-00764-000,53,0.0823,1192,14477,1192.0,14477.0
BraTS-GLI-00764-000,54,0.0822,1218,14816,1218.0,14816.0
BraTS-GLI-00764-000,55,0.0827,1254,15158,1254.0,15158.0
BraTS-GLI-00764-000,56,0.0849,1317,15510,1317.0,15510.0
BraTS-GLI-00764-000,57,0.0867,1363,15726,1363.0,15726.0
BraTS-GLI-00764-000,58,0.0875,1388,15858,1388.0,15858.0
BraTS-GLI-00764-000,59,0.0884,1412,15971,1412.0,15971.0
BraTS-GLI-00764-000,60,0.0917,1474,16081,1474.0,16081.0
BraTS-GLI-00764-000,61,0.0907,1468,16188,1468.0,16188.0
BraTS-GLI-00764-000,62,0.087,1419,16319,1419.0,16319.0
BraTS-GLI-00764-000,63,0.0806,1331,16523,1331.0,16523.0
BraTS-GLI-00764-000,64,0.0747,1253,16767,1253.0,16767.0
BraTS-GLI-00764-000,65,0.0707,1198,16956,1198.0,16956.0
BraTS-GLI-00764-000,66,0.0663,1135,17119,1135.0,17119.0
BraTS-GLI-00764-000,67,0.0531,918,17283,918.0,17283.0
BraTS-GLI-00764-000,68,0.05,873,17452,873.0,17452.0
BraTS-GLI-00764-000,69,0.049,862,17608,862.0,17608.0
BraTS-GLI-00764-000,70,0.0512,908,17745,908.0,17745.0
BraTS-GLI-00764-000,71,0.0588,1051,17864,1051.0,17864.0
BraTS-GLI-00764-000,72,0.0619,1112,17977,1112.0,17977.0
BraTS-GLI-00764-000,73,0.0622,1126,18105,1126.0,18105.0
BraTS-GLI-00764-000,74,0.0625,1139,18226,1139.0,18226.0
BraTS-GLI-00764-000,75,0.0629,1156,18381,1156.0,18381.0
BraTS-GLI-00764-000,76,0.0638,1179,18473,1179.0,18473.0
BraTS-GLI-00764-000,77,0.0622,1152,18525,1152.0,18525.0
BraTS-GLI-00764-000,78,0.0667,1239,18574,1239.0,18574.0
BraTS-GLI-00764-000,79,0.0718,1336,18614,1336.0,18614.0
BraTS-GLI-00764-000,80,0.0735,1369,18615,1369.0,18615.0
BraTS-GLI-00764-000,81,0.0722,1344,18623,1344.0,18623.0
BraTS-GLI-00764-000,82,0.0743,1383,18615,1383.0,18615.0
BraTS-GLI-00764-000,83,0.0772,1436,18601,1436.0,18601.0
BraTS-GLI-00764-000,84,0.0802,1488,18563,1488.0,18563.0
BraTS-GLI-00764-000,85,0.0832,1542,18527,1542.0,18527.0
BraTS-GLI-00764-000,86,0.0942,1739,18465,1739.0,18465.0
BraTS-GLI-00764-000,87,0.1088,2001,18391,2001.0,18391.0
BraTS-GLI-00764-000,88,0.1182,2164,18309,2164.0,18309.0
BraTS-GLI-00764-000,89,0.1216,2213,18202,2213.0,18202.0
BraTS-GLI-00764-000,90,0.1203,2177,18099,2177.0,18099.0
BraTS-GLI-00764-000,91,0.1202,2161,17971,2161.0,17971.0
BraTS-GLI-00764-000,92,0.1173,2095,17859,2095.0,17859.0
BraTS-GLI-00764-000,93,0.1153,2043,17722,2043.0,17722.0
BraTS-GLI-00764-000,94,0.108,1899,17577,1899.0,17577.0
BraTS-GLI-00764-000,95,0.1031,1795,17416,1795.0,17416.0
BraTS-GLI-00764-000,96,0.0958,1652,17238,1652.0,17238.0
BraTS-GLI-00764-000,97,0.0887,1512,17048,1512.0,17048.0
BraTS-GLI-00764-000,98,0.0837,1410,16846,1410.0,16846.0
BraTS-GLI-00764-000,99,0.0759,1262,16620,1262.0,16620.0
BraTS-GLI-00764-000,100,0.0689,1129,16388,1129.0,16388.0
BraTS-GLI-00764-000,101,0.066,1066,16143,1066.0,16143.0
BraTS-GLI-00764-000,102,0.0641,1020,15919,1020.0,15919.0
BraTS-GLI-00764-000,103,0.0611,956,15653,956.0,15653.0
BraTS-GLI-00764-000,104,0.0595,918,15419,918.0,15419.0
BraTS-GLI-00764-000,105,0.0585,887,15158,887.0,15158.0
BraTS-GLI-00764-000,106,0.0526,783,14882,783.0,14882.0
BraTS-GLI-00764-000,107,0.0543,794,14610,794.0,14610.0
BraTS-GLI-00764-000,108,0.0563,806,14318,806.0,14318.0
BraTS-GLI-00764-000,109,0.0589,827,14034,827.0,14034.0
BraTS-GLI-00764-000,110,0.0583,800,13724,800.0,13724.0
BraTS-GLI-00764-000,111,0.0472,633,13400,633.0,13400.0
BraTS-GLI-00764-000,112,0.0352,460,13052,460.0,13052.0
BraTS-GLI-00764-000,113,0.0278,353,12691,353.0,12691.0
BraTS-GLI-00764-000,114,0.022,271,12321,271.0,12321.0
BraTS-GLI-00764-000,115,0.0186,222,11942,222.0,11942.0
BraTS-GLI-00612-001,40,0.026,205,7884,205.0,7884.0
BraTS-GLI-00612-001,41,0.0444,364,8193,364.0,8193.0
BraTS-GLI-00612-001,42,0.065,553,8508,553.0,8508.0
BraTS-GLI-00612-001,43,0.0891,800,8978,800.0,8978.0
BraTS-GLI-00612-001,44,0.0967,886,9164,886.0,9164.0
BraTS-GLI-00612-001,45,0.0995,933,9380,933.0,9380.0
BraTS-GLI-00612-001,46,0.1073,1049,9779,1049.0,9779.0
BraTS-GLI-00612-001,47,0.1177,1193,10134,1193.0,10134.0
BraTS-GLI-00612-001,48,0.1234,1288,10438,1288.0,10438.0
BraTS-GLI-00612-001,49,0.1254,1335,10645,1335.0,10645.0
BraTS-GLI-00612-001,50,0.1266,1364,10775,1364.0,10775.0
BraTS-GLI-00612-001,51,0.1286,1414,10994,1414.0,10994.0
BraTS-GLI-00612-001,52,0.1328,1496,11262,1496.0,11262.0
BraTS-GLI-00612-001,53,0.1365,1594,11679,1594.0,11679.0
BraTS-GLI-00612-001,54,0.1396,1684,12066,1684.0,12066.0
BraTS-GLI-00612-001,55,0.139,1763,12682,1763.0,12682.0
BraTS-GLI-00612-001,56,0.1412,1853,13120,1853.0,13120.0
BraTS-GLI-00612-001,57,0.1491,2005,13445,2005.0,13445.0
BraTS-GLI-00612-001,58,0.1516,2077,13698,2077.0,13698.0
BraTS-GLI-00612-001,59,0.1528,2120,13873,2120.0,13873.0
BraTS-GLI-00612-001,60,0.1532,2151,14044,2151.0,14044.0
BraTS-GLI-00612-001,61,0.1504,2145,14260,2145.0,14260.0
BraTS-GLI-00612-001,62,0.1464,2110,14415,2110.0,14415.0
BraTS-GLI-00612-001,63,0.1434,2082,14519,2082.0,14519.0
BraTS-GLI-00612-001,64,0.1382,2039,14750,2039.0,14750.0
BraTS-GLI-00612-001,65,0.1349,2000,14830,2000.0,14830.0
BraTS-GLI-00612-001,66,0.1322,1980,14977,1980.0,14977.0
BraTS-GLI-00612-001,67,0.1269,1920,15130,1920.0,15130.0
BraTS-GLI-00612-001,68,0.1212,1854,15301,1854.0,15301.0
BraTS-GLI-00612-001,69,0.115,1776,15444,1776.0,15444.0
BraTS-GLI-00612-001,70,0.0978,1518,15527,1518.0,15527.0
BraTS-GLI-00612-001,71,0.0776,1209,15587,1209.0,15587.0
BraTS-GLI-00612-001,72,0.0627,983,15675,983.0,15675.0
BraTS-GLI-00612-001,73,0.054,849,15715,849.0,15715.0
BraTS-GLI-00612-001,74,0.0484,761,15731,761.0,15731.0
BraTS-GLI-00612-001,75,0.0426,670,15727,670.0,15727.0
BraTS-GLI-00612-001,76,0.0356,559,15710,559.0,15710.0
BraTS-GLI-00612-001,77,0.0273,429,15702,429.0,15702.0
BraTS-GLI-00612-001,78,0.0217,341,15689,341.0,15689.0
BraTS-GLI-00612-001,79,0.0155,243,15677,243.0,15677.0
BraTS-GLI-00612-001,80,0.0103,161,15655,161.0,15655.0
BraTS-GLI-00612-001,81,0.008,125,15619,125.0,15619.0
BraTS-GLI-00612-001,82,0.0067,104,15585,104.0,15585.0
BraTS-GLI-00612-001,83,0.0056,87,15527,87.0,15527.0
BraTS-GLI-00612-001,84,0.0045,69,15468,69.0,15468.0
BraTS-GLI-00612-001,85,0.002,31,15414,31.0,15414.0
BraTS-GLI-01524-000,44,0.0008,7,9161,7.0,9161.0
BraTS-GLI-01524-000,45,0.0027,27,9882,27.0,9882.0
BraTS-GLI-01524-000,46,0.0038,38,10124,38.0,10124.0
BraTS-GLI-01524-000,47,0.006,65,10809,65.0,10809.0
BraTS-GLI-01524-000,48,0.0063,70,11034,70.0,11034.0
BraTS-GLI-01524-000,49,0.0043,49,11447,49.0,11447.0
BraTS-GLI-01524-000,50,0.0076,88,11575,88.0,11575.0
BraTS-GLI-01524-000,51,0.0213,250,11749,250.0,11749.0
BraTS-GLI-01524-000,52,0.044,521,11839,521.0,11839.0
BraTS-GLI-01524-000,53,0.0663,798,12029,798.0,12029.0
BraTS-GLI-01524-000,54,0.0963,1178,12236,1178.0,12236.0
BraTS-GLI-01524-000,55,0.1179,1484,12588,1484.0,12588.0
BraTS-GLI-01524-000,56,0.1383,1765,12762,1765.0,12762.0
BraTS-GLI-01524-000,57,0.1557,2054,13194,2054.0,13194.0
BraTS-GLI-01524-000,58,0.1734,2318,13371,2318.0,13371.0
BraTS-GLI-01524-000,59,0.1786,2438,13651,2438.0,13651.0
BraTS-GLI-01524-000,60,0.1795,2474,13783,2474.0,13783.0
BraTS-GLI-01524-000,61,0.1798,2537,14111,2537.0,14111.0
BraTS-GLI-01524-000,62,0.1805,2566,14217,2566.0,14217.0
BraTS-GLI-01524-000,63,0.1812,2636,14550,2636.0,14550.0
BraTS-GLI-01524-000,64,0.1826,2682,14690,2682.0,14690.0
BraTS-GLI-01524-000,65,0.1829,2734,14951,2734.0,14951.0
BraTS-GLI-01524-000,66,0.1851,2785,15048,2785.0,15048.0
BraTS-GLI-01524-000,67,0.1878,2868,15275,2868.0,15275.0
BraTS-GLI-01524-000,68,0.1921,2952,15364,2952.0,15364.0
BraTS-GLI-01524-000,69,0.1919,2999,15628,2999.0,15628.0
BraTS-GLI-01524-000,70,0.1935,3040,15708,3040.0,15708.0
BraTS-GLI-01524-000,71,0.1908,3033,15893,3033.0,15893.0
BraTS-GLI-01524-000,72,0.1919,3061,15953,3061.0,15953.0
BraTS-GLI-01524-000,73,0.1909,3074,16103,3074.0,16103.0
BraTS-GLI-01524-000,74,0.1929,3113,16138,3113.0,16138.0
BraTS-GLI-01524-000,75,0.1916,3114,16250,3114.0,16250.0
BraTS-GLI-01524-000,76,0.1903,3101,16297,3101.0,16297.0
BraTS-GLI-01524-000,77,0.1899,3105,16347,3105.0,16347.0
BraTS-GLI-01524-000,78,0.1887,3084,16347,3084.0,16347.0
BraTS-GLI-01524-000,79,0.1881,3076,16350,3076.0,16350.0
BraTS-GLI-01524-000,80,0.1871,3059,16347,3059.0,16347.0
BraTS-GLI-01524-000,81,0.1852,3030,16360,3030.0,16360.0
BraTS-GLI-01524-000,82,0.1839,3006,16344,3006.0,16344.0
BraTS-GLI-01524-000,83,0.1821,2964,16280,2964.0,16280.0
BraTS-GLI-01524-000,84,0.1799,2918,16219,2918.0,16219.0
BraTS-GLI-01524-000,85,0.1765,2853,16161,2853.0,16161.0
BraTS-GLI-01524-000,86,0.1744,2806,16093,2806.0,16093.0
BraTS-GLI-01524-000,87,0.1719,2746,15978,2746.0,15978.0
BraTS-GLI-01524-000,88,0.1665,2651,15924,2651.0,15924.0
BraTS-GLI-01524-000,89,0.1634,2586,15830,2586.0,15830.0
BraTS-GLI-01524-000,90,0.1589,2500,15738,2500.0,15738.0
BraTS-GLI-01524-000,91,0.1531,2391,15614,2391.0,15614.0
BraTS-GLI-01524-000,92,0.1473,2287,15523,2287.0,15523.0
BraTS-GLI-01524-000,93,0.1406,2158,15344,2158.0,15344.0
BraTS-GLI-01524-000,94,0.1314,1999,15215,1999.0,15215.0
BraTS-GLI-01524-000,95,0.1186,1783,15028,1783.0,15028.0
BraTS-GLI-01524-000,96,0.0993,1479,14890,1479.0,14890.0
BraTS-GLI-01524-000,97,0.08,1175,14683,1175.0,14683.0
BraTS-GLI-01524-000,98,0.058,842,14514,842.0,14514.0
BraTS-GLI-01524-000,99,0.0309,441,14282,441.0,14282.0
BraTS-GLI-01524-000,100,0.0093,131,14119,131.0,14119.0
BraTS-GLI-01524-000,101,0.0004,5,13883,5.0,13883.0
BraTS-GLI-00840-000,53,0.0006,8,14311,8.0,14311.0
BraTS-GLI-00840-000,54,0.0015,22,14738,22.0,14738.0
BraTS-GLI-00840-000,55,0.0025,37,15034,37.0,15034.0
BraTS-GLI-00840-000,56,0.0031,47,15273,47.0,15273.0
BraTS-GLI-00840-000,57,0.0039,60,15525,60.0,15525.0
BraTS-GLI-00840-000,58,0.0048,76,15738,76.0,15738.0
BraTS-GLI-00840-000,59,0.0072,115,15957,115.0,15957.0
BraTS-GLI-00840-000,60,0.0098,158,16185,158.0,16185.0
BraTS-GLI-00840-000,61,0.0115,189,16385,189.0,16385.0
BraTS-GLI-00840-000,62,0.0136,225,16565,225.0,16565.0
BraTS-GLI-00840-000,63,0.0159,266,16762,266.0,16762.0
BraTS-GLI-00840-000,64,0.0177,301,16965,301.0,16965.0
BraTS-GLI-00840-000,65,0.0194,333,17199,333.0,17199.0
BraTS-GLI-00840-000,66,0.0206,358,17390,358.0,17390.0
BraTS-GLI-00840-000,67,0.021,368,17552,368.0,17552.0
BraTS-GLI-00840-000,68,0.0208,369,17719,369.0,17719.0
BraTS-GLI-00840-000,69,0.0219,391,17850,391.0,17850.0
BraTS-GLI-00840-000,70,0.0238,427,17932,427.0,17932.0
BraTS-GLI-00840-000,71,0.0253,456,18037,456.0,18037.0
BraTS-GLI-00840-000,72,0.0262,475,18105,475.0,18105.0
BraTS-GLI-00840-000,73,0.027,491,18178,491.0,18178.0
BraTS-GLI-00840-000,74,0.0271,494,18248,494.0,18248.0
BraTS-GLI-00840-000,75,0.0287,526,18320,526.0,18320.0
BraTS-GLI-00840-000,76,0.033,607,18369,607.0,18369.0
BraTS-GLI-00840-000,77,0.0389,714,18367,714.0,18367.0
BraTS-GLI-00840-000,78,0.0461,846,18339,846.0,18339.0
BraTS-GLI-00840-000,79,0.0569,1042,18298,1042.0,18298.0
BraTS-GLI-00840-000,80,0.0695,1268,18238,1268.0,18238.0
BraTS-GLI-00840-000,81,0.084,1530,18214,1530.0,18214.0
BraTS-GLI-00840-000,82,0.1026,1865,18178,1865.0,18178.0
BraTS-GLI-00840-000,83,0.1137,2062,18133,2062.0,18133.0
BraTS-GLI-00840-000,84,0.1228,2215,18042,2215.0,18042.0
BraTS-GLI-00840-000,85,0.1296,2332,17991,2332.0,17991.0
BraTS-GLI-00840-000,86,0.137,2462,17966,2462.0,17966.0
BraTS-GLI-00840-000,87,0.1452,2602,17920,2602.0,17920.0
BraTS-GLI-00840-000,88,0.1537,2737,17810,2737.0,17810.0
BraTS-GLI-00840-000,89,0.1591,2815,17694,2815.0,17694.0
BraTS-GLI-00840-000,90,0.1637,2881,17600,2881.0,17600.0
BraTS-GLI-00840-000,91,0.1667,2923,17535,2923.0,17535.0
BraTS-GLI-00840-000,92,0.1671,2918,17460,2918.0,17460.0
BraTS-GLI-00840-000,93,0.1665,2891,17359,2891.0,17359.0
BraTS-GLI-00840-000,94,0.1661,2859,17213,2859.0,17213.0
BraTS-GLI-00840-000,95,0.1666,2824,16948,2824.0,16948.0
BraTS-GLI-00840-000,96,0.1699,2843,16729,2843.0,16729.0
BraTS-GLI-00840-000,97,0.1763,2915,16533,2915.0,16533.0
BraTS-GLI-00840-000,98,0.1819,2970,16327,2970.0,16327.0
BraTS-GLI-00840-000,99,0.1826,2947,16135,2947.0,16135.0
BraTS-GLI-00840-000,100,0.1842,2936,15940,2936.0,15940.0
BraTS-GLI-00840-000,101,0.1817,2857,15727,2857.0,15727.0
BraTS-GLI-00840-000,102,0.1775,2752,15508,2752.0,15508.0
BraTS-GLI-00840-000,103,0.1755,2675,15239,2675.0,15239.0
BraTS-GLI-00840-000,104,0.172,2571,14946,2571.0,14946.0
BraTS-GLI-00840-000,105,0.1709,2502,14637,2502.0,14637.0
BraTS-GLI-00840-000,106,0.1721,2466,14327,2466.0,14327.0
BraTS-GLI-00840-000,107,0.1752,2455,14016,2455.0,14016.0
BraTS-GLI-00840-000,108,0.1785,2442,13684,2442.0,13684.0
BraTS-GLI-00840-000,109,0.1807,2416,13371,2416.0,13371.0
BraTS-GLI-00840-000,110,0.1825,2374,13008,2374.0,13008.0
BraTS-GLI-00840-000,111,0.1836,2325,12665,2325.0,12665.0
BraTS-GLI-00840-000,112,0.1863,2287,12276,2287.0,12276.0
BraTS-GLI-00840-000,113,0.1881,2226,11834,2226.0,11834.0
BraTS-GLI-00840-000,114,0.1903,2159,11347,2159.0,11347.0
BraTS-GLI-00840-000,115,0.1917,2099,10952,2099.0,10952.0
BraTS-GLI-01492-000,56,0.0001,1,13532,1.0,13532.0
BraTS-GLI-01492-000,80,0.0002,3,16672,3.0,16672.0
BraTS-GLI-01492-000,81,0.0007,11,16626,11.0,16626.0
BraTS-GLI-01492-000,82,0.0102,169,16571,169.0,16571.0
BraTS-GLI-01492-000,83,0.0303,500,16477,500.0,16477.0
BraTS-GLI-01492-000,84,0.0477,784,16422,784.0,16422.0
BraTS-GLI-01492-000,85,0.0583,952,16337,952.0,16337.0
BraTS-GLI-01492-000,86,0.0689,1121,16266,1121.0,16266.0
BraTS-GLI-01492-000,87,0.0797,1287,16156,1287.0,16156.0
BraTS-GLI-01492-000,88,0.0902,1448,16050,1448.0,16050.0
BraTS-GLI-01492-000,89,0.0991,1575,15895,1575.0,15895.0
BraTS-GLI-01492-000,90,0.1058,1669,15770,1669.0,15770.0
BraTS-GLI-01492-000,91,0.1123,1750,15589,1750.0,15589.0
BraTS-GLI-01492-000,92,0.1154,1782,15446,1782.0,15446.0
BraTS-GLI-01492-000,93,0.1199,1828,15252,1828.0,15252.0
BraTS-GLI-01492-000,94,0.1232,1860,15103,1860.0,15103.0
BraTS-GLI-01492-000,95,0.1245,1855,14897,1855.0,14897.0
BraTS-GLI-01492-000,96,0.1248,1838,14723,1838.0,14723.0
BraTS-GLI-01492-000,97,0.1248,1807,14483,1807.0,14483.0
BraTS-GLI-01492-000,98,0.1237,1766,14273,1766.0,14273.0
BraTS-GLI-01492-000,99,0.1255,1759,14011,1759.0,14011.0
BraTS-GLI-01492-000,100,0.1269,1748,13777,1748.0,13777.0
BraTS-GLI-01492-000,101,0.1269,1712,13493,1712.0,13493.0
BraTS-GLI-01492-000,102,0.1268,1681,13252,1681.0,13252.0
BraTS-GLI-01492-000,103,0.1264,1636,12940,1636.0,12940.0
BraTS-GLI-01492-000,104,0.1258,1597,12693,1597.0,12693.0
BraTS-GLI-01492-000,105,0.1252,1549,12375,1549.0,12375.0
BraTS-GLI-01492-000,106,0.1232,1494,12126,1494.0,12126.0
BraTS-GLI-01492-000,107,0.1212,1432,11817,1432.0,11817.0
BraTS-GLI-01492-000,108,0.1166,1348,11558,1348.0,11558.0
BraTS-GLI-01492-000,109,0.1113,1252,11250,1252.0,11250.0
BraTS-GLI-01492-000,110,0.1048,1151,10982,1151.0,10982.0
BraTS-GLI-01492-000,111,0.0951,1012,10640,1012.0,10640.0
BraTS-GLI-01492-000,112,0.0862,893,10354,893.0,10354.0
BraTS-GLI-01492-000,113,0.0801,797,9952,797.0,9952.0
BraTS-GLI-01492-000,114,0.0746,718,9621,718.0,9621.0
BraTS-GLI-01492-000,115,0.0696,643,9245,643.0,9245.0
BraTS-GLI-00340-000,54,0.0033,54,16494,54.0,16494.0
BraTS-GLI-00340-000,55,0.0033,55,16692,55.0,16692.0
BraTS-GLI-00340-000,56,0.0034,58,16884,58.0,16884.0
BraTS-GLI-00340-000,57,0.004,68,17042,68.0,17042.0
BraTS-GLI-00340-000,58,0.0045,77,17164,77.0,17164.0
BraTS-GLI-00340-000,59,0.0042,73,17298,73.0,17298.0
BraTS-GLI-00340-000,60,0.0048,84,17426,84.0,17426.0
BraTS-GLI-00340-000,61,0.0042,73,17558,73.0,17558.0
BraTS-GLI-00340-000,62,0.004,70,17717,70.0,17717.0
BraTS-GLI-00340-000,63,0.0036,64,17859,64.0,17859.0
BraTS-GLI-00340-000,64,0.0038,68,17950,68.0,17950.0
BraTS-GLI-00340-000,65,0.0038,68,18040,68.0,18040.0
BraTS-GLI-00340-000,66,0.0039,70,18102,70.0,18102.0
BraTS-GLI-00340-000,67,0.004,73,18157,73.0,18157.0
BraTS-GLI-00340-000,68,0.0042,77,18207,77.0,18207.0
BraTS-GLI-00340-000,69,0.0042,76,18266,76.0,18266.0
BraTS-GLI-00340-000,70,0.0047,86,18298,86.0,18298.0
BraTS-GLI-00340-000,71,0.0051,93,18351,93.0,18351.0
BraTS-GLI-00340-000,72,0.005,92,18393,92.0,18393.0
BraTS-GLI-00340-000,73,0.0048,88,18397,88.0,18397.0
BraTS-GLI-00340-000,74,0.0044,81,18397,81.0,18397.0
BraTS-GLI-00340-000,75,0.0052,95,18401,95.0,18401.0
BraTS-GLI-00340-000,76,0.0103,190,18379,190.0,18379.0
BraTS-GLI-00340-000,77,0.0113,208,18373,208.0,18373.0
BraTS-GLI-00340-000,78,0.0138,253,18324,253.0,18324.0
BraTS-GLI-00340-000,79,0.0234,428,18258,428.0,18258.0
BraTS-GLI-00340-000,80,0.0282,514,18205,514.0,18205.0
BraTS-GLI-00340-000,81,0.0313,567,18141,567.0,18141.0
BraTS-GLI-00340-000,82,0.0332,599,18051,599.0,18051.0
BraTS-GLI-00340-000,83,0.0355,638,17980,638.0,17980.0
BraTS-GLI-00340-000,84,0.036,644,17886,644.0,17886.0
BraTS-GLI-00340-000,85,0.0358,635,17750,635.0,17750.0
BraTS-GLI-00340-000,86,0.0318,559,17600,559.0,17600.0
BraTS-GLI-00340-000,87,0.0308,539,17472,539.0,17472.0
BraTS-GLI-00340-000,88,0.0372,646,17348,646.0,17348.0
BraTS-GLI-00340-000,89,0.0346,594,17184,594.0,17184.0
BraTS-GLI-00340-000,90,0.0402,685,17061,685.0,17061.0
BraTS-GLI-00340-000,91,0.0438,739,16881,739.0,16881.0
BraTS-GLI-00340-000,92,0.05,835,16715,835.0,16715.0
BraTS-GLI-00340-000,93,0.0578,957,16547,957.0,16547.0
BraTS-GLI-00340-000,94,0.0615,1006,16359,1006.0,16359.0
BraTS-GLI-00340-000,95,0.0653,1055,16163,1055.0,16163.0
BraTS-GLI-00340-000,96,0.0669,1066,15943,1066.0,15943.0
BraTS-GLI-00340-000,97,0.0724,1135,15682,1135.0,15682.0
BraTS-GLI-00340-000,98,0.0778,1203,15453,1203.0,15453.0
BraTS-GLI-00340-000,99,0.0853,1301,15245,1301.0,15245.0
BraTS-GLI-00340-000,100,0.089,1339,15050,1339.0,15050.0
BraTS-GLI-00340-000,101,0.0863,1276,14789,1276.0,14789.0
BraTS-GLI-00340-000,102,0.0855,1242,14530,1242.0,14530.0
BraTS-GLI-00340-000,103,0.0815,1163,14274,1163.0,14274.0
BraTS-GLI-00340-000,104,0.0788,1105,14016,1105.0,14016.0
BraTS-GLI-00340-000,105,0.0773,1064,13761,1064.0,13761.0
BraTS-GLI-00340-000,106,0.0752,1012,13466,1012.0,13466.0
BraTS-GLI-00340-000,107,0.0708,932,13162,932.0,13162.0
BraTS-GLI-00340-000,108,0.0662,848,12814,848.0,12814.0
BraTS-GLI-00340-000,109,0.062,774,12487,774.0,12487.0
BraTS-GLI-00340-000,110,0.0593,725,12234,725.0,12234.0
BraTS-GLI-00340-000,111,0.0494,589,11925,589.0,11925.0
BraTS-GLI-00340-000,112,0.0436,507,11634,507.0,11634.0
BraTS-GLI-00340-000,113,0.0388,439,11328,439.0,11328.0
BraTS-GLI-00340-000,114,0.0286,314,10990,314.0,10990.0
BraTS-GLI-00340-000,115,0.0282,300,10648,300.0,10648.0
BraTS-GLI-01059-000,67,0.0034,61,18168,61.0,18168.0
BraTS-GLI-01059-000,68,0.0049,90,18230,90.0,18230.0
BraTS-GLI-01059-000,69,0.0058,107,18293,107.0,18293.0
BraTS-GLI-01059-000,70,0.0076,139,18343,139.0,18343.0
BraTS-GLI-01059-000,71,0.0109,201,18389,201.0,18389.0
BraTS-GLI-01059-000,72,0.0153,283,18452,283.0,18452.0
BraTS-GLI-01059-000,73,0.0217,402,18488,402.0,18488.0
BraTS-GLI-01059-000,74,0.0253,469,18519,469.0,18519.0
BraTS-GLI-01059-000,75,0.0286,531,18556,531.0,18556.0
BraTS-GLI-01059-000,76,0.0294,546,18581,546.0,18581.0
BraTS-GLI-01059-000,77,0.0267,497,18603,497.0,18603.0
BraTS-GLI-01059-000,78,0.0401,746,18625,746.0,18625.0
BraTS-GLI-01059-000,79,0.0412,768,18645,768.0,18645.0
BraTS-GLI-01059-000,80,0.0425,793,18647,793.0,18647.0
BraTS-GLI-01059-000,81,0.0408,762,18659,762.0,18659.0
BraTS-GLI-01059-000,82,0.0424,790,18643,790.0,18643.0
BraTS-GLI-01059-000,83,0.0423,788,18634,788.0,18634.0
BraTS-GLI-01059-000,84,0.0433,806,18606,806.0,18606.0
BraTS-GLI-01059-000,85,0.0448,832,18555,832.0,18555.0
BraTS-GLI-01059-000,86,0.0514,952,18513,952.0,18513.0
BraTS-GLI-01059-000,87,0.0478,882,18441,882.0,18441.0
BraTS-GLI-01059-000,88,0.0452,831,18371,831.0,18371.0
BraTS-GLI-01059-000,89,0.0509,932,18297,932.0,18297.0
BraTS-GLI-01059-000,90,0.0562,1024,18212,1024.0,18212.0
BraTS-GLI-01059-000,91,0.0605,1096,18127,1096.0,18127.0
BraTS-GLI-01059-000,92,0.0646,1166,18049,1166.0,18049.0
BraTS-GLI-01059-000,93,0.078,1400,17951,1400.0,17951.0
BraTS-GLI-01059-000,94,0.0784,1397,17829,1397.0,17829.0
BraTS-GLI-01059-000,95,0.0845,1495,17696,1495.0,17696.0
BraTS-GLI-01059-000,96,0.0821,1443,17576,1443.0,17576.0
BraTS-GLI-01059-000,97,0.0826,1441,17445,1441.0,17445.0
BraTS-GLI-01059-000,98,0.0801,1384,17280,1384.0,17280.0
BraTS-GLI-01059-000,99,0.0704,1204,17101,1204.0,17101.0
BraTS-GLI-01059-000,100,0.0563,953,16939,953.0,16939.0
BraTS-GLI-01059-000,101,0.0591,990,16742,990.0,16742.0
BraTS-GLI-01059-000,102,0.0554,916,16546,916.0,16546.0
BraTS-GLI-01059-000,103,0.0565,922,16315,922.0,16315.0
BraTS-GLI-01059-000,104,0.0574,924,16099,924.0,16099.0
BraTS-GLI-01059-000,105,0.0592,939,15853,939.0,15853.0
BraTS-GLI-01059-000,106,0.0607,946,15590,946.0,15590.0
BraTS-GLI-01059-000,107,0.0588,901,15322,901.0,15322.0
BraTS-GLI-01059-000,108,0.0583,878,15049,878.0,15049.0
BraTS-GLI-01059-000,109,0.0599,883,14743,883.0,14743.0
BraTS-GLI-01059-000,110,0.058,837,14427,837.0,14427.0
BraTS-GLI-01059-000,111,0.0612,862,14083,862.0,14083.0
BraTS-GLI-01059-000,112,0.0624,858,13751,858.0,13751.0
BraTS-GLI-01059-000,113,0.0557,748,13435,748.0,13435.0
BraTS-GLI-01059-000,114,0.0513,673,13112,673.0,13112.0
BraTS-GLI-01059-000,115,0.0529,676,12782,676.0,12782.0
BraTS-GLI-00298-000,51,0.0003,3,11841,3.0,11841.0
BraTS-GLI-00298-000,52,0.0017,21,12029,21.0,12029.0
BraTS-GLI-00298-000,53,0.0047,58,12303,58.0,12303.0
BraTS-GLI-00298-000,54,0.0076,97,12749,97.0,12749.0
BraTS-GLI-00298-000,55,0.0142,186,13130,186.0,13130.0
BraTS-GLI-00298-000,56,0.0223,300,13467,300.0,13467.0
BraTS-GLI-00298-000,57,0.0341,471,13818,471.0,13818.0
BraTS-GLI-00298-000,58,0.0403,568,14077,568.0,14077.0
BraTS-GLI-00298-000,59,0.0431,620,14385,620.0,14385.0
BraTS-GLI-00298-000,60,0.0464,678,14623,678.0,14623.0
BraTS-GLI-00298-000,61,0.0459,682,14869,682.0,14869.0
BraTS-GLI-00298-000,62,0.0445,671,15087,671.0,15087.0
BraTS-GLI-00298-000,63,0.0423,647,15293,647.0,15293.0
BraTS-GLI-00298-000,64,0.0399,619,15515,619.0,15515.0
BraTS-GLI-00298-000,65,0.0374,590,15768,590.0,15768.0
BraTS-GLI-00298-000,66,0.0345,552,16007,552.0,16007.0
BraTS-GLI-00298-000,67,0.033,535,16205,535.0,16205.0
BraTS-GLI-00298-000,68,0.0314,515,16385,515.0,16385.0
BraTS-GLI-00298-000,69,0.0323,535,16542,535.0,16542.0
BraTS-GLI-00298-000,70,0.0357,595,16683,595.0,16683.0
BraTS-GLI-00298-000,71,0.0377,632,16767,632.0,16767.0
BraTS-GLI-00298-000,72,0.0396,669,16873,669.0,16873.0
BraTS-GLI-00298-000,73,0.0416,705,16964,705.0,16964.0
BraTS-GLI-00298-000,74,0.0432,736,17024,736.0,17024.0
BraTS-GLI-00298-000,75,0.0442,755,17067,755.0,17067.0
BraTS-GLI-00298-000,76,0.0453,775,17102,775.0,17102.0
BraTS-GLI-00298-000,77,0.0467,799,17101,799.0,17101.0
BraTS-GLI-00298-000,78,0.0475,815,17172,815.0,17172.0
BraTS-GLI-00298-000,79,0.0473,813,17180,813.0,17180.0
BraTS-GLI-00298-000,80,0.0475,817,17185,817.0,17185.0
BraTS-GLI-00298-000,81,0.0467,803,17194,803.0,17194.0
BraTS-GLI-00298-000,82,0.0464,798,17194,798.0,17194.0
BraTS-GLI-00298-000,83,0.0449,773,17197,773.0,17197.0
BraTS-GLI-00298-000,84,0.0439,755,17181,755.0,17181.0
BraTS-GLI-00298-000,85,0.0406,696,17156,696.0,17156.0
BraTS-GLI-00298-000,86,0.0383,656,17114,656.0,17114.0
BraTS-GLI-00298-000,87,0.0387,661,17095,661.0,17095.0
BraTS-GLI-00298-000,88,0.0389,663,17049,663.0,17049.0
BraTS-GLI-00298-000,89,0.0394,670,16991,670.0,16991.0
BraTS-GLI-00298-000,90,0.0393,664,16915,664.0,16915.0
BraTS-GLI-00298-000,91,0.0388,654,16846,654.0,16846.0
BraTS-GLI-00298-000,92,0.0379,636,16760,636.0,16760.0
BraTS-GLI-00298-000,93,0.0363,604,16656,604.0,16656.0
BraTS-GLI-00298-000,94,0.0335,554,16538,554.0,16538.0
BraTS-GLI-00298-000,95,0.0288,472,16407,472.0,16407.0
BraTS-GLI-00298-000,96,0.0244,398,16283,398.0,16283.0
BraTS-GLI-00298-000,97,0.0217,350,16143,350.0,16143.0
BraTS-GLI-00298-000,98,0.0168,268,15985,268.0,15985.0
BraTS-GLI-00298-000,99,0.0122,193,15793,193.0,15793.0
BraTS-GLI-00298-000,100,0.0056,88,15596,88.0,15596.0
BraTS-GLI-00298-000,101,0.0022,34,15407,34.0,15407.0
BraTS-GLI-01069-000,55,0.0017,27,15724,27.0,15724.0
BraTS-GLI-01069-000,56,0.006,95,15932,95.0,15932.0
BraTS-GLI-01069-000,57,0.0096,156,16174,156.0,16174.0
BraTS-GLI-01069-000,58,0.017,279,16422,279.0,16422.0
BraTS-GLI-01069-000,59,0.0256,427,16683,427.0,16683.0
BraTS-GLI-01069-000,60,0.0433,733,16937,733.0,16937.0
BraTS-GLI-01069-000,61,0.0591,1018,17212,1018.0,17212.0
BraTS-GLI-01069-000,62,0.0714,1250,17502,1250.0,17502.0
BraTS-GLI-01069-000,63,0.0809,1434,17728,1434.0,17728.0
BraTS-GLI-01069-000,64,0.091,1644,18070,1644.0,18070.0
BraTS-GLI-01069-000,65,0.0978,1788,18275,1788.0,18275.0
BraTS-GLI-01069-000,66,0.1053,1948,18501,1948.0,18501.0
BraTS-GLI-01069-000,67,0.1115,2080,18660,2080.0,18660.0
BraTS-GLI-01069-000,68,0.1183,2222,18784,2222.0,18784.0
BraTS-GLI-01069-000,69,0.1224,2313,18898,2313.0,18898.0
BraTS-GLI-01069-000,70,0.1267,2406,18983,2406.0,18983.0
BraTS-GLI-01069-000,71,0.1306,2489,19055,2489.0,19055.0
BraTS-GLI-01069-000,72,0.135,2582,19125,2582.0,19125.0
BraTS-GLI-01069-000,73,0.1401,2685,19159,2685.0,19159.0
BraTS-GLI-01069-000,74,0.143,2743,19188,2743.0,19188.0
BraTS-GLI-01069-000,75,0.1443,2770,19201,2770.0,19201.0
BraTS-GLI-01069-000,76,0.1447,2778,19196,2778.0,19196.0
BraTS-GLI-01069-000,77,0.1456,2794,19185,2794.0,19185.0
BraTS-GLI-01069-000,78,0.1468,2814,19168,2814.0,19168.0
BraTS-GLI-01069-000,79,0.1467,2808,19140,2808.0,19140.0
BraTS-GLI-01069-000,80,0.1452,2772,19097,2772.0,19097.0
BraTS-GLI-01069-000,81,0.1462,2787,19063,2787.0,19063.0
BraTS-GLI-01069-000,82,0.1521,2895,19030,2895.0,19030.0
BraTS-GLI-01069-000,83,0.1621,3075,18970,3075.0,18970.0
BraTS-GLI-01069-000,84,0.1692,3198,18901,3198.0,18901.0
BraTS-GLI-01069-000,85,0.1734,3265,18834,3265.0,18834.0
BraTS-GLI-01069-000,86,0.1771,3323,18763,3323.0,18763.0
BraTS-GLI-01069-000,87,0.1802,3369,18699,3369.0,18699.0
BraTS-GLI-01069-000,88,0.1826,3399,18617,3399.0,18617.0
BraTS-GLI-01069-000,89,0.185,3430,18536,3430.0,18536.0
BraTS-GLI-01069-000,90,0.187,3448,18435,3448.0,18435.0
BraTS-GLI-01069-000,91,0.1888,3460,18330,3460.0,18330.0
BraTS-GLI-01069-000,92,0.1879,3423,18221,3423.0,18221.0
BraTS-GLI-01069-000,93,0.1865,3369,18061,3369.0,18061.0
BraTS-GLI-01069-000,94,0.187,3346,17896,3346.0,17896.0
BraTS-GLI-01069-000,95,0.1857,3299,17761,3299.0,17761.0
BraTS-GLI-01069-000,96,0.1826,3193,17489,3193.0,17489.0
BraTS-GLI-01069-000,97,0.1775,3081,17355,3081.0,17355.0
BraTS-GLI-01069-000,98,0.1709,2929,17138,2929.0,17138.0
BraTS-GLI-01069-000,99,0.1634,2767,16937,2767.0,16937.0
BraTS-GLI-01069-000,100,0.156,2608,16719,2608.0,16719.0
BraTS-GLI-01069-000,101,0.151,2491,16498,2491.0,16498.0
BraTS-GLI-01069-000,102,0.1449,2355,16248,2355.0,16248.0
BraTS-GLI-01069-000,103,0.1374,2200,16008,2200.0,16008.0
BraTS-GLI-01069-000,104,0.1236,1944,15731,1944.0,15731.0
BraTS-GLI-01069-000,105,0.1175,1817,15459,1817.0,15459.0
BraTS-GLI-01069-000,106,0.1138,1728,15186,1728.0,15186.0
BraTS-GLI-01069-000,107,0.1116,1660,14881,1660.0,14881.0
BraTS-GLI-01069-000,108,0.1081,1578,14596,1578.0,14596.0
BraTS-GLI-01069-000,109,0.1057,1513,14319,1513.0,14319.0
BraTS-GLI-01069-000,110,0.098,1372,13998,1372.0,13998.0
BraTS-GLI-01069-000,111,0.0892,1221,13686,1221.0,13686.0
BraTS-GLI-01069-000,112,0.0812,1084,13343,1084.0,13343.0
BraTS-GLI-01069-000,113,0.0726,944,13000,944.0,13000.0
BraTS-GLI-01069-000,114,0.0648,820,12651,820.0,12651.0
BraTS-GLI-01069-000,115,0.0544,669,12290,669.0,12290.0
BraTS-GLI-00727-001,40,0.0927,856,9233,856.0,9233.0
BraTS-GLI-00727-001,41,0.1014,1004,9899,1004.0,9899.0
BraTS-GLI-00727-001,42,0.1136,1155,10166,1155.0,10166.0
BraTS-GLI-00727-001,43,0.1281,1353,10558,1353.0,10558.0
BraTS-GLI-00727-001,44,0.1404,1520,10827,1520.0,10827.0
BraTS-GLI-00727-001,45,0.1559,1716,11009,1716.0,11009.0
BraTS-GLI-00727-001,46,0.1646,1840,11179,1840.0,11179.0
BraTS-GLI-00727-001,47,0.1701,1926,11322,1926.0,11322.0
BraTS-GLI-00727-001,48,0.1756,2020,11505,2020.0,11505.0
BraTS-GLI-00727-001,49,0.1825,2122,11629,2122.0,11629.0
BraTS-GLI-00727-001,50,0.192,2255,11747,2255.0,11747.0
BraTS-GLI-00727-001,51,0.2016,2388,11843,2388.0,11843.0
BraTS-GLI-00727-001,52,0.2067,2465,11923,2465.0,11923.0
BraTS-GLI-00727-001,53,0.2091,2507,11988,2507.0,11988.0
BraTS-GLI-00727-001,54,0.212,2555,12053,2555.0,12053.0
BraTS-GLI-00727-001,55,0.2133,2600,12188,2600.0,12188.0
BraTS-GLI-00727-001,56,0.2127,2660,12506,2660.0,12506.0
BraTS-GLI-00727-001,57,0.2163,2770,12806,2770.0,12806.0
BraTS-GLI-00727-001,58,0.2232,2966,13287,2966.0,13287.0
BraTS-GLI-00727-001,59,0.223,3031,13593,3031.0,13593.0
BraTS-GLI-00727-001,60,0.2216,3070,13854,3070.0,13854.0
BraTS-GLI-00727-001,61,0.2206,3106,14078,3106.0,14078.0
BraTS-GLI-00727-001,62,0.2207,3136,14208,3136.0,14208.0
BraTS-GLI-00727-001,63,0.221,3168,14337,3168.0,14337.0
BraTS-GLI-00727-001,64,0.2169,3177,14648,3177.0,14648.0
BraTS-GLI-00727-001,65,0.2167,3187,14705,3187.0,14705.0
BraTS-GLI-00727-001,66,0.2124,3155,14851,3155.0,14851.0
BraTS-GLI-00727-001,67,0.2084,3130,15017,3130.0,15017.0
BraTS-GLI-00727-001,68,0.2047,3112,15202,3112.0,15202.0
BraTS-GLI-00727-001,69,0.2038,3124,15326,3124.0,15326.0
BraTS-GLI-00727-001,70,0.202,3139,15537,3139.0,15537.0
BraTS-GLI-00727-001,71,0.2007,3144,15666,3144.0,15666.0
BraTS-GLI-00727-001,72,0.1971,3117,15816,3117.0,15816.0
BraTS-GLI-00727-001,73,0.1916,3057,15951,3057.0,15951.0
BraTS-GLI-00727-001,74,0.187,2995,16018,2995.0,16018.0
BraTS-GLI-00727-001,75,0.1821,2939,16142,2939.0,16142.0
BraTS-GLI-00727-001,76,0.1788,2890,16160,2890.0,16160.0
BraTS-GLI-00727-001,77,0.173,2796,16163,2796.0,16163.0
BraTS-GLI-00727-001,78,0.1643,2651,16136,2651.0,16136.0
BraTS-GLI-00727-001,79,0.1508,2433,16137,2433.0,16137.0
BraTS-GLI-00727-001,80,0.1428,2302,16117,2302.0,16117.0
BraTS-GLI-00727-001,81,0.1433,2307,16095,2307.0,16095.0
BraTS-GLI-00727-001,82,0.1431,2300,16070,2300.0,16070.0
BraTS-GLI-00727-001,83,0.1425,2277,15974,2277.0,15974.0
BraTS-GLI-00727-001,84,0.1376,2186,15884,2186.0,15884.0
BraTS-GLI-00727-001,85,0.1301,2054,15783,2054.0,15783.0
BraTS-GLI-00727-001,86,0.1252,1968,15724,1968.0,15724.0
BraTS-GLI-00727-001,87,0.1232,1926,15631,1926.0,15631.0
BraTS-GLI-00727-001,88,0.1189,1843,15495,1843.0,15495.0
BraTS-GLI-00727-001,89,0.1083,1665,15377,1665.0,15377.0
BraTS-GLI-00727-001,90,0.0931,1418,15223,1418.0,15223.0
BraTS-GLI-00727-001,91,0.0793,1201,15138,1201.0,15138.0
BraTS-GLI-00727-001,92,0.0699,1050,15022,1050.0,15022.0
BraTS-GLI-00727-001,93,0.064,949,14824,949.0,14824.0
BraTS-GLI-00727-001,94,0.059,865,14653,865.0,14653.0
BraTS-GLI-00727-001,95,0.0546,789,14454,789.0,14454.0
BraTS-GLI-00727-001,96,0.0462,652,14117,652.0,14117.0
BraTS-GLI-00727-001,97,0.0334,470,14071,470.0,14071.0
BraTS-GLI-00727-001,98,0.0204,283,13848,283.0,13848.0
BraTS-GLI-00727-001,99,0.0165,225,13648,225.0,13648.0
BraTS-GLI-00727-001,100,0.0112,150,13355,150.0,13355.0
BraTS-GLI-00727-001,101,0.0057,75,13090,75.0,13090.0
BraTS-GLI-00727-001,102,0.0002,3,12851,3.0,12851.0
BraTS-GLI-01167-000,40,0.003,29,9747,29.0,9747.0
BraTS-GLI-01167-000,41,0.0048,48,9941,48.0,9941.0
BraTS-GLI-01167-000,42,0.0059,60,10113,60.0,10113.0
BraTS-GLI-01167-000,43,0.0065,67,10323,67.0,10323.0
BraTS-GLI-01167-000,44,0.0078,82,10471,82.0,10471.0
BraTS-GLI-01167-000,45,0.0149,159,10656,159.0,10656.0
BraTS-GLI-01167-000,46,0.0218,235,10790,235.0,10790.0
BraTS-GLI-01167-000,47,0.0255,278,10903,278.0,10903.0
BraTS-GLI-01167-000,48,0.0279,307,11003,307.0,11003.0
BraTS-GLI-01167-000,49,0.0292,325,11118,325.0,11118.0
BraTS-GLI-01167-000,50,0.0303,340,11218,340.0,11218.0
BraTS-GLI-01167-000,51,0.0301,342,11344,342.0,11344.0
BraTS-GLI-01167-000,52,0.0298,341,11454,341.0,11454.0
BraTS-GLI-01167-000,53,0.0272,320,11752,320.0,11752.0
BraTS-GLI-01167-000,54,0.0244,300,12296,300.0,12296.0
BraTS-GLI-01167-000,55,0.022,274,12476,274.0,12476.0
BraTS-GLI-01167-000,56,0.0256,322,12600,322.0,12600.0
BraTS-GLI-01167-000,57,0.0257,329,12801,329.0,12801.0
BraTS-GLI-01167-000,58,0.0237,308,13004,308.0,13004.0
BraTS-GLI-01167-000,59,0.0245,323,13210,323.0,13210.0
BraTS-GLI-01167-000,60,0.022,294,13369,294.0,13369.0
BraTS-GLI-01167-000,61,0.0282,381,13502,381.0,13502.0
BraTS-GLI-01167-000,62,0.0314,429,13643,429.0,13643.0
BraTS-GLI-01167-000,63,0.0367,508,13857,508.0,13857.0
BraTS-GLI-01167-000,64,0.0429,602,14042,602.0,14042.0
BraTS-GLI-01167-000,65,0.0503,715,14211,715.0,14211.0
BraTS-GLI-01167-000,66,0.0637,913,14337,913.0,14337.0
BraTS-GLI-01167-000,67,0.0737,1067,14470,1067.0,14470.0
BraTS-GLI-01167-000,68,0.0827,1210,14623,1210.0,14623.0
BraTS-GLI-01167-000,69,0.0919,1356,14755,1356.0,14755.0
BraTS-GLI-01167-000,70,0.0975,1450,14878,1450.0,14878.0
BraTS-GLI-01167-000,71,0.1017,1525,14990,1525.0,14990.0
BraTS-GLI-01167-000,72,0.1086,1643,15124,1643.0,15124.0
BraTS-GLI-01167-000,73,0.117,1787,15273,1787.0,15273.0
BraTS-GLI-01167-000,74,0.1227,1888,15390,1888.0,15390.0
BraTS-GLI-01167-000,75,0.1255,1943,15488,1943.0,15488.0
BraTS-GLI-01167-000,76,0.129,2005,15540,2005.0,15540.0
BraTS-GLI-01167-000,77,0.1322,2057,15555,2057.0,15555.0
BraTS-GLI-01167-000,78,0.1368,2133,15589,2133.0,15589.0
BraTS-GLI-01167-000,79,0.1417,2212,15607,2212.0,15607.0
BraTS-GLI-01167-000,80,0.1467,2289,15602,2289.0,15602.0
BraTS-GLI-01167-000,81,0.1486,2316,15581,2316.0,15581.0
BraTS-GLI-01167-000,82,0.1486,2313,15562,2313.0,15562.0
BraTS-GLI-01167-000,83,0.1473,2291,15549,2291.0,15549.0
BraTS-GLI-01167-000,84,0.1478,2294,15520,2294.0,15520.0
BraTS-GLI-01167-000,85,0.1484,2295,15467,2295.0,15467.0
BraTS-GLI-01167-000,86,0.1507,2328,15449,2328.0,15449.0
BraTS-GLI-01167-000,87,0.1536,2367,15408,2367.0,15408.0
BraTS-GLI-01167-000,88,0.156,2397,15363,2397.0,15363.0
BraTS-GLI-01167-000,89,0.1591,2440,15335,2440.0,15335.0
BraTS-GLI-01167-000,90,0.1639,2501,15262,2501.0,15262.0
BraTS-GLI-01167-000,91,0.1675,2540,15162,2540.0,15162.0
BraTS-GLI-01167-000,92,0.1692,2552,15086,2552.0,15086.0
BraTS-GLI-01167-000,93,0.1675,2511,14990,2511.0,14990.0
BraTS-GLI-01167-000,94,0.1666,2480,14888,2480.0,14888.0
BraTS-GLI-01167-000,95,0.1706,2522,14779,2522.0,14779.0
BraTS-GLI-01167-000,96,0.1726,2523,14619,2523.0,14619.0
BraTS-GLI-01167-000,97,0.1725,2492,14450,2492.0,14450.0
BraTS-GLI-01167-000,98,0.1707,2444,14316,2444.0,14316.0
BraTS-GLI-01167-000,99,0.1697,2403,14158,2403.0,14158.0
BraTS-GLI-01167-000,100,0.1673,2340,13989,2340.0,13989.0
BraTS-GLI-01167-000,101,0.1642,2265,13792,2265.0,13792.0
BraTS-GLI-01167-000,102,0.1598,2170,13579,2170.0,13579.0
BraTS-GLI-01167-000,103,0.1553,2079,13389,2079.0,13389.0
BraTS-GLI-01167-000,104,0.1489,1959,13159,1959.0,13159.0
BraTS-GLI-01167-000,105,0.1407,1819,12928,1819.0,12928.0
BraTS-GLI-01167-000,106,0.1308,1662,12706,1662.0,12706.0
BraTS-GLI-01167-000,107,0.1211,1499,12376,1499.0,12376.0
BraTS-GLI-01167-000,108,0.1044,1267,12139,1267.0,12139.0
BraTS-GLI-01167-000,109,0.082,977,11921,977.0,11921.0
BraTS-GLI-01167-000,110,0.0683,792,11598,792.0,11598.0
BraTS-GLI-01167-000,111,0.0564,640,11340,640.0,11340.0
BraTS-GLI-01167-000,112,0.0434,477,10987,477.0,10987.0
BraTS-GLI-01167-000,113,0.0349,374,10711,374.0,10711.0
BraTS-GLI-01167-000,114,0.0276,288,10436,288.0,10436.0
BraTS-GLI-01167-000,115,0.021,212,10074,212.0,10074.0
BraTS-GLI-00324-000,52,0.0007,11,15931,11.0,15931.0
BraTS-GLI-00324-000,53,0.0016,25,16123,25.0,16123.0
BraTS-GLI-00324-000,54,0.002,33,16331,33.0,16331.0
BraTS-GLI-00324-000,55,0.0038,63,16464,63.0,16464.0
BraTS-GLI-00324-000,56,0.0109,181,16603,181.0,16603.0
BraTS-GLI-00324-000,57,0.0182,306,16775,306.0,16775.0
BraTS-GLI-00324-000,58,0.025,424,16978,424.0,16978.0
BraTS-GLI-00324-000,59,0.0305,524,17178,524.0,17178.0
BraTS-GLI-00324-000,60,0.0362,628,17358,628.0,17358.0
BraTS-GLI-00324-000,61,0.0385,678,17589,678.0,17589.0
BraTS-GLI-00324-000,62,0.0408,727,17826,727.0,17826.0
BraTS-GLI-00324-000,63,0.0452,813,17968,813.0,17968.0
BraTS-GLI-00324-000,64,0.0478,865,18099,865.0,18099.0
BraTS-GLI-00324-000,65,0.0481,878,18243,878.0,18243.0
BraTS-GLI-00324-000,66,0.0514,943,18362,943.0,18362.0
BraTS-GLI-00324-000,67,0.0535,988,18462,988.0,18462.0
BraTS-GLI-00324-000,68,0.0566,1052,18592,1052.0,18592.0
BraTS-GLI-00324-000,69,0.0572,1069,18677,1069.0,18677.0
BraTS-GLI-00324-000,70,0.0598,1116,18669,1116.0,18669.0
BraTS-GLI-00324-000,71,0.0633,1184,18697,1184.0,18697.0
BraTS-GLI-00324-000,72,0.0666,1247,18713,1247.0,18713.0
BraTS-GLI-00324-000,73,0.0712,1332,18718,1332.0,18718.0
BraTS-GLI-00324-000,74,0.0749,1405,18749,1405.0,18749.0
BraTS-GLI-00324-000,75,0.0789,1484,18811,1484.0,18811.0
BraTS-GLI-00324-000,76,0.0783,1467,18741,1467.0,18741.0
BraTS-GLI-00324-000,77,0.0815,1526,18715,1526.0,18715.0
BraTS-GLI-00324-000,78,0.0884,1653,18696,1653.0,18696.0
BraTS-GLI-00324-000,79,0.0911,1698,18643,1698.0,18643.0
BraTS-GLI-00324-000,80,0.0909,1688,18579,1688.0,18579.0
BraTS-GLI-00324-000,81,0.0889,1649,18555,1649.0,18555.0
BraTS-GLI-00324-000,82,0.0874,1609,18405,1609.0,18405.0
BraTS-GLI-00324-000,83,0.094,1719,18286,1719.0,18286.0
BraTS-GLI-00324-000,84,0.0998,1816,18197,1816.0,18197.0
BraTS-GLI-00324-000,85,0.1011,1831,18116,1831.0,18116.0
BraTS-GLI-00324-000,86,0.1012,1826,18047,1826.0,18047.0
BraTS-GLI-00324-000,87,0.1029,1851,17986,1851.0,17986.0
BraTS-GLI-00324-000,88,0.1052,1875,17816,1875.0,17816.0
BraTS-GLI-00324-000,89,0.1044,1844,17662,1844.0,17662.0
BraTS-GLI-00324-000,90,0.103,1802,17497,1802.0,17497.0
BraTS-GLI-00324-000,91,0.1028,1785,17362,1785.0,17362.0
BraTS-GLI-00324-000,92,0.1016,1749,17217,1749.0,17217.0
BraTS-GLI-00324-000,93,0.0998,1708,17111,1708.0,17111.0
BraTS-GLI-00324-000,94,0.1002,1694,16905,1694.0,16905.0
BraTS-GLI-00324-000,95,0.0981,1634,16660,1634.0,16660.0
BraTS-GLI-00324-000,96,0.0961,1582,16464,1582.0,16464.0
BraTS-GLI-00324-000,97,0.0969,1577,16274,1577.0,16274.0
BraTS-GLI-00324-000,98,0.0972,1562,16062,1562.0,16062.0
BraTS-GLI-00324-000,99,0.0935,1486,15885,1486.0,15885.0
BraTS-GLI-00324-000,100,0.0917,1438,15679,1438.0,15679.0
BraTS-GLI-00324-000,101,0.0913,1403,15367,1403.0,15367.0
BraTS-GLI-00324-000,102,0.0909,1374,15111,1374.0,15111.0
BraTS-GLI-00324-000,103,0.0913,1355,14843,1355.0,14843.0
BraTS-GLI-00324-000,104,0.0919,1343,14616,1343.0,14616.0
BraTS-GLI-00324-000,105,0.0906,1300,14343,1300.0,14343.0
BraTS-GLI-00324-000,106,0.0908,1277,14071,1277.0,14071.0
BraTS-GLI-00324-000,107,0.0895,1229,13732,1229.0,13732.0
BraTS-GLI-00324-000,108,0.09,1206,13402,1206.0,13402.0
BraTS-GLI-00324-000,109,0.0881,1152,13069,1152.0,13069.0
BraTS-GLI-00324-000,110,0.0879,1123,12780,1123.0,12780.0
BraTS-GLI-00324-000,111,0.0908,1131,12457,1131.0,12457.0
BraTS-GLI-00324-000,112,0.0886,1071,12082,1071.0,12082.0
BraTS-GLI-00324-000,113,0.0856,1003,11714,1003.0,11714.0
BraTS-GLI-00324-000,114,0.0858,974,11356,974.0,11356.0
BraTS-GLI-00324-000,115,0.0842,929,11037,929.0,11037.0
BraTS-GLI-01253-000,40,0.1551,1463,9433,1463.0,9433.0
BraTS-GLI-01253-000,41,0.1582,1557,9844,1557.0,9844.0
BraTS-GLI-01253-000,42,0.1596,1626,10188,1626.0,10188.0
BraTS-GLI-01253-000,43,0.1531,1601,10455,1601.0,10455.0
BraTS-GLI-01253-000,44,0.1554,1657,10660,1657.0,10660.0
BraTS-GLI-01253-000,45,0.16,1736,10851,1736.0,10851.0
BraTS-GLI-01253-000,46,0.1599,1755,10974,1755.0,10974.0
BraTS-GLI-01253-000,47,0.1663,1849,11117,1849.0,11117.0
BraTS-GLI-01253-000,48,0.1743,1959,11241,1959.0,11241.0
BraTS-GLI-01253-000,49,0.1771,2014,11372,2014.0,11372.0
BraTS-GLI-01253-000,50,0.1763,2031,11522,2031.0,11522.0
BraTS-GLI-01253-000,51,0.1825,2151,11785,2151.0,11785.0
BraTS-GLI-01253-000,52,0.1832,2207,12045,2207.0,12045.0
BraTS-GLI-01253-000,53,0.1804,2240,12414,2240.0,12414.0
BraTS-GLI-01253-000,54,0.1815,2333,12851,2333.0,12851.0
BraTS-GLI-01253-000,55,0.1846,2430,13161,2430.0,13161.0
BraTS-GLI-01253-000,56,0.1912,2553,13356,2553.0,13356.0
BraTS-GLI-01253-000,57,0.1984,2686,13540,2686.0,13540.0
BraTS-GLI-01253-000,58,0.1994,2726,13674,2726.0,13674.0
BraTS-GLI-01253-000,59,0.201,2779,13825,2779.0,13825.0
BraTS-GLI-01253-000,60,0.2046,2866,14010,2866.0,14010.0
BraTS-GLI-01253-000,61,0.2001,2845,14217,2845.0,14217.0
BraTS-GLI-01253-000,62,0.1961,2821,14382,2821.0,14382.0
BraTS-GLI-01253-000,63,0.1912,2782,14547,2782.0,14547.0
BraTS-GLI-01253-000,64,0.1862,2744,14737,2744.0,14737.0
BraTS-GLI-01253-000,65,0.1759,2637,14988,2637.0,14988.0
BraTS-GLI-01253-000,66,0.1681,2556,15205,2556.0,15205.0
BraTS-GLI-01253-000,67,0.1557,2398,15404,2398.0,15404.0
BraTS-GLI-01253-000,68,0.1468,2293,15624,2293.0,15624.0
BraTS-GLI-01253-000,69,0.1404,2231,15887,2231.0,15887.0
BraTS-GLI-01253-000,70,0.127,2039,16049,2039.0,16049.0
BraTS-GLI-01253-000,71,0.1197,1936,16172,1936.0,16172.0
BraTS-GLI-01253-000,72,0.1112,1809,16270,1809.0,16270.0
BraTS-GLI-01253-000,73,0.1057,1726,16333,1726.0,16333.0
BraTS-GLI-01253-000,74,0.1046,1712,16373,1712.0,16373.0
BraTS-GLI-01253-000,75,0.0987,1619,16407,1619.0,16407.0
BraTS-GLI-01253-000,76,0.0918,1507,16413,1507.0,16413.0
BraTS-GLI-01253-000,77,0.0735,1204,16388,1204.0,16388.0
BraTS-GLI-01253-000,78,0.0543,888,16366,888.0,16366.0
BraTS-GLI-01253-000,79,0.038,622,16355,622.0,16355.0
BraTS-GLI-01253-000,80,0.0216,353,16343,353.0,16343.0
BraTS-GLI-01253-000,81,0.015,244,16311,244.0,16311.0
BraTS-GLI-01253-000,82,0.0096,156,16282,156.0,16282.0
BraTS-GLI-01253-000,83,0.0056,91,16248,91.0,16248.0
BraTS-GLI-01253-000,84,0.0064,103,16216,103.0,16216.0
BraTS-GLI-01253-000,85,0.0059,95,16194,95.0,16194.0
BraTS-GLI-01253-000,86,0.008,130,16161,130.0,16161.0
BraTS-GLI-01253-000,87,0.0083,134,16104,134.0,16104.0
BraTS-GLI-01253-000,88,0.0095,152,16034,152.0,16034.0
BraTS-GLI-01253-000,89,0.0089,142,15970,142.0,15970.0
BraTS-GLI-01253-000,90,0.0086,137,15889,137.0,15889.0
BraTS-GLI-01253-000,91,0.0091,143,15797,143.0,15797.0
BraTS-GLI-01253-000,92,0.0072,113,15672,113.0,15672.0
BraTS-GLI-01253-000,93,0.0057,88,15552,88.0,15552.0
BraTS-GLI-01253-000,94,0.0038,59,15403,59.0,15403.0
BraTS-GLI-01253-000,95,0.0024,37,15274,37.0,15274.0
BraTS-GLI-01253-000,96,0.002,30,15127,30.0,15127.0
BraTS-GLI-01253-000,97,0.003,45,14976,45.0,14976.0
BraTS-GLI-01253-000,98,0.0022,32,14797,32.0,14797.0
BraTS-GLI-01253-000,99,0.0014,21,14601,21.0,14601.0
BraTS-GLI-01253-000,100,0.0022,32,14385,32.0,14385.0
BraTS-GLI-01253-000,101,0.0013,19,14170,19.0,14170.0
BraTS-GLI-01253-000,102,0.0008,11,13937,11.0,13937.0
BraTS-GLI-01253-000,103,0.0023,31,13698,31.0,13698.0
BraTS-GLI-01253-000,104,0.0128,172,13430,172.0,13430.0
BraTS-GLI-01253-000,105,0.0147,194,13162,194.0,13162.0
BraTS-GLI-01253-000,106,0.0128,165,12890,165.0,12890.0
BraTS-GLI-01253-000,107,0.0128,161,12578,161.0,12578.0
BraTS-GLI-01253-000,108,0.0126,154,12250,154.0,12250.0
BraTS-GLI-01253-000,109,0.0117,139,11926,139.0,11926.0
BraTS-GLI-01253-000,110,0.011,128,11600,128.0,11600.0
BraTS-GLI-01253-000,111,0.0106,120,11270,120.0,11270.0
BraTS-GLI-01253-000,112,0.0114,125,10936,125.0,10936.0
BraTS-GLI-01253-000,113,0.0121,128,10579,128.0,10579.0
BraTS-GLI-01253-000,114,0.0087,89,10205,89.0,10205.0
BraTS-GLI-01253-000,115,0.0087,85,9816,85.0,9816.0
BraTS-GLI-00714-000,40,0.0318,267,8386,267.0,8386.0
BraTS-GLI-00714-000,41,0.0525,464,8830,464.0,8830.0
BraTS-GLI-00714-000,42,0.0585,540,9228,540.0,9228.0
BraTS-GLI-00714-000,43,0.0627,599,9557,599.0,9557.0
BraTS-GLI-00714-000,44,0.0664,653,9834,653.0,9834.0
BraTS-GLI-00714-000,45,0.0693,698,10066,698.0,10066.0
BraTS-GLI-00714-000,46,0.0718,735,10234,735.0,10234.0
BraTS-GLI-00714-000,47,0.0713,744,10432,744.0,10432.0
BraTS-GLI-00714-000,48,0.0705,753,10674,753.0,10674.0
BraTS-GLI-00714-000,49,0.071,777,10937,777.0,10937.0
BraTS-GLI-00714-000,50,0.0722,811,11229,811.0,11229.0
BraTS-GLI-00714-000,51,0.0724,847,11706,847.0,11706.0
BraTS-GLI-00714-000,52,0.0724,872,12041,872.0,12041.0
BraTS-GLI-00714-000,53,0.0746,927,12424,927.0,12424.0
BraTS-GLI-00714-000,54,0.0807,1033,12806,1033.0,12806.0
BraTS-GLI-00714-000,55,0.0885,1179,13322,1179.0,13322.0
BraTS-GLI-00714-000,56,0.1028,1410,13710,1410.0,13710.0
BraTS-GLI-00714-000,57,0.1156,1620,14019,1620.0,14019.0
BraTS-GLI-00714-000,58,0.1339,1915,14305,1915.0,14305.0
BraTS-GLI-00714-000,59,0.148,2167,14645,2167.0,14645.0
BraTS-GLI-00714-000,60,0.1607,2389,14866,2389.0,14866.0
BraTS-GLI-00714-000,61,0.1749,2639,15085,2639.0,15085.0
BraTS-GLI-00714-000,62,0.1868,2850,15260,2850.0,15260.0
BraTS-GLI-00714-000,63,0.1971,3048,15463,3048.0,15463.0
BraTS-GLI-00714-000,64,0.2023,3172,15676,3172.0,15676.0
BraTS-GLI-00714-000,65,0.2074,3307,15943,3307.0,15943.0
BraTS-GLI-00714-000,66,0.2132,3441,16142,3441.0,16142.0
BraTS-GLI-00714-000,67,0.2215,3617,16333,3617.0,16333.0
BraTS-GLI-00714-000,68,0.2225,3690,16586,3690.0,16586.0
BraTS-GLI-00714-000,69,0.2225,3731,16771,3731.0,16771.0
BraTS-GLI-00714-000,70,0.224,3784,16890,3784.0,16890.0
BraTS-GLI-00714-000,71,0.23,3905,16976,3905.0,16976.0
BraTS-GLI-00714-000,72,0.2336,3984,17052,3984.0,17052.0
BraTS-GLI-00714-000,73,0.2334,3994,17110,3994.0,17110.0
BraTS-GLI-00714-000,74,0.2311,3964,17156,3964.0,17156.0
BraTS-GLI-00714-000,75,0.2314,3983,17210,3983.0,17210.0
BraTS-GLI-00714-000,76,0.2343,4043,17253,4043.0,17253.0
BraTS-GLI-00714-000,77,0.2392,4134,17284,4134.0,17284.0
BraTS-GLI-00714-000,78,0.243,4207,17311,4207.0,17311.0
BraTS-GLI-00714-000,79,0.2487,4309,17327,4309.0,17327.0
BraTS-GLI-00714-000,80,0.256,4435,17325,4435.0,17325.0
BraTS-GLI-00714-000,81,0.2657,4601,17317,4601.0,17317.0
BraTS-GLI-00714-000,82,0.2718,4702,17297,4702.0,17297.0
BraTS-GLI-00714-000,83,0.2783,4803,17259,4803.0,17259.0
BraTS-GLI-00714-000,84,0.2806,4835,17228,4835.0,17228.0
BraTS-GLI-00714-000,85,0.2808,4824,17180,4824.0,17180.0
BraTS-GLI-00714-000,86,0.2797,4784,17102,4784.0,17102.0
BraTS-GLI-00714-000,87,0.2834,4828,17033,4828.0,17033.0
BraTS-GLI-00714-000,88,0.2848,4827,16949,4827.0,16949.0
BraTS-GLI-00714-000,89,0.2832,4773,16852,4773.0,16852.0
BraTS-GLI-00714-000,90,0.2786,4672,16768,4672.0,16768.0
BraTS-GLI-00714-000,91,0.2801,4671,16676,4671.0,16676.0
BraTS-GLI-00714-000,92,0.2761,4578,16581,4578.0,16581.0
BraTS-GLI-00714-000,93,0.2706,4457,16469,4457.0,16469.0
BraTS-GLI-00714-000,94,0.2587,4233,16364,4233.0,16364.0
BraTS-GLI-00714-000,95,0.2436,3955,16236,3955.0,16236.0
BraTS-GLI-00714-000,96,0.2329,3749,16098,3749.0,16098.0
BraTS-GLI-00714-000,97,0.2247,3586,15956,3586.0,15956.0
BraTS-GLI-00714-000,98,0.2263,3579,15813,3579.0,15813.0
BraTS-GLI-00714-000,99,0.2194,3439,15674,3439.0,15674.0
BraTS-GLI-00714-000,100,0.2167,3363,15522,3363.0,15522.0
BraTS-GLI-00714-000,101,0.2086,3205,15368,3205.0,15368.0
BraTS-GLI-00714-000,102,0.1946,2959,15208,2959.0,15208.0
BraTS-GLI-00714-000,103,0.1843,2771,15038,2771.0,15038.0
BraTS-GLI-00714-000,104,0.1766,2626,14867,2626.0,14867.0
BraTS-GLI-00714-000,105,0.1711,2509,14668,2509.0,14668.0
BraTS-GLI-00714-000,106,0.1621,2350,14493,2350.0,14493.0
BraTS-GLI-00714-000,107,0.1467,2099,14306,2099.0,14306.0
BraTS-GLI-00714-000,108,0.1304,1837,14092,1837.0,14092.0
BraTS-GLI-00714-000,109,0.1188,1647,13859,1647.0,13859.0
BraTS-GLI-00714-000,110,0.1076,1467,13628,1467.0,13628.0
BraTS-GLI-00714-000,111,0.0913,1222,13383,1222.0,13383.0
BraTS-GLI-00714-000,112,0.0791,1040,13148,1040.0,13148.0
BraTS-GLI-00714-000,113,0.0696,897,12886,897.0,12886.0
BraTS-GLI-00714-000,114,0.0548,692,12625,692.0,12625.0
BraTS-GLI-00714-000,115,0.0487,601,12329,601.0,12329.0
BraTS-GLI-00488-000,65,0.0036,60,16766,60.0,16766.0
BraTS-GLI-00488-000,66,0.009,153,17008,153.0,17008.0
BraTS-GLI-00488-000,67,0.0166,287,17266,287.0,17266.0
BraTS-GLI-00488-000,68,0.0243,425,17481,425.0,17481.0
BraTS-GLI-00488-000,69,0.0288,509,17690,509.0,17690.0
BraTS-GLI-00488-000,70,0.0328,585,17861,585.0,17861.0
BraTS-GLI-00488-000,71,0.0381,686,17982,686.0,17982.0
BraTS-GLI-00488-000,72,0.041,743,18116,743.0,18116.0
BraTS-GLI-00488-000,73,0.0473,862,18229,862.0,18229.0
BraTS-GLI-00488-000,74,0.0554,1015,18335,1015.0,18335.0
BraTS-GLI-00488-000,75,0.062,1143,18426,1143.0,18426.0
BraTS-GLI-00488-000,76,0.07,1294,18490,1294.0,18490.0
BraTS-GLI-00488-000,77,0.0783,1451,18535,1451.0,18535.0
BraTS-GLI-00488-000,78,0.0827,1535,18564,1535.0,18564.0
BraTS-GLI-00488-000,79,0.0862,1602,18577,1602.0,18577.0
BraTS-GLI-00488-000,80,0.0909,1689,18583,1689.0,18583.0
BraTS-GLI-00488-000,81,0.0941,1749,18593,1749.0,18593.0
BraTS-GLI-00488-000,82,0.0948,1760,18564,1760.0,18564.0
BraTS-GLI-00488-000,83,0.0958,1777,18542,1777.0,18542.0
BraTS-GLI-00488-000,84,0.0952,1763,18518,1763.0,18518.0
BraTS-GLI-00488-000,85,0.0935,1729,18484,1729.0,18484.0
BraTS-GLI-00488-000,86,0.0941,1737,18452,1737.0,18452.0
BraTS-GLI-00488-000,87,0.093,1712,18400,1712.0,18400.0
BraTS-GLI-00488-000,88,0.0948,1740,18347,1740.0,18347.0
BraTS-GLI-00488-000,89,0.0928,1697,18295,1697.0,18295.0
BraTS-GLI-00488-000,90,0.0909,1656,18211,1656.0,18211.0
BraTS-GLI-00488-000,91,0.0882,1598,18120,1598.0,18120.0
BraTS-GLI-00488-000,92,0.086,1553,18049,1553.0,18049.0
BraTS-GLI-00488-000,93,0.0828,1486,17942,1486.0,17942.0
BraTS-GLI-00488-000,94,0.0788,1405,17840,1405.0,17840.0
BraTS-GLI-00488-000,95,0.0741,1311,17697,1311.0,17697.0
BraTS-GLI-00488-000,96,0.0693,1217,17554,1217.0,17554.0
BraTS-GLI-00488-000,97,0.0666,1160,17407,1160.0,17407.0
BraTS-GLI-00488-000,98,0.0659,1137,17250,1137.0,17250.0
BraTS-GLI-00488-000,99,0.0658,1125,17088,1125.0,17088.0
BraTS-GLI-00488-000,100,0.0647,1096,16936,1096.0,16936.0
BraTS-GLI-00488-000,101,0.0649,1089,16783,1089.0,16783.0
BraTS-GLI-00488-000,102,0.0609,1014,16653,1014.0,16653.0
BraTS-GLI-00488-000,103,0.057,940,16501,940.0,16501.0
BraTS-GLI-00488-000,104,0.0514,841,16346,841.0,16346.0
BraTS-GLI-00488-000,105,0.0491,794,16183,794.0,16183.0
BraTS-GLI-00488-000,106,0.0499,797,15979,797.0,15979.0
BraTS-GLI-00488-000,107,0.0482,761,15777,761.0,15777.0
BraTS-GLI-00488-000,108,0.046,716,15557,716.0,15557.0
BraTS-GLI-00488-000,109,0.0464,712,15330,712.0,15330.0
BraTS-GLI-00488-000,110,0.042,634,15100,634.0,15100.0
BraTS-GLI-00488-000,111,0.0401,596,14865,596.0,14865.0
BraTS-GLI-00488-000,112,0.0376,548,14589,548.0,14589.0
BraTS-GLI-00488-000,113,0.0304,434,14264,434.0,14264.0
BraTS-GLI-00488-000,114,0.027,376,13924,376.0,13924.0
BraTS-GLI-00488-000,115,0.0169,230,13637,230.0,13637.0
BraTS-GLI-00630-000,53,0.0004,7,16672,7.0,16672.0
BraTS-GLI-00630-000,54,0.0043,72,16910,72.0,16910.0
BraTS-GLI-00630-000,55,0.0093,159,17127,159.0,17127.0
BraTS-GLI-00630-000,56,0.0156,270,17283,270.0,17283.0
BraTS-GLI-00630-000,57,0.0239,416,17438,416.0,17438.0
BraTS-GLI-00630-000,58,0.0325,571,17559,571.0,17559.0
BraTS-GLI-00630-000,59,0.0389,688,17694,688.0,17694.0
BraTS-GLI-00630-000,60,0.0451,803,17795,803.0,17795.0
BraTS-GLI-00630-000,61,0.0507,907,17901,907.0,17901.0
BraTS-GLI-00630-000,62,0.0539,968,17964,968.0,17964.0
BraTS-GLI-00630-000,63,0.0587,1059,18035,1059.0,18035.0
BraTS-GLI-00630-000,64,0.061,1103,18075,1103.0,18075.0
BraTS-GLI-00630-000,65,0.0632,1146,18123,1146.0,18123.0
BraTS-GLI-00630-000,66,0.0658,1194,18151,1194.0,18151.0
BraTS-GLI-00630-000,67,0.0712,1294,18169,1294.0,18169.0
BraTS-GLI-00630-000,68,0.0762,1385,18174,1385.0,18174.0
BraTS-GLI-00630-000,69,0.0809,1472,18190,1472.0,18190.0
BraTS-GLI-00630-000,70,0.084,1528,18189,1528.0,18189.0
BraTS-GLI-00630-000,71,0.0857,1560,18193,1560.0,18193.0
BraTS-GLI-00630-000,72,0.0868,1577,18174,1577.0,18174.0
BraTS-GLI-00630-000,73,0.0916,1663,18153,1663.0,18153.0
BraTS-GLI-00630-000,74,0.0954,1728,18120,1728.0,18120.0
BraTS-GLI-00630-000,75,0.0963,1742,18093,1742.0,18093.0
BraTS-GLI-00630-000,76,0.0983,1773,18042,1773.0,18042.0
BraTS-GLI-00630-000,77,0.1002,1803,17995,1803.0,17995.0
BraTS-GLI-00630-000,78,0.0998,1791,17953,1791.0,17953.0
BraTS-GLI-00630-000,79,0.0999,1789,17907,1789.0,17907.0
BraTS-GLI-00630-000,80,0.1022,1825,17852,1825.0,17852.0
BraTS-GLI-00630-000,81,0.1009,1795,17796,1795.0,17796.0
BraTS-GLI-00630-000,82,0.0992,1758,17717,1758.0,17717.0
BraTS-GLI-00630-000,83,0.0966,1705,17641,1705.0,17641.0
BraTS-GLI-00630-000,84,0.0937,1644,17538,1644.0,17538.0
BraTS-GLI-00630-000,85,0.0895,1561,17441,1561.0,17441.0
BraTS-GLI-00630-000,86,0.0872,1511,17332,1511.0,17332.0
BraTS-GLI-00630-000,87,0.0855,1474,17233,1474.0,17233.0
BraTS-GLI-00630-000,88,0.0828,1417,17115,1417.0,17115.0
BraTS-GLI-00630-000,89,0.0808,1374,16998,1374.0,16998.0
BraTS-GLI-00630-000,90,0.0776,1309,16873,1309.0,16873.0
BraTS-GLI-00630-000,91,0.0761,1275,16758,1275.0,16758.0
BraTS-GLI-00630-000,92,0.0735,1223,16634,1223.0,16634.0
BraTS-GLI-00630-000,93,0.0741,1224,16515,1224.0,16515.0
BraTS-GLI-00630-000,94,0.0706,1158,16391,1158.0,16391.0
BraTS-GLI-00630-000,95,0.0701,1139,16258,1139.0,16258.0
BraTS-GLI-00630-000,96,0.0697,1122,16091,1122.0,16091.0
BraTS-GLI-00630-000,97,0.0601,958,15930,958.0,15930.0
BraTS-GLI-00630-000,98,0.0469,740,15765,740.0,15765.0
BraTS-GLI-00630-000,99,0.0452,705,15586,705.0,15586.0
BraTS-GLI-00630-000,100,0.0421,650,15424,650.0,15424.0
BraTS-GLI-00630-000,101,0.0378,577,15245,577.0,15245.0
BraTS-GLI-00630-000,102,0.0353,532,15051,532.0,15051.0
BraTS-GLI-00630-000,103,0.0316,469,14853,469.0,14853.0
BraTS-GLI-00630-000,104,0.0272,399,14662,399.0,14662.0
BraTS-GLI-00630-000,105,0.0232,335,14428,335.0,14428.0
BraTS-GLI-00630-000,106,0.02,284,14209,284.0,14209.0
BraTS-GLI-00630-000,107,0.0158,220,13967,220.0,13967.0
BraTS-GLI-00630-000,108,0.0115,158,13721,158.0,13721.0
BraTS-GLI-00630-000,109,0.0103,139,13451,139.0,13451.0
BraTS-GLI-00630-000,110,0.0115,152,13178,152.0,13178.0
BraTS-GLI-00630-000,111,0.0095,122,12902,122.0,12902.0
BraTS-GLI-00630-000,112,0.0067,85,12626,85.0,12626.0
BraTS-GLI-00630-000,113,0.0033,41,12346,41.0,12346.0
BraTS-GLI-00630-000,114,0.0008,10,12049,10.0,12049.0
BraTS-GLI-01013-000,47,0.001,13,13492,13.0,13492.0
BraTS-GLI-01013-000,48,0.0027,37,13613,37.0,13613.0
BraTS-GLI-01013-000,49,0.0088,121,13751,121.0,13751.0
BraTS-GLI-01013-000,50,0.0155,216,13941,216.0,13941.0
BraTS-GLI-01013-000,51,0.0205,294,14317,294.0,14317.0
BraTS-GLI-01013-000,52,0.0262,387,14765,387.0,14765.0
BraTS-GLI-01013-000,53,0.0303,461,15233,461.0,15233.0
BraTS-GLI-01013-000,54,0.0345,534,15464,534.0,15464.0
BraTS-GLI-01013-000,55,0.039,614,15727,614.0,15727.0
BraTS-GLI-01013-000,56,0.046,734,15945,734.0,15945.0
BraTS-GLI-01013-000,57,0.0573,921,16086,921.0,16086.0
BraTS-GLI-01013-000,58,0.0644,1050,16311,1050.0,16311.0
BraTS-GLI-01013-000,59,0.0696,1148,16484,1148.0,16484.0
BraTS-GLI-01013-000,60,0.0734,1222,16657,1222.0,16657.0
BraTS-GLI-01013-000,61,0.0761,1282,16855,1282.0,16855.0
BraTS-GLI-01013-000,62,0.0784,1334,17020,1334.0,17020.0
BraTS-GLI-01013-000,63,0.0807,1383,17138,1383.0,17138.0
BraTS-GLI-01013-000,64,0.0826,1439,17430,1439.0,17430.0
BraTS-GLI-01013-000,65,0.084,1472,17525,1472.0,17525.0
BraTS-GLI-01013-000,66,0.0857,1513,17663,1513.0,17663.0
BraTS-GLI-01013-000,67,0.0871,1548,17776,1548.0,17776.0
BraTS-GLI-01013-000,68,0.0881,1575,17879,1575.0,17879.0
BraTS-GLI-01013-000,69,0.0894,1605,17952,1605.0,17952.0
BraTS-GLI-01013-000,70,0.0895,1609,17986,1609.0,17986.0
BraTS-GLI-01013-000,71,0.0896,1614,18020,1614.0,18020.0
BraTS-GLI-01013-000,72,0.0892,1607,18024,1607.0,18024.0
BraTS-GLI-01013-000,73,0.0888,1600,18017,1600.0,18017.0
BraTS-GLI-01013-000,74,0.0886,1594,17999,1594.0,17999.0
BraTS-GLI-01013-000,75,0.0887,1594,17966,1594.0,17966.0
BraTS-GLI-01013-000,76,0.0882,1580,17919,1580.0,17919.0
BraTS-GLI-01013-000,77,0.0884,1579,17867,1579.0,17867.0
BraTS-GLI-01013-000,78,0.0879,1566,17808,1566.0,17808.0
BraTS-GLI-01013-000,79,0.0891,1583,17757,1583.0,17757.0
BraTS-GLI-01013-000,80,0.0936,1657,17704,1657.0,17704.0
BraTS-GLI-01013-000,81,0.0968,1708,17642,1708.0,17642.0
BraTS-GLI-01013-000,82,0.0971,1706,17573,1706.0,17573.0
BraTS-GLI-01013-000,83,0.0968,1693,17482,1693.0,17482.0
BraTS-GLI-01013-000,84,0.0966,1681,17394,1681.0,17394.0
BraTS-GLI-01013-000,85,0.0954,1649,17293,1649.0,17293.0
BraTS-GLI-01013-000,86,0.095,1636,17214,1636.0,17214.0
BraTS-GLI-01013-000,87,0.0944,1615,17111,1615.0,17111.0
BraTS-GLI-01013-000,88,0.0938,1590,16959,1590.0,16959.0
BraTS-GLI-01013-000,89,0.0927,1560,16827,1560.0,16827.0
BraTS-GLI-01013-000,90,0.0909,1514,16657,1514.0,16657.0
BraTS-GLI-01013-000,91,0.0882,1456,16512,1456.0,16512.0
BraTS-GLI-01013-000,92,0.0857,1402,16360,1402.0,16360.0
BraTS-GLI-01013-000,93,0.081,1307,16143,1307.0,16143.0
BraTS-GLI-01013-000,94,0.076,1211,15940,1211.0,15940.0
BraTS-GLI-01013-000,95,0.0717,1130,15754,1130.0,15754.0
BraTS-GLI-01013-000,96,0.0697,1074,15399,1074.0,15399.0
BraTS-GLI-01013-000,97,0.0661,1009,15271,1009.0,15271.0
BraTS-GLI-01013-000,98,0.0621,933,15029,933.0,15029.0
BraTS-GLI-01013-000,99,0.0588,871,14809,871.0,14809.0
BraTS-GLI-01013-000,100,0.0556,807,14527,807.0,14527.0
BraTS-GLI-01013-000,101,0.0536,765,14262,765.0,14262.0
BraTS-GLI-01013-000,102,0.0514,719,13981,719.0,13981.0
BraTS-GLI-01013-000,103,0.049,673,13722,673.0,13722.0
BraTS-GLI-01013-000,104,0.0476,641,13468,641.0,13468.0
BraTS-GLI-01013-000,105,0.0452,594,13151,594.0,13151.0
BraTS-GLI-01013-000,106,0.0427,549,12865,549.0,12865.0
BraTS-GLI-01013-000,107,0.0395,496,12543,496.0,12543.0
BraTS-GLI-01013-000,108,0.0364,446,12250,446.0,12250.0
BraTS-GLI-01013-000,109,0.0323,386,11958,386.0,11958.0
BraTS-GLI-01013-000,110,0.0287,333,11597,333.0,11597.0
BraTS-GLI-01013-000,111,0.0237,267,11252,267.0,11252.0
BraTS-GLI-01013-000,112,0.0161,175,10863,175.0,10863.0
BraTS-GLI-01013-000,113,0.0027,28,10497,28.0,10497.0
BraTS-GLI-00584-000,45,0.0004,5,11160,5.0,11160.0
BraTS-GLI-00584-000,46,0.0056,63,11351,63.0,11351.0
BraTS-GLI-00584-000,47,0.0165,190,11515,190.0,11515.0
BraTS-GLI-00584-000,48,0.0309,361,11664,361.0,11664.0
BraTS-GLI-00584-000,49,0.0423,498,11781,498.0,11781.0
BraTS-GLI-00584-000,50,0.0484,574,11868,574.0,11868.0
BraTS-GLI-00584-000,51,0.0507,606,11956,606.0,11956.0
BraTS-GLI-00584-000,52,0.0518,624,12056,624.0,12056.0
BraTS-GLI-00584-000,53,0.0528,651,12339,651.0,12339.0
BraTS-GLI-00584-000,54,0.0504,640,12710,640.0,12710.0
BraTS-GLI-00584-000,55,0.0474,635,13391,635.0,13391.0
BraTS-GLI-00584-000,56,0.0469,636,13559,636.0,13559.0
BraTS-GLI-00584-000,57,0.0467,640,13707,640.0,13707.0
BraTS-GLI-00584-000,58,0.0463,639,13816,639.0,13816.0
BraTS-GLI-00584-000,59,0.0456,637,13954,637.0,13954.0
BraTS-GLI-00584-000,60,0.044,620,14091,620.0,14091.0
BraTS-GLI-00584-000,61,0.0424,603,14219,603.0,14219.0
BraTS-GLI-00584-000,62,0.0396,570,14386,570.0,14386.0
BraTS-GLI-00584-000,63,0.0373,542,14531,542.0,14531.0
BraTS-GLI-00584-000,64,0.0348,514,14789,514.0,14789.0
BraTS-GLI-00584-000,65,0.0328,487,14863,487.0,14863.0
BraTS-GLI-00584-000,66,0.0293,439,15003,439.0,15003.0
BraTS-GLI-00584-000,67,0.0258,390,15128,390.0,15128.0
BraTS-GLI-00584-000,68,0.0193,294,15240,294.0,15240.0
BraTS-GLI-00584-000,69,0.0147,226,15398,226.0,15398.0
BraTS-GLI-00584-000,70,0.0116,180,15574,180.0,15574.0
BraTS-GLI-00584-000,71,0.0086,135,15658,135.0,15658.0
BraTS-GLI-00584-000,72,0.0043,68,15803,68.0,15803.0
BraTS-GLI-00584-000,73,0.0002,3,15949,3.0,15949.0
BraTS-GLI-00645-001,76,0.0001,2,17765,2.0,17765.0
BraTS-GLI-00645-001,77,0.0022,39,17768,39.0,17768.0
BraTS-GLI-00645-001,78,0.0039,69,17712,69.0,17712.0
BraTS-GLI-00645-001,79,0.0052,92,17691,92.0,17691.0
BraTS-GLI-00645-001,80,0.0073,128,17649,128.0,17649.0
BraTS-GLI-00645-001,81,0.0107,188,17643,188.0,17643.0
BraTS-GLI-00645-001,82,0.0123,217,17626,217.0,17626.0
BraTS-GLI-00645-001,83,0.0133,233,17559,233.0,17559.0
BraTS-GLI-00645-001,84,0.0137,239,17489,239.0,17489.0
BraTS-GLI-00645-001,85,0.0141,245,17394,245.0,17394.0
BraTS-GLI-00645-001,86,0.0138,239,17342,239.0,17342.0
BraTS-GLI-00645-001,87,0.0132,228,17255,228.0,17255.0
BraTS-GLI-00645-001,88,0.0128,218,17081,218.0,17081.0
BraTS-GLI-00645-001,89,0.0114,194,16961,194.0,16961.0
BraTS-GLI-00645-001,90,0.0102,171,16780,171.0,16780.0
BraTS-GLI-00645-001,91,0.0092,154,16689,154.0,16689.0
BraTS-GLI-00645-001,92,0.0086,142,16598,142.0,16598.0
BraTS-GLI-00645-001,93,0.0124,203,16382,203.0,16382.0
BraTS-GLI-00645-001,94,0.0082,133,16234,133.0,16234.0
BraTS-GLI-00645-001,95,0.0076,122,15974,122.0,15974.0
BraTS-GLI-00645-001,96,0.0082,128,15580,128.0,15580.0
BraTS-GLI-00645-001,97,0.0092,143,15538,143.0,15538.0
BraTS-GLI-00645-001,98,0.0098,151,15396,151.0,15396.0
BraTS-GLI-00645-001,99,0.0102,156,15255,156.0,15255.0
BraTS-GLI-00645-001,100,0.0102,153,14948,153.0,14948.0
BraTS-GLI-00645-001,101,0.0099,146,14732,146.0,14732.0
BraTS-GLI-00645-001,102,0.0119,172,14422,172.0,14422.0
BraTS-GLI-00645-001,103,0.0151,216,14272,216.0,14272.0
BraTS-GLI-00645-001,104,0.0184,260,14116,260.0,14116.0
BraTS-GLI-00645-001,105,0.0224,307,13721,307.0,13721.0
BraTS-GLI-00645-001,106,0.0251,339,13486,339.0,13486.0
BraTS-GLI-00645-001,107,0.0288,379,13155,379.0,13155.0
BraTS-GLI-00645-001,108,0.0339,443,13071,443.0,13071.0
BraTS-GLI-00645-001,109,0.0396,513,12940,513.0,12940.0
BraTS-GLI-00645-001,110,0.0479,602,12568,602.0,12568.0
BraTS-GLI-00645-001,111,0.053,654,12337,654.0,12337.0
BraTS-GLI-00645-001,112,0.059,705,11959,705.0,11959.0
BraTS-GLI-00645-001,113,0.0627,742,11837,742.0,11837.0
BraTS-GLI-00645-001,114,0.0655,765,11683,765.0,11683.0
BraTS-GLI-00645-001,115,0.0684,773,11307,773.0,11307.0
BraTS-GLI-00767-000,68,0.0004,6,13961,6.0,13961.0
BraTS-GLI-00767-000,69,0.0012,17,14056,17.0,14056.0
BraTS-GLI-00767-000,70,0.0019,27,14157,27.0,14157.0
BraTS-GLI-00767-000,71,0.0024,34,14264,34.0,14264.0
BraTS-GLI-00767-000,72,0.0028,40,14359,40.0,14359.0
BraTS-GLI-00767-000,73,0.0025,36,14473,36.0,14473.0
BraTS-GLI-00767-000,74,0.0032,47,14594,47.0,14594.0
BraTS-GLI-00767-000,75,0.0044,64,14711,64.0,14711.0
BraTS-GLI-00767-000,76,0.0038,56,14850,56.0,14850.0
BraTS-GLI-00767-000,77,0.0073,109,14982,109.0,14982.0
BraTS-GLI-00767-000,78,0.0156,236,15107,236.0,15107.0
BraTS-GLI-00767-000,79,0.0267,406,15212,406.0,15212.0
BraTS-GLI-00767-000,80,0.0377,576,15291,576.0,15291.0
BraTS-GLI-00767-000,81,0.044,676,15352,676.0,15352.0
BraTS-GLI-00767-000,82,0.0512,788,15401,788.0,15401.0
BraTS-GLI-00767-000,83,0.0567,875,15433,875.0,15433.0
BraTS-GLI-00767-000,84,0.0625,965,15446,965.0,15446.0
BraTS-GLI-00767-000,85,0.0676,1044,15447,1044.0,15447.0
BraTS-GLI-00767-000,86,0.0729,1126,15445,1126.0,15445.0
BraTS-GLI-00767-000,87,0.0808,1247,15426,1247.0,15426.0
BraTS-GLI-00767-000,88,0.0904,1390,15384,1390.0,15384.0
BraTS-GLI-00767-000,89,0.1005,1541,15340,1541.0,15340.0
BraTS-GLI-00767-000,90,0.1075,1642,15278,1642.0,15278.0
BraTS-GLI-00767-000,91,0.1147,1745,15220,1745.0,15220.0
BraTS-GLI-00767-000,92,0.1238,1876,15150,1876.0,15150.0
BraTS-GLI-00767-000,93,0.1349,2032,15066,2032.0,15066.0
BraTS-GLI-00767-000,94,0.1431,2144,14978,2144.0,14978.0
BraTS-GLI-00767-000,95,0.1509,2245,14878,2245.0,14878.0
BraTS-GLI-00767-000,96,0.1575,2329,14787,2329.0,14787.0
BraTS-GLI-00767-000,97,0.1603,2355,14695,2355.0,14695.0
BraTS-GLI-00767-000,98,0.163,2376,14579,2376.0,14579.0
BraTS-GLI-00767-000,99,0.1657,2396,14460,2396.0,14460.0
BraTS-GLI-00767-000,100,0.169,2420,14321,2420.0,14321.0
BraTS-GLI-00767-000,101,0.1721,2440,14174,2440.0,14174.0
BraTS-GLI-00767-000,102,0.1759,2464,14011,2464.0,14011.0
BraTS-GLI-00767-000,103,0.1802,2490,13818,2490.0,13818.0
BraTS-GLI-00767-000,104,0.1839,2507,13634,2507.0,13634.0
BraTS-GLI-00767-000,105,0.1869,2510,13430,2510.0,13430.0
BraTS-GLI-00767-000,106,0.1899,2512,13230,2512.0,13230.0
BraTS-GLI-00767-000,107,0.1939,2524,13019,2524.0,13019.0
BraTS-GLI-00767-000,108,0.1971,2518,12778,2518.0,12778.0
BraTS-GLI-00767-000,109,0.2012,2517,12512,2517.0,12512.0
BraTS-GLI-00767-000,110,0.2033,2492,12260,2492.0,12260.0
BraTS-GLI-00767-000,111,0.2059,2470,11997,2470.0,11997.0
BraTS-GLI-00767-000,112,0.2061,2419,11735,2419.0,11735.0
BraTS-GLI-00767-000,113,0.2064,2364,11453,2364.0,11453.0
BraTS-GLI-00767-000,114,0.2048,2286,11162,2286.0,11162.0
BraTS-GLI-00767-000,115,0.2032,2205,10851,2205.0,10851.0
BraTS-GLI-00791-000,46,0.0039,51,13233,51.0,13233.0
BraTS-GLI-00791-000,47,0.0224,298,13297,298.0,13297.0
BraTS-GLI-00791-000,48,0.0371,496,13380,496.0,13380.0
BraTS-GLI-00791-000,49,0.0744,1002,13466,1002.0,13466.0
BraTS-GLI-00791-000,50,0.0993,1345,13540,1345.0,13540.0
BraTS-GLI-00791-000,51,0.1153,1574,13651,1574.0,13651.0
BraTS-GLI-00791-000,52,0.1392,1941,13940,1941.0,13940.0
BraTS-GLI-00791-000,53,0.1617,2277,14084,2277.0,14084.0
BraTS-GLI-00791-000,54,0.173,2457,14206,2457.0,14206.0
BraTS-GLI-00791-000,55,0.176,2553,14505,2553.0,14505.0
BraTS-GLI-00791-000,56,0.1778,2644,14871,2644.0,14871.0
BraTS-GLI-00791-000,57,0.175,2635,15061,2635.0,15061.0
BraTS-GLI-00791-000,58,0.1783,2722,15264,2722.0,15264.0
BraTS-GLI-00791-000,59,0.1846,2844,15406,2844.0,15406.0
BraTS-GLI-00791-000,60,0.1846,2865,15516,2865.0,15516.0
BraTS-GLI-00791-000,61,0.1872,2937,15693,2937.0,15693.0
BraTS-GLI-00791-000,62,0.1873,2974,15877,2974.0,15877.0
BraTS-GLI-00791-000,63,0.1879,3018,16061,3018.0,16061.0
BraTS-GLI-00791-000,64,0.1845,3042,16488,3042.0,16488.0
BraTS-GLI-00791-000,65,0.1831,3034,16566,3034.0,16566.0
BraTS-GLI-00791-000,66,0.1806,3028,16763,3028.0,16763.0
BraTS-GLI-00791-000,67,0.1803,3045,16887,3045.0,16887.0
BraTS-GLI-00791-000,68,0.1778,3035,17068,3035.0,17068.0
BraTS-GLI-00791-000,69,0.1737,2984,17180,2984.0,17180.0
BraTS-GLI-00791-000,70,0.171,2958,17297,2958.0,17297.0
BraTS-GLI-00791-000,71,0.1715,2964,17284,2964.0,17284.0
BraTS-GLI-00791-000,72,0.1732,3000,17321,3000.0,17321.0
BraTS-GLI-00791-000,73,0.1704,2963,17384,2963.0,17384.0
BraTS-GLI-00791-000,74,0.1723,3002,17425,3002.0,17425.0
BraTS-GLI-00791-000,75,0.1719,2999,17442,2999.0,17442.0
BraTS-GLI-00791-000,76,0.1729,3019,17458,3019.0,17458.0
BraTS-GLI-00791-000,77,0.1719,2998,17444,2998.0,17444.0
BraTS-GLI-00791-000,78,0.1724,3003,17415,3003.0,17415.0
BraTS-GLI-00791-000,79,0.1766,3069,17375,3069.0,17375.0
BraTS-GLI-00791-000,80,0.179,3101,17325,3101.0,17325.0
BraTS-GLI-00791-000,81,0.1787,3087,17276,3087.0,17276.0
BraTS-GLI-00791-000,82,0.1825,3143,17226,3143.0,17226.0
BraTS-GLI-00791-000,83,0.179,3074,17174,3074.0,17174.0
BraTS-GLI-00791-000,84,0.18,3072,17068,3072.0,17068.0
BraTS-GLI-00791-000,85,0.1752,2973,16967,2973.0,16967.0
BraTS-GLI-00791-000,86,0.1768,2986,16890,2986.0,16890.0
BraTS-GLI-00791-000,87,0.177,2976,16809,2976.0,16809.0
BraTS-GLI-00791-000,88,0.1719,2872,16708,2872.0,16708.0
BraTS-GLI-00791-000,89,0.1666,2767,16608,2767.0,16608.0
BraTS-GLI-00791-000,90,0.1645,2713,16489,2713.0,16489.0
BraTS-GLI-00791-000,91,0.1607,2633,16388,2633.0,16388.0
BraTS-GLI-00791-000,92,0.1599,2602,16277,2602.0,16277.0
BraTS-GLI-00791-000,93,0.1544,2493,16149,2493.0,16149.0
BraTS-GLI-00791-000,94,0.1534,2459,16027,2459.0,16027.0
BraTS-GLI-00791-000,95,0.1497,2383,15916,2383.0,15916.0
BraTS-GLI-00791-000,96,0.1512,2367,15658,2367.0,15658.0
BraTS-GLI-00791-000,97,0.1474,2298,15589,2298.0,15589.0
BraTS-GLI-00791-000,98,0.1454,2243,15424,2243.0,15424.0
BraTS-GLI-00791-000,99,0.1425,2174,15251,2174.0,15251.0
BraTS-GLI-00791-000,100,0.1356,2039,15033,2039.0,15033.0
BraTS-GLI-00791-000,101,0.1304,1935,14837,1935.0,14837.0
BraTS-GLI-00791-000,102,0.1188,1734,14593,1734.0,14593.0
BraTS-GLI-00791-000,103,0.1096,1575,14374,1575.0,14374.0
BraTS-GLI-00791-000,104,0.1021,1445,14158,1445.0,14158.0
BraTS-GLI-00791-000,105,0.0935,1301,13921,1301.0,13921.0
BraTS-GLI-00791-000,106,0.09,1230,13672,1230.0,13672.0
BraTS-GLI-00791-000,107,0.0796,1063,13356,1063.0,13356.0
BraTS-GLI-00791-000,108,0.0703,922,13109,922.0,13109.0
BraTS-GLI-00791-000,109,0.0556,713,12834,713.0,12834.0
BraTS-GLI-00791-000,110,0.0479,598,12480,598.0,12480.0
BraTS-GLI-00791-000,111,0.0413,504,12199,504.0,12199.0
BraTS-GLI-00791-000,112,0.0356,422,11866,422.0,11866.0
BraTS-GLI-00791-000,113,0.0322,373,11567,373.0,11567.0
BraTS-GLI-00791-000,114,0.0224,253,11296,253.0,11296.0
BraTS-GLI-00791-000,115,0.0209,228,10913,228.0,10913.0
BraTS-GLI-01533-000,40,0.0879,1198,13627,1198.0,13627.0
BraTS-GLI-01533-000,41,0.0902,1247,13826,1247.0,13826.0
BraTS-GLI-01533-000,42,0.094,1318,14022,1318.0,14022.0
BraTS-GLI-01533-000,43,0.1024,1448,14142,1448.0,14142.0
BraTS-GLI-01533-000,44,0.1053,1497,14210,1497.0,14210.0
BraTS-GLI-01533-000,45,0.1007,1438,14273,1438.0,14273.0
BraTS-GLI-01533-000,46,0.1023,1466,14330,1466.0,14330.0
BraTS-GLI-01533-000,47,0.107,1544,14424,1544.0,14424.0
BraTS-GLI-01533-000,48,0.114,1652,14492,1652.0,14492.0
BraTS-GLI-01533-000,49,0.113,1639,14501,1639.0,14501.0
BraTS-GLI-01533-000,50,0.1035,1511,14605,1511.0,14605.0
BraTS-GLI-01533-000,51,0.1018,1507,14798,1507.0,14798.0
BraTS-GLI-01533-000,52,0.1199,1842,15360,1842.0,15360.0
BraTS-GLI-01533-000,53,0.1355,2131,15732,2131.0,15732.0
BraTS-GLI-01533-000,54,0.149,2345,15742,2345.0,15742.0
BraTS-GLI-01533-000,55,0.1599,2517,15739,2517.0,15739.0
BraTS-GLI-01533-000,56,0.1762,2771,15729,2771.0,15729.0
BraTS-GLI-01533-000,57,0.1821,2941,16153,2941.0,16153.0
BraTS-GLI-01533-000,58,0.2279,3874,16999,3874.0,16999.0
BraTS-GLI-01533-000,59,0.2351,4006,17043,4006.0,17043.0
BraTS-GLI-01533-000,60,0.2411,4110,17050,4110.0,17050.0
BraTS-GLI-01533-000,61,0.2498,4263,17066,4263.0,17066.0
BraTS-GLI-01533-000,62,0.2563,4409,17200,4409.0,17200.0
BraTS-GLI-01533-000,63,0.2679,4679,17464,4679.0,17464.0
BraTS-GLI-01533-000,64,0.2729,4777,17503,4777.0,17503.0
BraTS-GLI-01533-000,65,0.2786,4883,17530,4883.0,17530.0
BraTS-GLI-01533-000,66,0.2841,4977,17519,4977.0,17519.0
BraTS-GLI-01533-000,67,0.2809,4987,17753,4987.0,17753.0
BraTS-GLI-01533-000,68,0.3018,5520,18290,5520.0,18290.0
BraTS-GLI-01533-000,69,0.3139,5757,18339,5757.0,18339.0
BraTS-GLI-01533-000,70,0.3139,5754,18330,5754.0,18330.0
BraTS-GLI-01533-000,71,0.3146,5810,18466,5810.0,18466.0
BraTS-GLI-01533-000,72,0.312,5851,18754,5851.0,18754.0
BraTS-GLI-01533-000,73,0.3138,5895,18786,5895.0,18786.0
BraTS-GLI-01533-000,74,0.3176,5985,18846,5985.0,18846.0
BraTS-GLI-01533-000,75,0.3196,6023,18847,6023.0,18847.0
BraTS-GLI-01533-000,76,0.318,5985,18822,5985.0,18822.0
BraTS-GLI-01533-000,77,0.3219,6058,18820,6058.0,18820.0
BraTS-GLI-01533-000,78,0.3246,6105,18805,6105.0,18805.0
BraTS-GLI-01533-000,79,0.327,6124,18730,6124.0,18730.0
BraTS-GLI-01533-000,80,0.3306,6175,18680,6175.0,18680.0
BraTS-GLI-01533-000,81,0.332,6189,18644,6189.0,18644.0
BraTS-GLI-01533-000,82,0.3346,6219,18585,6219.0,18585.0
BraTS-GLI-01533-000,83,0.3388,6280,18536,6280.0,18536.0
BraTS-GLI-01533-000,84,0.3392,6263,18464,6263.0,18464.0
BraTS-GLI-01533-000,85,0.3411,6267,18375,6267.0,18375.0
BraTS-GLI-01533-000,86,0.3424,6251,18257,6251.0,18257.0
BraTS-GLI-01533-000,87,0.3469,6293,18143,6293.0,18143.0
BraTS-GLI-01533-000,88,0.3567,6425,18014,6425.0,18014.0
BraTS-GLI-01533-000,89,0.3595,6426,17877,6426.0,17877.0
BraTS-GLI-01533-000,90,0.3619,6416,17727,6416.0,17727.0
BraTS-GLI-01533-000,91,0.3615,6379,17645,6379.0,17645.0
BraTS-GLI-01533-000,92,0.3612,6333,17531,6333.0,17531.0
BraTS-GLI-01533-000,93,0.357,6185,17326,6185.0,17326.0
BraTS-GLI-01533-000,94,0.3558,6107,17165,6107.0,17165.0
BraTS-GLI-01533-000,95,0.3542,6038,17046,6038.0,17046.0
BraTS-GLI-01533-000,96,0.3493,5909,16917,5909.0,16917.0
BraTS-GLI-01533-000,97,0.351,5887,16774,5887.0,16774.0
BraTS-GLI-01533-000,98,0.3534,5858,16578,5858.0,16578.0
BraTS-GLI-01533-000,99,0.3536,5786,16363,5786.0,16363.0
BraTS-GLI-01533-000,100,0.3528,5659,16042,5659.0,16042.0
BraTS-GLI-01533-000,101,0.3511,5547,15798,5547.0,15798.0
BraTS-GLI-01533-000,102,0.3596,5596,15560,5596.0,15560.0
BraTS-GLI-01533-000,103,0.3396,5174,15234,5174.0,15234.0
BraTS-GLI-01533-000,104,0.3403,5095,14971,5095.0,14971.0
BraTS-GLI-01533-000,105,0.3321,4900,14756,4900.0,14756.0
BraTS-GLI-01533-000,106,0.3276,4767,14552,4767.0,14552.0
BraTS-GLI-01533-000,107,0.3217,4604,14310,4604.0,14310.0
BraTS-GLI-01533-000,108,0.3106,4369,14066,4369.0,14066.0
BraTS-GLI-01533-000,109,0.2932,4017,13699,4017.0,13699.0
BraTS-GLI-01533-000,110,0.2807,3746,13347,3746.0,13347.0
BraTS-GLI-01533-000,111,0.2442,3185,13041,3185.0,13041.0
BraTS-GLI-01533-000,112,0.2386,3042,12748,3042.0,12748.0
BraTS-GLI-01533-000,113,0.2311,2866,12401,2866.0,12401.0
BraTS-GLI-01533-000,114,0.2191,2653,12107,2653.0,12107.0
BraTS-GLI-01533-000,115,0.2204,2582,11717,2582.0,11717.0
BraTS-GLI-00100-000,61,0.0027,39,14299,39.0,14299.0
BraTS-GLI-00100-000,62,0.0059,84,14334,84.0,14334.0
BraTS-GLI-00100-000,63,0.0111,162,14586,162.0,14586.0
BraTS-GLI-00100-000,64,0.0152,223,14702,223.0,14702.0
BraTS-GLI-00100-000,65,0.0202,301,14931,301.0,14931.0
BraTS-GLI-00100-000,66,0.0248,372,14971,372.0,14971.0
BraTS-GLI-00100-000,67,0.0298,454,15230,454.0,15230.0
BraTS-GLI-00100-000,68,0.0342,524,15306,524.0,15306.0
BraTS-GLI-00100-000,69,0.0368,571,15519,571.0,15519.0
BraTS-GLI-00100-000,70,0.0398,621,15595,621.0,15595.0
BraTS-GLI-00100-000,71,0.0418,667,15975,667.0,15975.0
BraTS-GLI-00100-000,72,0.0437,700,16033,700.0,16033.0
BraTS-GLI-00100-000,73,0.0482,781,16216,781.0,16216.0
BraTS-GLI-00100-000,74,0.0556,904,16264,904.0,16264.0
BraTS-GLI-00100-000,75,0.0636,1043,16395,1043.0,16395.0
BraTS-GLI-00100-000,76,0.0721,1183,16405,1183.0,16405.0
BraTS-GLI-00100-000,77,0.0816,1344,16467,1344.0,16467.0
BraTS-GLI-00100-000,78,0.0895,1473,16452,1473.0,16452.0
BraTS-GLI-00100-000,79,0.0986,1622,16455,1622.0,16455.0
BraTS-GLI-00100-000,80,0.1092,1794,16427,1794.0,16427.0
BraTS-GLI-00100-000,81,0.1172,1923,16410,1923.0,16410.0
BraTS-GLI-00100-000,82,0.1245,2042,16397,2042.0,16397.0
BraTS-GLI-00100-000,83,0.1304,2136,16380,2136.0,16380.0
BraTS-GLI-00100-000,84,0.1335,2181,16342,2181.0,16342.0
BraTS-GLI-00100-000,85,0.1358,2208,16265,2208.0,16265.0
BraTS-GLI-00100-000,86,0.1388,2248,16201,2248.0,16201.0
BraTS-GLI-00100-000,87,0.1397,2251,16110,2251.0,16110.0
BraTS-GLI-00100-000,88,0.1438,2308,16049,2308.0,16049.0
BraTS-GLI-00100-000,89,0.1467,2339,15940,2339.0,15940.0
BraTS-GLI-00100-000,90,0.148,2348,15864,2348.0,15864.0
BraTS-GLI-00100-000,91,0.1486,2336,15719,2336.0,15719.0
BraTS-GLI-00100-000,92,0.1492,2328,15598,2328.0,15598.0
BraTS-GLI-00100-000,93,0.1502,2323,15470,2323.0,15470.0
BraTS-GLI-00100-000,94,0.1519,2334,15361,2334.0,15361.0
BraTS-GLI-00100-000,95,0.153,2327,15208,2327.0,15208.0
BraTS-GLI-00100-000,96,0.1537,2316,15068,2316.0,15068.0
BraTS-GLI-00100-000,97,0.1542,2295,14879,2295.0,14879.0
BraTS-GLI-00100-000,98,0.1528,2248,14708,2248.0,14708.0
BraTS-GLI-00100-000,99,0.1527,2215,14501,2215.0,14501.0
BraTS-GLI-00100-000,100,0.1516,2162,14263,2162.0,14263.0
BraTS-GLI-00100-000,101,0.1519,2125,13992,2125.0,13992.0
BraTS-GLI-00100-000,102,0.1515,2081,13736,2081.0,13736.0
BraTS-GLI-00100-000,103,0.1525,2051,13448,2051.0,13448.0
BraTS-GLI-00100-000,104,0.1524,2010,13186,2010.0,13186.0
BraTS-GLI-00100-000,105,0.1509,1948,12912,1948.0,12912.0
BraTS-GLI-00100-000,106,0.1505,1902,12634,1902.0,12634.0
BraTS-GLI-00100-000,107,0.1509,1869,12383,1869.0,12383.0
BraTS-GLI-00100-000,108,0.1534,1860,12125,1860.0,12125.0
BraTS-GLI-00100-000,109,0.1544,1828,11837,1828.0,11837.0
BraTS-GLI-00100-000,110,0.1531,1769,11555,1769.0,11555.0
BraTS-GLI-00100-000,111,0.1474,1654,11221,1654.0,11221.0
BraTS-GLI-00100-000,112,0.1421,1547,10884,1547.0,10884.0
BraTS-GLI-00100-000,113,0.1355,1431,10560,1431.0,10560.0
BraTS-GLI-00100-000,114,0.1283,1322,10303,1322.0,10303.0
BraTS-GLI-00100-000,115,0.1246,1249,10021,1249.0,10021.0
BraTS-GLI-01135-000,65,0.0009,15,16480,15.0,16480.0
BraTS-GLI-01135-000,66,0.0037,61,16634,61.0,16634.0
BraTS-GLI-01135-000,67,0.0101,170,16791,170.0,16791.0
BraTS-GLI-01135-000,68,0.0159,270,16929,270.0,16929.0
BraTS-GLI-01135-000,69,0.021,358,17041,358.0,17041.0
BraTS-GLI-01135-000,70,0.0252,432,17161,432.0,17161.0
BraTS-GLI-01135-000,71,0.0291,503,17280,503.0,17280.0
BraTS-GLI-01135-000,72,0.0337,585,17381,585.0,17381.0
BraTS-GLI-01135-000,73,0.0399,697,17489,697.0,17489.0
BraTS-GLI-01135-000,74,0.0483,848,17558,848.0,17558.0
BraTS-GLI-01135-000,75,0.0599,1054,17586,1054.0,17586.0
BraTS-GLI-01135-000,76,0.0762,1340,17593,1340.0,17593.0
BraTS-GLI-01135-000,77,0.0899,1583,17601,1583.0,17601.0
BraTS-GLI-01135-000,78,0.1001,1761,17589,1761.0,17589.0
BraTS-GLI-01135-000,79,0.1148,2013,17542,2013.0,17542.0
BraTS-GLI-01135-000,80,0.1255,2197,17505,2197.0,17505.0
BraTS-GLI-01135-000,81,0.1374,2396,17444,2396.0,17444.0
BraTS-GLI-01135-000,82,0.1491,2594,17397,2594.0,17397.0
BraTS-GLI-01135-000,83,0.1611,2790,17317,2790.0,17317.0
BraTS-GLI-01135-000,84,0.1754,3024,17238,3024.0,17238.0
BraTS-GLI-01135-000,85,0.1866,3196,17131,3196.0,17131.0
BraTS-GLI-01135-000,86,0.1954,3328,17034,3328.0,17034.0
BraTS-GLI-01135-000,87,0.2053,3475,16929,3475.0,16929.0
BraTS-GLI-01135-000,88,0.2101,3534,16818,3534.0,16818.0
BraTS-GLI-01135-000,89,0.2115,3530,16689,3530.0,16689.0
BraTS-GLI-01135-000,90,0.2153,3567,16571,3567.0,16571.0
BraTS-GLI-01135-000,91,0.2187,3596,16439,3596.0,16439.0
BraTS-GLI-01135-000,92,0.2209,3605,16320,3605.0,16320.0
BraTS-GLI-01135-000,93,0.2218,3585,16164,3585.0,16164.0
BraTS-GLI-01135-000,94,0.2207,3540,16037,3540.0,16037.0
BraTS-GLI-01135-000,95,0.2198,3497,15908,3497.0,15908.0
BraTS-GLI-01135-000,96,0.2195,3445,15693,3445.0,15693.0
BraTS-GLI-01135-000,97,0.2165,3372,15577,3372.0,15577.0
BraTS-GLI-01135-000,98,0.216,3325,15396,3325.0,15396.0
BraTS-GLI-01135-000,99,0.2163,3293,15224,3293.0,15224.0
BraTS-GLI-01135-000,100,0.2186,3290,15050,3290.0,15050.0
BraTS-GLI-01135-000,101,0.2188,3251,14861,3251.0,14861.0
BraTS-GLI-01135-000,102,0.2208,3236,14653,3236.0,14653.0
BraTS-GLI-01135-000,103,0.2217,3200,14433,3200.0,14433.0
BraTS-GLI-01135-000,104,0.2209,3138,14203,3138.0,14203.0
BraTS-GLI-01135-000,105,0.2186,3054,13969,3054.0,13969.0
BraTS-GLI-01135-000,106,0.2142,2939,13724,2939.0,13724.0
BraTS-GLI-01135-000,107,0.209,2815,13467,2815.0,13467.0
BraTS-GLI-01135-000,108,0.1952,2574,13188,2574.0,13188.0
BraTS-GLI-01135-000,109,0.1831,2365,12915,2365.0,12915.0
BraTS-GLI-01135-000,110,0.1766,2227,12612,2227.0,12612.0
BraTS-GLI-01135-000,111,0.17,2095,12327,2095.0,12327.0
BraTS-GLI-01135-000,112,0.1684,2023,12016,2023.0,12016.0
BraTS-GLI-01135-000,113,0.1643,1922,11695,1922.0,11695.0
BraTS-GLI-01135-000,114,0.1623,1847,11381,1847.0,11381.0
BraTS-GLI-01135-000,115,0.1602,1769,11041,1769.0,11041.0
BraTS-GLI-00108-000,40,0.1154,1419,12297,1419.0,12297.0
BraTS-GLI-00108-000,41,0.1117,1397,12504,1397.0,12504.0
BraTS-GLI-00108-000,42,0.1132,1425,12590,1425.0,12590.0
BraTS-GLI-00108-000,43,0.1149,1465,12750,1465.0,12750.0
BraTS-GLI-00108-000,44,0.1192,1531,12840,1531.0,12840.0
BraTS-GLI-00108-000,45,0.1246,1616,12972,1616.0,12972.0
BraTS-GLI-00108-000,46,0.1368,1786,13054,1786.0,13054.0
BraTS-GLI-00108-000,47,0.1389,1850,13322,1850.0,13322.0
BraTS-GLI-00108-000,48,0.1441,1947,13507,1947.0,13507.0
BraTS-GLI-00108-000,49,0.1455,2049,14081,2049.0,14081.0
BraTS-GLI-00108-000,50,0.1471,2105,14308,2105.0,14308.0
BraTS-GLI-00108-000,51,0.1478,2189,14807,2189.0,14807.0
BraTS-GLI-00108-000,52,0.147,2193,14921,2193.0,14921.0
BraTS-GLI-00108-000,53,0.1403,2170,15463,2170.0,15463.0
BraTS-GLI-00108-000,54,0.1389,2160,15553,2160.0,15553.0
BraTS-GLI-00108-000,55,0.1295,2070,15984,2070.0,15984.0
BraTS-GLI-00108-000,56,0.1266,2038,16094,2038.0,16094.0
BraTS-GLI-00108-000,57,0.1218,2003,16450,2003.0,16450.0
BraTS-GLI-00108-000,58,0.1188,1961,16511,1961.0,16511.0
BraTS-GLI-00108-000,59,0.1118,1882,16829,1882.0,16829.0
BraTS-GLI-00108-000,60,0.1125,1903,16913,1903.0,16913.0
BraTS-GLI-00108-000,61,0.1071,1838,17158,1838.0,17158.0
BraTS-GLI-00108-000,62,0.1086,1868,17202,1868.0,17202.0
BraTS-GLI-00108-000,63,0.1048,1828,17440,1828.0,17440.0
BraTS-GLI-00108-000,64,0.105,1834,17462,1834.0,17462.0
BraTS-GLI-00108-000,65,0.1029,1811,17594,1811.0,17594.0
BraTS-GLI-00108-000,66,0.1054,1855,17606,1855.0,17606.0
BraTS-GLI-00108-000,67,0.1018,1797,17652,1797.0,17652.0
BraTS-GLI-00108-000,68,0.0978,1725,17641,1725.0,17641.0
BraTS-GLI-00108-000,69,0.0915,1612,17619,1612.0,17619.0
BraTS-GLI-00108-000,70,0.0763,1343,17606,1343.0,17606.0
BraTS-GLI-00108-000,71,0.0684,1207,17646,1207.0,17646.0
BraTS-GLI-00108-000,72,0.0564,995,17645,995.0,17645.0
BraTS-GLI-00108-000,73,0.0443,780,17622,780.0,17622.0
BraTS-GLI-00108-000,74,0.0387,681,17610,681.0,17610.0
BraTS-GLI-00108-000,75,0.0363,636,17541,636.0,17541.0
BraTS-GLI-00108-000,76,0.0316,554,17522,554.0,17522.0
BraTS-GLI-00108-000,77,0.028,487,17419,487.0,17419.0
BraTS-GLI-00108-000,78,0.0234,406,17374,406.0,17374.0
BraTS-GLI-00108-000,79,0.0196,339,17307,339.0,17307.0
BraTS-GLI-00108-000,80,0.016,276,17270,276.0,17270.0
BraTS-GLI-00108-000,81,0.0155,266,17175,266.0,17175.0
BraTS-GLI-00108-000,82,0.0132,226,17131,226.0,17131.0
BraTS-GLI-00108-000,83,0.0111,189,16990,189.0,16990.0
BraTS-GLI-00108-000,84,0.0008,13,16924,13.0,16924.0
BraTS-GLI-00108-000,85,0.0001,1,16792,1.0,16792.0
BraTS-GLI-01030-000,40,0.1438,1655,11509,1655.0,11509.0
BraTS-GLI-01030-000,41,0.1542,1806,11714,1806.0,11714.0
BraTS-GLI-01030-000,42,0.1648,1958,11883,1958.0,11883.0
BraTS-GLI-01030-000,43,0.1774,2141,12066,2141.0,12066.0
BraTS-GLI-01030-000,44,0.1835,2229,12144,2229.0,12144.0
BraTS-GLI-01030-000,45,0.1859,2270,12212,2270.0,12212.0
BraTS-GLI-01030-000,46,0.1863,2295,12319,2295.0,12319.0
BraTS-GLI-01030-000,47,0.189,2344,12405,2344.0,12405.0
BraTS-GLI-01030-000,48,0.1996,2480,12422,2480.0,12422.0
BraTS-GLI-01030-000,49,0.2035,2555,12558,2555.0,12558.0
BraTS-GLI-01030-000,50,0.2079,2656,12778,2656.0,12778.0
BraTS-GLI-01030-000,51,0.2101,2798,13317,2798.0,13317.0
BraTS-GLI-01030-000,52,0.211,2955,14005,2955.0,14005.0
BraTS-GLI-01030-000,53,0.216,3055,14141,3055.0,14141.0
BraTS-GLI-01030-000,54,0.2192,3122,14243,3122.0,14243.0
BraTS-GLI-01030-000,55,0.2187,3145,14381,3145.0,14381.0
BraTS-GLI-01030-000,56,0.2143,3119,14554,3119.0,14554.0
BraTS-GLI-01030-000,57,0.2112,3101,14685,3101.0,14685.0
BraTS-GLI-01030-000,58,0.2061,3067,14883,3067.0,14883.0
BraTS-GLI-01030-000,59,0.203,3043,14988,3043.0,14988.0
BraTS-GLI-01030-000,60,0.2,3010,15052,3010.0,15052.0
BraTS-GLI-01030-000,61,0.1969,2990,15187,2990.0,15187.0
BraTS-GLI-01030-000,62,0.1931,2956,15306,2956.0,15306.0
BraTS-GLI-01030-000,63,0.1911,2944,15409,2944.0,15409.0
BraTS-GLI-01030-000,64,0.1881,2930,15578,2930.0,15578.0
BraTS-GLI-01030-000,65,0.187,2927,15649,2927.0,15649.0
BraTS-GLI-01030-000,66,0.1826,2923,16008,2923.0,16008.0
BraTS-GLI-01030-000,67,0.1803,2911,16145,2911.0,16145.0
BraTS-GLI-01030-000,68,0.1788,2905,16245,2905.0,16245.0
BraTS-GLI-01030-000,69,0.1761,2874,16321,2874.0,16321.0
BraTS-GLI-01030-000,70,0.1739,2856,16423,2856.0,16423.0
BraTS-GLI-01030-000,71,0.1713,2816,16438,2816.0,16438.0
BraTS-GLI-01030-000,72,0.168,2769,16486,2769.0,16486.0
BraTS-GLI-01030-000,73,0.1643,2714,16520,2714.0,16520.0
BraTS-GLI-01030-000,74,0.1608,2656,16515,2656.0,16515.0
BraTS-GLI-01030-000,75,0.1555,2575,16558,2575.0,16558.0
BraTS-GLI-01030-000,76,0.1498,2485,16589,2485.0,16589.0
BraTS-GLI-01030-000,77,0.1423,2363,16611,2363.0,16611.0
BraTS-GLI-01030-000,78,0.134,2220,16571,2220.0,16571.0
BraTS-GLI-01030-000,79,0.1245,2058,16524,2058.0,16524.0
BraTS-GLI-01030-000,80,0.1152,1898,16482,1898.0,16482.0
BraTS-GLI-01030-000,81,0.1087,1791,16479,1791.0,16479.0
BraTS-GLI-01030-000,82,0.1032,1701,16487,1701.0,16487.0
BraTS-GLI-01030-000,83,0.0976,1605,16447,1605.0,16447.0
BraTS-GLI-01030-000,84,0.0893,1462,16378,1462.0,16378.0
BraTS-GLI-01030-000,85,0.0771,1259,16335,1259.0,16335.0
BraTS-GLI-01030-000,86,0.0666,1082,16252,1082.0,16252.0
BraTS-GLI-01030-000,87,0.059,953,16148,953.0,16148.0
BraTS-GLI-01030-000,88,0.0512,821,16022,821.0,16022.0
BraTS-GLI-01030-000,89,0.0444,706,15915,706.0,15915.0
BraTS-GLI-01030-000,90,0.0355,559,15746,559.0,15746.0
BraTS-GLI-01030-000,91,0.0239,374,15622,374.0,15622.0
BraTS-GLI-01030-000,92,0.0156,241,15477,241.0,15477.0
BraTS-GLI-01030-000,93,0.0098,151,15346,151.0,15346.0
BraTS-GLI-01030-000,94,0.0053,80,15232,80.0,15232.0
BraTS-GLI-01030-000,95,0.002,30,15068,30.0,15068.0
BraTS-GLI-00457-000,40,0.0586,747,12744,747.0,12744.0
BraTS-GLI-00457-000,41,0.0671,864,12873,864.0,12873.0
BraTS-GLI-00457-000,42,0.0769,999,12993,999.0,12993.0
BraTS-GLI-00457-000,43,0.089,1170,13144,1170.0,13144.0
BraTS-GLI-00457-000,44,0.0936,1241,13256,1241.0,13256.0
BraTS-GLI-00457-000,45,0.0983,1316,13392,1316.0,13392.0
BraTS-GLI-00457-000,46,0.1021,1378,13499,1378.0,13499.0
BraTS-GLI-00457-000,47,0.1051,1435,13657,1435.0,13657.0
BraTS-GLI-00457-000,48,0.102,1513,14830,1513.0,14830.0
BraTS-GLI-00457-000,49,0.1061,1605,15123,1605.0,15123.0
BraTS-GLI-00457-000,50,0.1081,1660,15354,1660.0,15354.0
BraTS-GLI-00457-000,51,0.1071,1661,15514,1661.0,15514.0
BraTS-GLI-00457-000,52,0.1074,1693,15760,1693.0,15760.0
BraTS-GLI-00457-000,53,0.1066,1707,16018,1707.0,16018.0
BraTS-GLI-00457-000,54,0.1074,1739,16193,1739.0,16193.0
BraTS-GLI-00457-000,55,0.1105,1806,16342,1806.0,16342.0
BraTS-GLI-00457-000,56,0.1129,1861,16480,1861.0,16480.0
BraTS-GLI-00457-000,57,0.1146,1914,16700,1914.0,16700.0
BraTS-GLI-00457-000,58,0.1148,1954,17023,1954.0,17023.0
BraTS-GLI-00457-000,59,0.1157,1998,17274,1998.0,17274.0
BraTS-GLI-00457-000,60,0.1153,2019,17511,2019.0,17511.0
BraTS-GLI-00457-000,61,0.1163,2048,17605,2048.0,17605.0
BraTS-GLI-00457-000,62,0.1181,2099,17772,2099.0,17772.0
BraTS-GLI-00457-000,63,0.1194,2148,17987,2148.0,17987.0
BraTS-GLI-00457-000,64,0.1197,2169,18117,2169.0,18117.0
BraTS-GLI-00457-000,65,0.1198,2188,18258,2188.0,18258.0
BraTS-GLI-00457-000,66,0.1198,2196,18338,2196.0,18338.0
BraTS-GLI-00457-000,67,0.1192,2199,18455,2199.0,18455.0
BraTS-GLI-00457-000,68,0.1194,2207,18480,2207.0,18480.0
BraTS-GLI-00457-000,69,0.1195,2211,18505,2211.0,18505.0
BraTS-GLI-00457-000,70,0.1189,2204,18542,2204.0,18542.0
BraTS-GLI-00457-000,71,0.1178,2189,18577,2189.0,18577.0
BraTS-GLI-00457-000,72,0.1157,2150,18580,2150.0,18580.0
BraTS-GLI-00457-000,73,0.1132,2101,18554,2101.0,18554.0
BraTS-GLI-00457-000,74,0.1103,2047,18551,2047.0,18551.0
BraTS-GLI-00457-000,75,0.1076,1995,18534,1995.0,18534.0
BraTS-GLI-00457-000,76,0.1045,1934,18499,1934.0,18499.0
BraTS-GLI-00457-000,77,0.1009,1863,18468,1863.0,18468.0
BraTS-GLI-00457-000,78,0.0957,1766,18461,1766.0,18461.0
BraTS-GLI-00457-000,79,0.0913,1684,18441,1684.0,18441.0
BraTS-GLI-00457-000,80,0.0842,1556,18471,1556.0,18471.0
BraTS-GLI-00457-000,81,0.0727,1343,18469,1343.0,18469.0
BraTS-GLI-00457-000,82,0.063,1162,18441,1162.0,18441.0
BraTS-GLI-00457-000,83,0.0554,1018,18391,1018.0,18391.0
BraTS-GLI-00457-000,84,0.051,935,18327,935.0,18327.0
BraTS-GLI-00457-000,85,0.0463,845,18231,845.0,18231.0
BraTS-GLI-00457-000,86,0.0391,708,18094,708.0,18094.0
BraTS-GLI-00457-000,87,0.0271,487,18003,487.0,18003.0
BraTS-GLI-00457-000,88,0.0204,365,17891,365.0,17891.0
BraTS-GLI-00457-000,89,0.0152,271,17783,271.0,17783.0
BraTS-GLI-00457-000,90,0.0105,185,17676,185.0,17676.0
BraTS-GLI-00457-000,91,0.0067,117,17526,117.0,17526.0
BraTS-GLI-00457-000,92,0.0029,51,17361,51.0,17361.0
BraTS-GLI-00457-000,93,0.0006,10,17239,10.0,17239.0
BraTS-GLI-01274-000,44,0.0024,27,11067,27.0,11067.0
BraTS-GLI-01274-000,45,0.0509,576,11317,576.0,11317.0
BraTS-GLI-01274-000,46,0.0609,701,11520,701.0,11520.0
BraTS-GLI-01274-000,47,0.0675,789,11683,789.0,11683.0
BraTS-GLI-01274-000,48,0.0733,867,11832,867.0,11832.0
BraTS-GLI-01274-000,49,0.0839,1005,11972,1005.0,11972.0
BraTS-GLI-01274-000,50,0.0817,990,12123,990.0,12123.0
BraTS-GLI-01274-000,51,0.0806,997,12367,997.0,12367.0
BraTS-GLI-01274-000,52,0.0837,1080,12899,1080.0,12899.0
BraTS-GLI-01274-000,53,0.0801,1085,13553,1085.0,13553.0
BraTS-GLI-01274-000,54,0.0786,1103,14041,1103.0,14041.0
BraTS-GLI-01274-000,55,0.0761,1102,14481,1102.0,14481.0
BraTS-GLI-01274-000,56,0.0709,1051,14816,1051.0,14816.0
BraTS-GLI-01274-000,57,0.0684,1035,15125,1035.0,15125.0
BraTS-GLI-01274-000,58,0.0751,1156,15401,1156.0,15401.0
BraTS-GLI-01274-000,59,0.0789,1231,15595,1231.0,15595.0
BraTS-GLI-01274-000,60,0.0835,1315,15751,1315.0,15751.0
BraTS-GLI-01274-000,61,0.0869,1382,15909,1382.0,15909.0
BraTS-GLI-01274-000,62,0.093,1494,16058,1494.0,16058.0
BraTS-GLI-01274-000,63,0.0934,1513,16202,1513.0,16202.0
BraTS-GLI-01274-000,64,0.0906,1483,16361,1483.0,16361.0
BraTS-GLI-01274-000,65,0.0938,1547,16499,1547.0,16499.0
BraTS-GLI-01274-000,66,0.0925,1541,16662,1541.0,16662.0
BraTS-GLI-01274-000,67,0.0911,1532,16812,1532.0,16812.0
BraTS-GLI-01274-000,68,0.094,1590,16917,1590.0,16917.0
BraTS-GLI-01274-000,69,0.0902,1536,17027,1536.0,17027.0
BraTS-GLI-01274-000,70,0.0861,1475,17127,1475.0,17127.0
BraTS-GLI-01274-000,71,0.087,1494,17178,1494.0,17178.0
BraTS-GLI-01274-000,72,0.0855,1474,17234,1474.0,17234.0
BraTS-GLI-01274-000,73,0.0841,1453,17273,1453.0,17273.0
BraTS-GLI-01274-000,74,0.0784,1356,17299,1356.0,17299.0
BraTS-GLI-01274-000,75,0.0781,1352,17318,1352.0,17318.0
BraTS-GLI-01274-000,76,0.0722,1248,17296,1248.0,17296.0
BraTS-GLI-01274-000,77,0.0642,1107,17237,1107.0,17237.0
BraTS-GLI-01274-000,78,0.0401,688,17174,688.0,17174.0
BraTS-GLI-01274-000,79,0.0269,461,17106,461.0,17106.0
BraTS-GLI-01274-000,80,0.0225,383,17051,383.0,17051.0
BraTS-GLI-01274-000,81,0.0208,354,16992,354.0,16992.0
BraTS-GLI-01274-000,82,0.014,237,16947,237.0,16947.0
BraTS-GLI-01274-000,83,0.0159,268,16855,268.0,16855.0
BraTS-GLI-01274-000,84,0.014,234,16761,234.0,16761.0
BraTS-GLI-01274-000,85,0.0071,118,16661,118.0,16661.0
BraTS-GLI-01274-000,86,0.0021,34,16572,34.0,16572.0
BraTS-GLI-01215-000,40,0.011,149,13565,149.0,13565.0
BraTS-GLI-01215-000,41,0.0154,211,13708,211.0,13708.0
BraTS-GLI-01215-000,42,0.02,277,13866,277.0,13866.0
BraTS-GLI-01215-000,43,0.0248,347,13968,347.0,13968.0
BraTS-GLI-01215-000,44,0.0287,404,14085,404.0,14085.0
BraTS-GLI-01215-000,45,0.0343,486,14172,486.0,14172.0
BraTS-GLI-01215-000,46,0.0378,539,14277,539.0,14277.0
BraTS-GLI-01215-000,47,0.043,620,14407,620.0,14407.0
BraTS-GLI-01215-000,48,0.0473,692,14635,692.0,14635.0
BraTS-GLI-01215-000,49,0.0525,789,15023,789.0,15023.0
BraTS-GLI-01215-000,50,0.0557,868,15595,868.0,15595.0
BraTS-GLI-01215-000,51,0.0607,972,16017,972.0,16017.0
BraTS-GLI-01215-000,52,0.0702,1144,16289,1144.0,16289.0
BraTS-GLI-01215-000,53,0.0781,1289,16502,1289.0,16502.0
BraTS-GLI-01215-000,54,0.0824,1377,16706,1377.0,16706.0
BraTS-GLI-01215-000,55,0.086,1450,16869,1450.0,16869.0
BraTS-GLI-01215-000,56,0.09,1533,17036,1533.0,17036.0
BraTS-GLI-01215-000,57,0.0944,1625,17219,1625.0,17219.0
BraTS-GLI-01215-000,58,0.1009,1754,17391,1754.0,17391.0
BraTS-GLI-01215-000,59,0.105,1844,17566,1844.0,17566.0
BraTS-GLI-01215-000,60,0.1114,1979,17767,1979.0,17767.0
BraTS-GLI-01215-000,61,0.1157,2076,17943,2076.0,17943.0
BraTS-GLI-01215-000,62,0.1188,2150,18102,2150.0,18102.0
BraTS-GLI-01215-000,63,0.1196,2187,18286,2187.0,18286.0
BraTS-GLI-01215-000,64,0.1195,2204,18437,2204.0,18437.0
BraTS-GLI-01215-000,65,0.1209,2246,18581,2246.0,18581.0
BraTS-GLI-01215-000,66,0.1225,2288,18684,2288.0,18684.0
BraTS-GLI-01215-000,67,0.12,2253,18773,2253.0,18773.0
BraTS-GLI-01215-000,68,0.1177,2219,18848,2219.0,18848.0
BraTS-GLI-01215-000,69,0.1162,2197,18908,2197.0,18908.0
BraTS-GLI-01215-000,70,0.1153,2184,18949,2184.0,18949.0
BraTS-GLI-01215-000,71,0.1156,2195,18984,2195.0,18984.0
BraTS-GLI-01215-000,72,0.1197,2273,18986,2273.0,18986.0
BraTS-GLI-01215-000,73,0.1257,2386,18983,2386.0,18983.0
BraTS-GLI-01215-000,74,0.1305,2478,18982,2478.0,18982.0
BraTS-GLI-01215-000,75,0.1331,2522,18948,2522.0,18948.0
BraTS-GLI-01215-000,76,0.1336,2528,18922,2528.0,18922.0
BraTS-GLI-01215-000,77,0.1393,2629,18872,2629.0,18872.0
BraTS-GLI-01215-000,78,0.145,2728,18809,2728.0,18809.0
BraTS-GLI-01215-000,79,0.1471,2757,18747,2757.0,18747.0
BraTS-GLI-01215-000,80,0.1479,2764,18690,2764.0,18690.0
BraTS-GLI-01215-000,81,0.15,2793,18624,2793.0,18624.0
BraTS-GLI-01215-000,82,0.1506,2794,18549,2794.0,18549.0
BraTS-GLI-01215-000,83,0.1504,2774,18446,2774.0,18446.0
BraTS-GLI-01215-000,84,0.1493,2738,18338,2738.0,18338.0
BraTS-GLI-01215-000,85,0.1492,2718,18223,2718.0,18223.0
BraTS-GLI-01215-000,86,0.1506,2725,18089,2725.0,18089.0
BraTS-GLI-01215-000,87,0.1515,2724,17975,2724.0,17975.0
BraTS-GLI-01215-000,88,0.1524,2718,17833,2718.0,17833.0
BraTS-GLI-01215-000,89,0.1507,2667,17695,2667.0,17695.0
BraTS-GLI-01215-000,90,0.1492,2616,17537,2616.0,17537.0
BraTS-GLI-01215-000,91,0.1443,2507,17372,2507.0,17372.0
BraTS-GLI-01215-000,92,0.1403,2417,17229,2417.0,17229.0
BraTS-GLI-01215-000,93,0.1366,2326,17033,2326.0,17033.0
BraTS-GLI-01215-000,94,0.1339,2254,16835,2254.0,16835.0
BraTS-GLI-01215-000,95,0.1307,2171,16616,2171.0,16616.0
BraTS-GLI-01215-000,96,0.1244,2038,16379,2038.0,16379.0
BraTS-GLI-01215-000,97,0.1187,1915,16128,1915.0,16128.0
BraTS-GLI-01215-000,98,0.1149,1823,15861,1823.0,15861.0
BraTS-GLI-01215-000,99,0.1069,1668,15598,1668.0,15598.0
BraTS-GLI-01215-000,100,0.1013,1551,15316,1551.0,15316.0
BraTS-GLI-01215-000,101,0.0952,1429,15011,1429.0,15011.0
BraTS-GLI-01215-000,102,0.0921,1353,14697,1353.0,14697.0
BraTS-GLI-01215-000,103,0.0867,1249,14412,1249.0,14412.0
BraTS-GLI-01215-000,104,0.0808,1138,14091,1138.0,14091.0
BraTS-GLI-01215-000,105,0.0754,1040,13795,1040.0,13795.0
BraTS-GLI-01215-000,106,0.0678,911,13442,911.0,13442.0
BraTS-GLI-01215-000,107,0.0555,727,13088,727.0,13088.0
BraTS-GLI-01215-000,108,0.046,587,12750,587.0,12750.0
BraTS-GLI-01215-000,109,0.0367,455,12382,455.0,12382.0
BraTS-GLI-01215-000,110,0.0304,366,12045,366.0,12045.0
BraTS-GLI-01215-000,111,0.0134,156,11673,156.0,11673.0
BraTS-GLI-01215-000,112,0.0069,78,11292,78.0,11292.0
BraTS-GLI-01215-000,113,0.0046,50,10954,50.0,10954.0
BraTS-GLI-01215-000,114,0.0026,28,10601,28.0,10601.0
BraTS-GLI-01215-000,115,0.0008,8,10228,8.0,10228.0
BraTS-GLI-00631-000,67,0.0018,36,19462,36.0,19462.0
BraTS-GLI-00631-000,68,0.0043,84,19473,84.0,19473.0
BraTS-GLI-00631-000,69,0.0101,197,19469,197.0,19469.0
BraTS-GLI-00631-000,70,0.0162,316,19464,316.0,19464.0
BraTS-GLI-00631-000,71,0.0391,761,19459,761.0,19459.0
BraTS-GLI-00631-000,72,0.058,1126,19430,1126.0,19430.0
BraTS-GLI-00631-000,73,0.0701,1361,19425,1361.0,19425.0
BraTS-GLI-00631-000,74,0.0787,1527,19399,1527.0,19399.0
BraTS-GLI-00631-000,75,0.0885,1712,19347,1712.0,19347.0
BraTS-GLI-00631-000,76,0.1,1929,19299,1929.0,19299.0
BraTS-GLI-00631-000,77,0.1102,2120,19242,2120.0,19242.0
BraTS-GLI-00631-000,78,0.119,2280,19160,2280.0,19160.0
BraTS-GLI-00631-000,79,0.1256,2397,19085,2397.0,19085.0
BraTS-GLI-00631-000,80,0.1312,2492,18990,2492.0,18990.0
BraTS-GLI-00631-000,81,0.1354,2559,18901,2559.0,18901.0
BraTS-GLI-00631-000,82,0.1364,2566,18812,2566.0,18812.0
BraTS-GLI-00631-000,83,0.1354,2533,18713,2533.0,18713.0
BraTS-GLI-00631-000,84,0.1383,2575,18614,2575.0,18614.0
BraTS-GLI-00631-000,85,0.1433,2652,18502,2652.0,18502.0
BraTS-GLI-00631-000,86,0.1475,2713,18391,2713.0,18391.0
BraTS-GLI-00631-000,87,0.1527,2791,18280,2791.0,18280.0
BraTS-GLI-00631-000,88,0.1581,2871,18154,2871.0,18154.0
BraTS-GLI-00631-000,89,0.1623,2926,18028,2926.0,18028.0
BraTS-GLI-00631-000,90,0.1662,2974,17895,2974.0,17895.0
BraTS-GLI-00631-000,91,0.1692,3003,17749,3003.0,17749.0
BraTS-GLI-00631-000,92,0.1722,3031,17598,3031.0,17598.0
BraTS-GLI-00631-000,93,0.1747,3046,17439,3046.0,17439.0
BraTS-GLI-00631-000,94,0.1758,3036,17273,3036.0,17273.0
BraTS-GLI-00631-000,95,0.1752,2994,17087,2994.0,17087.0
BraTS-GLI-00631-000,96,0.1745,2949,16902,2949.0,16902.0
BraTS-GLI-00631-000,97,0.175,2925,16713,2925.0,16713.0
BraTS-GLI-00631-000,98,0.1745,2881,16510,2881.0,16510.0
BraTS-GLI-00631-000,99,0.1744,2844,16312,2844.0,16312.0
BraTS-GLI-00631-000,100,0.17,2738,16104,2738.0,16104.0
BraTS-GLI-00631-000,101,0.1694,2690,15881,2690.0,15881.0
BraTS-GLI-00631-000,102,0.1682,2631,15644,2631.0,15644.0
BraTS-GLI-00631-000,103,0.167,2566,15364,2566.0,15364.0
BraTS-GLI-00631-000,104,0.1658,2503,15095,2503.0,15095.0
BraTS-GLI-00631-000,105,0.1662,2454,14765,2454.0,14765.0
BraTS-GLI-00631-000,106,0.1657,2402,14493,2402.0,14493.0
BraTS-GLI-00631-000,107,0.1664,2361,14186,2361.0,14186.0
BraTS-GLI-00631-000,108,0.1664,2309,13873,2309.0,13873.0
BraTS-GLI-00631-000,109,0.1675,2273,13570,2273.0,13570.0
BraTS-GLI-00631-000,110,0.1677,2222,13252,2222.0,13252.0
BraTS-GLI-00631-000,111,0.1663,2150,12929,2150.0,12929.0
BraTS-GLI-00631-000,112,0.1663,2092,12582,2092.0,12582.0
BraTS-GLI-00631-000,113,0.165,2018,12227,2018.0,12227.0
BraTS-GLI-00631-000,114,0.1675,1992,11891,1992.0,11891.0
BraTS-GLI-00631-000,115,0.1661,1916,11534,1916.0,11534.0
BraTS-GLI-01500-000,96,0.0004,6,14266,6.0,14266.0
BraTS-GLI-01500-000,97,0.0037,51,13955,51.0,13955.0
BraTS-GLI-01500-000,98,0.0115,157,13634,157.0,13634.0
BraTS-GLI-01500-000,99,0.0172,229,13316,229.0,13316.0
BraTS-GLI-01500-000,100,0.0245,319,13009,319.0,13009.0
BraTS-GLI-01500-000,101,0.032,405,12647,405.0,12647.0
BraTS-GLI-01500-000,102,0.0372,460,12354,460.0,12354.0
BraTS-GLI-01500-000,103,0.044,529,12026,529.0,12026.0
BraTS-GLI-01500-000,104,0.0499,586,11755,586.0,11755.0
BraTS-GLI-01500-000,105,0.0574,652,11353,652.0,11353.0
BraTS-GLI-01500-000,106,0.0645,714,11070,714.0,11070.0
BraTS-GLI-01500-000,107,0.0706,754,10684,754.0,10684.0
BraTS-GLI-01500-000,108,0.0762,795,10439,795.0,10439.0
BraTS-GLI-01500-000,109,0.08,812,10156,812.0,10156.0
BraTS-GLI-01500-000,110,0.0859,851,9909,851.0,9909.0
BraTS-GLI-01500-000,111,0.0908,874,9625,874.0,9625.0
BraTS-GLI-01500-000,112,0.0948,891,9396,891.0,9396.0
BraTS-GLI-01500-000,113,0.1017,920,9042,920.0,9042.0
BraTS-GLI-01500-000,114,0.1078,939,8713,939.0,8713.0
BraTS-GLI-01500-000,115,0.1172,975,8318,975.0,8318.0
BraTS-GLI-00478-000,65,0.0006,10,17672,10.0,17672.0
BraTS-GLI-00478-000,66,0.0013,23,17638,23.0,17638.0
BraTS-GLI-00478-000,67,0.0022,39,17600,39.0,17600.0
BraTS-GLI-00478-000,68,0.0039,69,17562,69.0,17562.0
BraTS-GLI-00478-000,69,0.0069,120,17518,120.0,17518.0
BraTS-GLI-00478-000,70,0.0156,272,17479,272.0,17479.0
BraTS-GLI-00478-000,71,0.0262,457,17451,457.0,17451.0
BraTS-GLI-00478-000,72,0.0375,653,17403,653.0,17403.0
BraTS-GLI-00478-000,73,0.0501,869,17349,869.0,17349.0
BraTS-GLI-00478-000,74,0.061,1053,17275,1053.0,17275.0
BraTS-GLI-00478-000,75,0.072,1238,17204,1238.0,17204.0
BraTS-GLI-00478-000,76,0.0843,1443,17115,1443.0,17115.0
BraTS-GLI-00478-000,77,0.0955,1625,17014,1625.0,17014.0
BraTS-GLI-00478-000,78,0.1067,1804,16904,1804.0,16904.0
BraTS-GLI-00478-000,79,0.1142,1919,16808,1919.0,16808.0
BraTS-GLI-00478-000,80,0.1202,2007,16699,2007.0,16699.0
BraTS-GLI-00478-000,81,0.1255,2081,16588,2081.0,16588.0
BraTS-GLI-00478-000,82,0.1301,2145,16490,2145.0,16490.0
BraTS-GLI-00478-000,83,0.1349,2207,16364,2207.0,16364.0
BraTS-GLI-00478-000,84,0.139,2258,16239,2258.0,16239.0
BraTS-GLI-00478-000,85,0.1436,2311,16096,2311.0,16096.0
BraTS-GLI-00478-000,86,0.1467,2342,15969,2342.0,15969.0
BraTS-GLI-00478-000,87,0.1499,2371,15821,2371.0,15821.0
BraTS-GLI-00478-000,88,0.152,2380,15657,2380.0,15657.0
BraTS-GLI-00478-000,89,0.1546,2394,15483,2394.0,15483.0
BraTS-GLI-00478-000,90,0.1555,2379,15299,2379.0,15299.0
BraTS-GLI-00478-000,91,0.1572,2378,15127,2378.0,15127.0
BraTS-GLI-00478-000,92,0.1574,2352,14940,2352.0,14940.0
BraTS-GLI-00478-000,93,0.1555,2290,14730,2290.0,14730.0
BraTS-GLI-00478-000,94,0.1547,2245,14515,2245.0,14515.0
BraTS-GLI-00478-000,95,0.1525,2179,14292,2179.0,14292.0
BraTS-GLI-00478-000,96,0.1485,2089,14068,2089.0,14068.0
BraTS-GLI-00478-000,97,0.1452,2008,13832,2008.0,13832.0
BraTS-GLI-00478-000,98,0.1428,1941,13597,1941.0,13597.0
BraTS-GLI-00478-000,99,0.142,1890,13308,1890.0,13308.0
BraTS-GLI-00478-000,100,0.1441,1878,13036,1878.0,13036.0
BraTS-GLI-00478-000,101,0.1461,1864,12755,1864.0,12755.0
BraTS-GLI-00478-000,102,0.1475,1838,12465,1838.0,12465.0
BraTS-GLI-00478-000,103,0.1487,1814,12203,1814.0,12203.0
BraTS-GLI-00478-000,104,0.1477,1762,11930,1762.0,11930.0
BraTS-GLI-00478-000,105,0.1427,1660,11632,1660.0,11632.0
BraTS-GLI-00478-000,106,0.1392,1579,11341,1579.0,11341.0
BraTS-GLI-00478-000,107,0.1371,1510,11015,1510.0,11015.0
BraTS-GLI-00478-000,108,0.1351,1445,10694,1445.0,10694.0
BraTS-GLI-00478-000,109,0.1304,1351,10362,1351.0,10362.0
BraTS-GLI-00478-000,110,0.1269,1270,10008,1270.0,10008.0
BraTS-GLI-00478-000,111,0.121,1168,9649,1168.0,9649.0
BraTS-GLI-00478-000,112,0.1134,1051,9271,1051.0,9271.0
BraTS-GLI-00478-000,113,0.1087,969,8913,969.0,8913.0
BraTS-GLI-00478-000,114,0.1017,872,8578,872.0,8578.0
BraTS-GLI-00478-000,115,0.0909,750,8251,750.0,8251.0
BraTS-GLI-01134-000,54,0.0016,21,12989,21.0,12989.0
BraTS-GLI-01134-000,55,0.0062,82,13297,82.0,13297.0
BraTS-GLI-01134-000,56,0.0147,200,13593,200.0,13593.0
BraTS-GLI-01134-000,57,0.0233,321,13791,321.0,13791.0
BraTS-GLI-01134-000,58,0.0414,579,13985,579.0,13985.0
BraTS-GLI-01134-000,59,0.0511,724,14160,724.0,14160.0
BraTS-GLI-01134-000,60,0.0591,845,14293,845.0,14293.0
BraTS-GLI-01134-000,61,0.0671,970,14446,970.0,14446.0
BraTS-GLI-01134-000,62,0.0769,1124,14625,1124.0,14625.0
BraTS-GLI-01134-000,63,0.087,1286,14789,1286.0,14789.0
BraTS-GLI-01134-000,64,0.092,1392,15129,1392.0,15129.0
BraTS-GLI-01134-000,65,0.0969,1482,15292,1482.0,15292.0
BraTS-GLI-01134-000,66,0.1013,1566,15465,1566.0,15465.0
BraTS-GLI-01134-000,67,0.1077,1681,15613,1681.0,15613.0
BraTS-GLI-01134-000,68,0.1123,1772,15776,1772.0,15776.0
BraTS-GLI-01134-000,69,0.1162,1849,15917,1849.0,15917.0
BraTS-GLI-01134-000,70,0.1177,1888,16034,1888.0,16034.0
BraTS-GLI-01134-000,71,0.1223,1972,16124,1972.0,16124.0
BraTS-GLI-01134-000,72,0.1273,2062,16204,2062.0,16204.0
BraTS-GLI-01134-000,73,0.1304,2124,16285,2124.0,16285.0
BraTS-GLI-01134-000,74,0.133,2174,16344,2174.0,16344.0
BraTS-GLI-01134-000,75,0.1362,2237,16419,2237.0,16419.0
BraTS-GLI-01134-000,76,0.1383,2275,16454,2275.0,16454.0
BraTS-GLI-01134-000,77,0.1387,2287,16489,2287.0,16489.0
BraTS-GLI-01134-000,78,0.1386,2288,16510,2288.0,16510.0
BraTS-GLI-01134-000,79,0.1382,2286,16538,2286.0,16538.0
BraTS-GLI-01134-000,80,0.1375,2274,16536,2274.0,16536.0
BraTS-GLI-01134-000,81,0.1372,2267,16528,2267.0,16528.0
BraTS-GLI-01134-000,82,0.1367,2256,16500,2256.0,16500.0
BraTS-GLI-01134-000,83,0.1364,2247,16479,2247.0,16479.0
BraTS-GLI-01134-000,84,0.1356,2231,16457,2231.0,16457.0
BraTS-GLI-01134-000,85,0.1349,2215,16419,2215.0,16419.0
BraTS-GLI-01134-000,86,0.1344,2203,16393,2203.0,16393.0
BraTS-GLI-01134-000,87,0.1342,2193,16345,2193.0,16345.0
BraTS-GLI-01134-000,88,0.1353,2201,16272,2201.0,16272.0
BraTS-GLI-01134-000,89,0.1357,2201,16222,2201.0,16222.0
BraTS-GLI-01134-000,90,0.137,2209,16123,2209.0,16123.0
BraTS-GLI-01134-000,91,0.1382,2217,16044,2217.0,16044.0
BraTS-GLI-01134-000,92,0.1388,2214,15956,2214.0,15956.0
BraTS-GLI-01134-000,93,0.1387,2199,15850,2199.0,15850.0
BraTS-GLI-01134-000,94,0.1392,2194,15767,2194.0,15767.0
BraTS-GLI-01134-000,95,0.1397,2190,15672,2190.0,15672.0
BraTS-GLI-01134-000,96,0.1374,2128,15482,2128.0,15482.0
BraTS-GLI-01134-000,97,0.133,2049,15406,2049.0,15406.0
BraTS-GLI-01134-000,98,0.1292,1971,15258,1971.0,15258.0
BraTS-GLI-01134-000,99,0.1264,1909,15100,1909.0,15100.0
BraTS-GLI-01134-000,100,0.1253,1868,14905,1868.0,14905.0
BraTS-GLI-01134-000,101,0.1239,1824,14718,1824.0,14718.0
BraTS-GLI-01134-000,102,0.1214,1763,14527,1763.0,14527.0
BraTS-GLI-01134-000,103,0.1173,1681,14335,1681.0,14335.0
BraTS-GLI-01134-000,104,0.1128,1594,14136,1594.0,14136.0
BraTS-GLI-01134-000,105,0.1057,1471,13913,1471.0,13913.0
BraTS-GLI-01134-000,106,0.098,1342,13687,1342.0,13687.0
BraTS-GLI-01134-000,107,0.0902,1213,13449,1213.0,13449.0
BraTS-GLI-01134-000,108,0.081,1071,13218,1071.0,13218.0
BraTS-GLI-01134-000,109,0.0753,976,12962,976.0,12962.0
BraTS-GLI-01134-000,110,0.0705,895,12691,895.0,12691.0
BraTS-GLI-01134-000,111,0.0644,801,12447,801.0,12447.0
BraTS-GLI-01134-000,112,0.058,706,12167,706.0,12167.0
BraTS-GLI-01134-000,113,0.0502,597,11884,597.0,11884.0
BraTS-GLI-01134-000,114,0.0311,361,11598,361.0,11598.0
BraTS-GLI-01134-000,115,0.0165,186,11294,186.0,11294.0
BraTS-GLI-01658-000,55,0.0024,35,14690,35.0,14690.0
BraTS-GLI-01658-000,56,0.0116,172,14875,172.0,14875.0
BraTS-GLI-01658-000,57,0.047,709,15079,709.0,15079.0
BraTS-GLI-01658-000,58,0.0507,775,15298,775.0,15298.0
BraTS-GLI-01658-000,59,0.0578,901,15579,901.0,15579.0
BraTS-GLI-01658-000,60,0.0628,997,15875,997.0,15875.0
BraTS-GLI-01658-000,61,0.0709,1140,16080,1140.0,16080.0
BraTS-GLI-01658-000,62,0.0754,1232,16345,1232.0,16345.0
BraTS-GLI-01658-000,63,0.0842,1397,16582,1397.0,16582.0
BraTS-GLI-01658-000,64,0.099,1660,16766,1660.0,16766.0
BraTS-GLI-01658-000,65,0.1175,1987,16917,1987.0,16917.0
BraTS-GLI-01658-000,66,0.1263,2152,17043,2152.0,17043.0
BraTS-GLI-01658-000,67,0.1321,2262,17124,2262.0,17124.0
BraTS-GLI-01658-000,68,0.1367,2351,17192,2351.0,17192.0
BraTS-GLI-01658-000,69,0.1353,2335,17261,2335.0,17261.0
BraTS-GLI-01658-000,70,0.142,2455,17284,2455.0,17284.0
BraTS-GLI-01658-000,71,0.1466,2540,17322,2540.0,17322.0
BraTS-GLI-01658-000,72,0.1511,2620,17344,2620.0,17344.0
BraTS-GLI-01658-000,73,0.1557,2703,17364,2703.0,17364.0
BraTS-GLI-01658-000,74,0.1614,2803,17367,2803.0,17367.0
BraTS-GLI-01658-000,75,0.1527,2652,17365,2652.0,17365.0
BraTS-GLI-01658-000,76,0.1567,2723,17380,2723.0,17380.0
BraTS-GLI-01658-000,77,0.1595,2774,17388,2774.0,17388.0
BraTS-GLI-01658-000,78,0.1633,2839,17382,2839.0,17382.0
BraTS-GLI-01658-000,79,0.1671,2904,17378,2904.0,17378.0
BraTS-GLI-01658-000,80,0.1711,2970,17359,2970.0,17359.0
BraTS-GLI-01658-000,81,0.1805,3130,17341,3130.0,17341.0
BraTS-GLI-01658-000,82,0.1844,3195,17329,3195.0,17329.0
BraTS-GLI-01658-000,83,0.2125,3674,17290,3674.0,17290.0
BraTS-GLI-01658-000,84,0.2211,3815,17254,3815.0,17254.0
BraTS-GLI-01658-000,85,0.2282,3930,17222,3930.0,17222.0
BraTS-GLI-01658-000,86,0.2304,3952,17154,3952.0,17154.0
BraTS-GLI-01658-000,87,0.2097,3587,17109,3587.0,17109.0
BraTS-GLI-01658-000,88,0.2122,3620,17060,3620.0,17060.0
BraTS-GLI-01658-000,89,0.2195,3729,16990,3729.0,16990.0
BraTS-GLI-01658-000,90,0.2211,3735,16890,3735.0,16890.0
BraTS-GLI-01658-000,91,0.2444,4102,16786,4102.0,16786.0
BraTS-GLI-01658-000,92,0.2441,4076,16696,4076.0,16696.0
BraTS-GLI-01658-000,93,0.2508,4162,16596,4162.0,16596.0
BraTS-GLI-01658-000,94,0.2419,3985,16473,3985.0,16473.0
BraTS-GLI-01658-000,95,0.244,3988,16343,3988.0,16343.0
BraTS-GLI-01658-000,96,0.2316,3757,16219,3757.0,16219.0
BraTS-GLI-01658-000,97,0.2298,3691,16059,3691.0,16059.0
BraTS-GLI-01658-000,98,0.2192,3483,15891,3483.0,15891.0
BraTS-GLI-01658-000,99,0.2151,3381,15717,3381.0,15717.0
BraTS-GLI-01658-000,100,0.2119,3281,15483,3281.0,15483.0
BraTS-GLI-01658-000,101,0.1977,3025,15302,3025.0,15302.0
BraTS-GLI-01658-000,102,0.1928,2903,15056,2903.0,15056.0
BraTS-GLI-01658-000,103,0.1902,2824,14848,2824.0,14848.0
BraTS-GLI-01658-000,104,0.1948,2841,14584,2841.0,14584.0
BraTS-GLI-01658-000,105,0.1909,2737,14340,2737.0,14340.0
BraTS-GLI-01658-000,106,0.1694,2387,14095,2387.0,14095.0
BraTS-GLI-01658-000,107,0.1701,2337,13738,2337.0,13738.0
BraTS-GLI-01658-000,108,0.1675,2258,13484,2258.0,13484.0
BraTS-GLI-01658-000,109,0.1673,2204,13174,2204.0,13174.0
BraTS-GLI-01658-000,110,0.1608,2067,12854,2067.0,12854.0
BraTS-GLI-01658-000,111,0.156,1947,12484,1947.0,12484.0
BraTS-GLI-01658-000,112,0.1499,1808,12061,1808.0,12061.0
BraTS-GLI-01658-000,113,0.1444,1695,11735,1695.0,11735.0
BraTS-GLI-01658-000,114,0.1356,1546,11402,1546.0,11402.0
BraTS-GLI-01658-000,115,0.1026,1121,10928,1121.0,10928.0
BraTS-GLI-00703-001,51,0.0003,4,15519,4.0,15519.0
BraTS-GLI-00703-001,52,0.0027,43,15677,43.0,15677.0
BraTS-GLI-00703-001,53,0.0105,166,15810,166.0,15810.0
BraTS-GLI-00703-001,54,0.0199,317,15907,317.0,15907.0
BraTS-GLI-00703-001,55,0.0293,471,16060,471.0,16060.0
BraTS-GLI-00703-001,56,0.0352,571,16220,571.0,16220.0
BraTS-GLI-00703-001,57,0.0388,636,16381,636.0,16381.0
BraTS-GLI-00703-001,58,0.0402,668,16604,668.0,16604.0
BraTS-GLI-00703-001,59,0.041,691,16849,691.0,16849.0
BraTS-GLI-00703-001,60,0.0414,707,17085,707.0,17085.0
BraTS-GLI-00703-001,61,0.0439,762,17351,762.0,17351.0
BraTS-GLI-00703-001,62,0.049,859,17533,859.0,17533.0
BraTS-GLI-00703-001,63,0.0551,975,17704,975.0,17704.0
BraTS-GLI-00703-001,64,0.0611,1099,17998,1099.0,17998.0
BraTS-GLI-00703-001,65,0.0722,1306,18092,1306.0,18092.0
BraTS-GLI-00703-001,66,0.0889,1627,18296,1627.0,18296.0
BraTS-GLI-00703-001,67,0.1034,1907,18449,1907.0,18449.0
BraTS-GLI-00703-001,68,0.1179,2193,18604,2193.0,18604.0
BraTS-GLI-00703-001,69,0.1334,2495,18703,2495.0,18703.0
BraTS-GLI-00703-001,70,0.154,2892,18784,2892.0,18784.0
BraTS-GLI-00703-001,71,0.1688,3180,18836,3180.0,18836.0
BraTS-GLI-00703-001,72,0.1813,3421,18866,3421.0,18866.0
BraTS-GLI-00703-001,73,0.1918,3623,18894,3623.0,18894.0
BraTS-GLI-00703-001,74,0.201,3800,18903,3800.0,18903.0
BraTS-GLI-00703-001,75,0.2136,4032,18876,4032.0,18876.0
BraTS-GLI-00703-001,76,0.2247,4243,18884,4243.0,18884.0
BraTS-GLI-00703-001,77,0.2332,4400,18869,4400.0,18869.0
BraTS-GLI-00703-001,78,0.2382,4483,18822,4483.0,18822.0
BraTS-GLI-00703-001,79,0.2446,4592,18770,4592.0,18770.0
BraTS-GLI-00703-001,80,0.2506,4692,18722,4692.0,18722.0
BraTS-GLI-00703-001,81,0.2575,4805,18658,4805.0,18658.0
BraTS-GLI-00703-001,82,0.2627,4889,18613,4889.0,18613.0
BraTS-GLI-00703-001,83,0.2677,4959,18527,4959.0,18527.0
BraTS-GLI-00703-001,84,0.2706,4994,18454,4994.0,18454.0
BraTS-GLI-00703-001,85,0.2729,5003,18331,5003.0,18331.0
BraTS-GLI-00703-001,86,0.2726,4972,18237,4972.0,18237.0
BraTS-GLI-00703-001,87,0.2728,4951,18150,4951.0,18150.0
BraTS-GLI-00703-001,88,0.2723,4907,18018,4907.0,18018.0
BraTS-GLI-00703-001,89,0.2747,4915,17893,4915.0,17893.0
BraTS-GLI-00703-001,90,0.2737,4858,17751,4858.0,17751.0
BraTS-GLI-00703-001,91,0.2721,4794,17619,4794.0,17619.0
BraTS-GLI-00703-001,92,0.2712,4741,17484,4741.0,17484.0
BraTS-GLI-00703-001,93,0.2713,4689,17283,4689.0,17283.0
BraTS-GLI-00703-001,94,0.2698,4619,17120,4619.0,17120.0
BraTS-GLI-00703-001,95,0.2647,4483,16939,4483.0,16939.0
BraTS-GLI-00703-001,96,0.2646,4403,16640,4403.0,16640.0
BraTS-GLI-00703-001,97,0.2607,4318,16560,4318.0,16560.0
BraTS-GLI-00703-001,98,0.2578,4217,16357,4217.0,16357.0
BraTS-GLI-00703-001,99,0.2551,4123,16160,4123.0,16160.0
BraTS-GLI-00703-001,100,0.2559,4067,15894,4067.0,15894.0
BraTS-GLI-00703-001,101,0.2569,4015,15626,4015.0,15626.0
BraTS-GLI-00703-001,102,0.255,3910,15333,3910.0,15333.0
BraTS-GLI-00703-001,103,0.2546,3849,15116,3849.0,15116.0
BraTS-GLI-00703-001,104,0.2553,3788,14836,3788.0,14836.0
BraTS-GLI-00703-001,105,0.2562,3707,14468,3707.0,14468.0
BraTS-GLI-00703-001,106,0.2553,3619,14173,3619.0,14173.0
BraTS-GLI-00703-001,107,0.2569,3550,13818,3550.0,13818.0
BraTS-GLI-00703-001,108,0.2522,3427,13588,3427.0,13588.0
BraTS-GLI-00703-001,109,0.2481,3312,13347,3312.0,13347.0
BraTS-GLI-00703-001,110,0.2447,3187,13024,3187.0,13024.0
BraTS-GLI-00703-001,111,0.2403,3053,12707,3053.0,12707.0
BraTS-GLI-00703-001,112,0.2344,2898,12363,2898.0,12363.0
BraTS-GLI-00703-001,113,0.2262,2726,12052,2726.0,12052.0
BraTS-GLI-00703-001,114,0.221,2601,11769,2601.0,11769.0
BraTS-GLI-00703-001,115,0.2168,2465,11368,2465.0,11368.0
BraTS-GLI-01017-000,68,0.0002,3,16858,3.0,16858.0
BraTS-GLI-01017-000,69,0.0012,20,17031,20.0,17031.0
BraTS-GLI-01017-000,70,0.0019,33,17152,33.0,17152.0
BraTS-GLI-01017-000,71,0.0025,43,17194,43.0,17194.0
BraTS-GLI-01017-000,72,0.0032,56,17263,56.0,17263.0
BraTS-GLI-01017-000,73,0.006,104,17336,104.0,17336.0
BraTS-GLI-01017-000,74,0.0089,154,17338,154.0,17338.0
BraTS-GLI-01017-000,75,0.013,227,17401,227.0,17401.0
BraTS-GLI-01017-000,76,0.0203,354,17426,354.0,17426.0
BraTS-GLI-01017-000,77,0.0282,491,17391,491.0,17391.0
BraTS-GLI-01017-000,78,0.0414,721,17408,721.0,17408.0
BraTS-GLI-01017-000,79,0.053,922,17410,922.0,17410.0
BraTS-GLI-01017-000,80,0.0635,1104,17385,1104.0,17385.0
BraTS-GLI-01017-000,81,0.0744,1292,17374,1292.0,17374.0
BraTS-GLI-01017-000,82,0.0836,1449,17325,1449.0,17325.0
BraTS-GLI-01017-000,83,0.0909,1573,17296,1573.0,17296.0
BraTS-GLI-01017-000,84,0.0967,1671,17272,1671.0,17272.0
BraTS-GLI-01017-000,85,0.1013,1745,17220,1745.0,17220.0
BraTS-GLI-01017-000,86,0.1044,1790,17145,1790.0,17145.0
BraTS-GLI-01017-000,87,0.1073,1831,17070,1831.0,17070.0
BraTS-GLI-01017-000,88,0.1088,1851,17007,1851.0,17007.0
BraTS-GLI-01017-000,89,0.1104,1869,16924,1869.0,16924.0
BraTS-GLI-01017-000,90,0.1115,1873,16805,1873.0,16805.0
BraTS-GLI-01017-000,91,0.1128,1881,16672,1881.0,16672.0
BraTS-GLI-01017-000,92,0.1152,1907,16561,1907.0,16561.0
BraTS-GLI-01017-000,93,0.1188,1952,16428,1952.0,16428.0
BraTS-GLI-01017-000,94,0.1221,1989,16290,1989.0,16290.0
BraTS-GLI-01017-000,95,0.1278,2057,16098,2057.0,16098.0
BraTS-GLI-01017-000,96,0.1366,2173,15905,2173.0,15905.0
BraTS-GLI-01017-000,97,0.1461,2295,15707,2295.0,15707.0
BraTS-GLI-01017-000,98,0.1546,2403,15547,2403.0,15547.0
BraTS-GLI-01017-000,99,0.1606,2469,15377,2469.0,15377.0
BraTS-GLI-01017-000,100,0.1658,2515,15168,2515.0,15168.0
BraTS-GLI-01017-000,101,0.1712,2553,14915,2553.0,14915.0
BraTS-GLI-01017-000,102,0.1755,2571,14652,2571.0,14652.0
BraTS-GLI-01017-000,103,0.1757,2530,14402,2530.0,14402.0
BraTS-GLI-01017-000,104,0.1748,2475,14157,2475.0,14157.0
BraTS-GLI-01017-000,105,0.1755,2433,13867,2433.0,13867.0
BraTS-GLI-01017-000,106,0.1746,2372,13589,2372.0,13589.0
BraTS-GLI-01017-000,107,0.1784,2359,13222,2359.0,13222.0
BraTS-GLI-01017-000,108,0.1795,2326,12961,2326.0,12961.0
BraTS-GLI-01017-000,109,0.1806,2289,12671,2289.0,12671.0
BraTS-GLI-01017-000,110,0.1832,2259,12334,2259.0,12334.0
BraTS-GLI-01017-000,111,0.184,2208,11998,2208.0,11998.0
BraTS-GLI-01017-000,112,0.1891,2180,11531,2180.0,11531.0
BraTS-GLI-01017-000,113,0.1891,2126,11243,2126.0,11243.0
BraTS-GLI-01017-000,114,0.1895,2071,10927,2071.0,10927.0
BraTS-GLI-01017-000,115,0.1876,1978,10544,1978.0,10544.0
BraTS-GLI-01325-000,40,0.1153,1504,13049,1504.0,13049.0
BraTS-GLI-01325-000,41,0.1282,1697,13236,1697.0,13236.0
BraTS-GLI-01325-000,42,0.1397,1870,13386,1870.0,13386.0
BraTS-GLI-01325-000,43,0.1494,2024,13543,2024.0,13543.0
BraTS-GLI-01325-000,44,0.1583,2161,13651,2161.0,13651.0
BraTS-GLI-01325-000,45,0.1707,2342,13723,2342.0,13723.0
BraTS-GLI-01325-000,46,0.1818,2515,13837,2515.0,13837.0
BraTS-GLI-01325-000,47,0.1913,2666,13935,2666.0,13935.0
BraTS-GLI-01325-000,48,0.1947,2738,14064,2738.0,14064.0
BraTS-GLI-01325-000,49,0.195,2818,14452,2818.0,14452.0
BraTS-GLI-01325-000,50,0.1982,2935,14812,2935.0,14812.0
BraTS-GLI-01325-000,51,0.2021,3061,15145,3061.0,15145.0
BraTS-GLI-01325-000,52,0.2029,3138,15466,3138.0,15466.0
BraTS-GLI-01325-000,53,0.2028,3175,15659,3175.0,15659.0
BraTS-GLI-01325-000,54,0.204,3216,15762,3216.0,15762.0
BraTS-GLI-01325-000,55,0.2048,3256,15900,3256.0,15900.0
BraTS-GLI-01325-000,56,0.2053,3295,16051,3295.0,16051.0
BraTS-GLI-01325-000,57,0.2082,3367,16175,3367.0,16175.0
BraTS-GLI-01325-000,58,0.2085,3406,16332,3406.0,16332.0
BraTS-GLI-01325-000,59,0.2092,3444,16460,3444.0,16460.0
BraTS-GLI-01325-000,60,0.2104,3485,16567,3485.0,16567.0
BraTS-GLI-01325-000,61,0.2084,3485,16726,3485.0,16726.0
BraTS-GLI-01325-000,62,0.2059,3473,16870,3473.0,16870.0
BraTS-GLI-01325-000,63,0.204,3459,16955,3459.0,16955.0
BraTS-GLI-01325-000,64,0.1984,3413,17204,3413.0,17204.0
BraTS-GLI-01325-000,65,0.1917,3303,17234,3303.0,17234.0
BraTS-GLI-01325-000,66,0.183,3171,17325,3171.0,17325.0
BraTS-GLI-01325-000,67,0.174,3036,17448,3036.0,17448.0
BraTS-GLI-01325-000,68,0.1698,2990,17613,2990.0,17613.0
BraTS-GLI-01325-000,69,0.1698,3014,17753,3014.0,17753.0
BraTS-GLI-01325-000,70,0.164,2934,17891,2934.0,17891.0
BraTS-GLI-01325-000,71,0.1579,2832,17940,2832.0,17940.0
BraTS-GLI-01325-000,72,0.1514,2719,17959,2719.0,17959.0
BraTS-GLI-01325-000,73,0.1443,2595,17987,2595.0,17987.0
BraTS-GLI-01325-000,74,0.138,2486,18016,2486.0,18016.0
BraTS-GLI-01325-000,75,0.1323,2384,18016,2384.0,18016.0
BraTS-GLI-01325-000,76,0.1268,2283,18008,2283.0,18008.0
BraTS-GLI-01325-000,77,0.1197,2155,18001,2155.0,18001.0
BraTS-GLI-01325-000,78,0.1131,2032,17970,2032.0,17970.0
BraTS-GLI-01325-000,79,0.1071,1919,17924,1919.0,17924.0
BraTS-GLI-01325-000,80,0.1016,1817,17882,1817.0,17882.0
BraTS-GLI-01325-000,81,0.0954,1698,17804,1698.0,17804.0
BraTS-GLI-01325-000,82,0.0869,1541,17740,1541.0,17740.0
BraTS-GLI-01325-000,83,0.0799,1411,17655,1411.0,17655.0
BraTS-GLI-01325-000,84,0.0722,1268,17555,1268.0,17555.0
BraTS-GLI-01325-000,85,0.0632,1101,17412,1101.0,17412.0
BraTS-GLI-01325-000,86,0.054,934,17293,934.0,17293.0
BraTS-GLI-01325-000,87,0.0452,777,17175,777.0,17175.0
BraTS-GLI-01325-000,88,0.0405,690,17040,690.0,17040.0
BraTS-GLI-01325-000,89,0.0346,584,16898,584.0,16898.0
BraTS-GLI-01325-000,90,0.0267,446,16727,446.0,16727.0
BraTS-GLI-01325-000,91,0.0216,358,16558,358.0,16558.0
BraTS-GLI-01325-000,92,0.0141,231,16388,231.0,16388.0
BraTS-GLI-01325-000,93,0.0081,131,16204,131.0,16204.0
BraTS-GLI-01325-000,94,0.0051,81,16026,81.0,16026.0
BraTS-GLI-01325-000,95,0.0023,36,15846,36.0,15846.0
BraTS-GLI-01325-000,96,0.0009,14,15564,14.0,15564.0
BraTS-GLI-01325-000,97,0.0006,10,15447,10.0,15447.0
BraTS-GLI-01325-000,98,0.0004,6,15238,6.0,15238.0
BraTS-GLI-00548-000,40,0.1008,981,9734,981.0,9734.0
BraTS-GLI-00548-000,41,0.1084,1111,10248,1111.0,10248.0
BraTS-GLI-00548-000,42,0.1119,1218,10885,1218.0,10885.0
BraTS-GLI-00548-000,43,0.1158,1318,11383,1318.0,11383.0
BraTS-GLI-00548-000,44,0.1208,1423,11784,1423.0,11784.0
BraTS-GLI-00548-000,45,0.1359,1641,12077,1641.0,12077.0
BraTS-GLI-00548-000,46,0.1534,1886,12295,1886.0,12295.0
BraTS-GLI-00548-000,47,0.1666,2078,12470,2078.0,12470.0
BraTS-GLI-00548-000,48,0.1778,2253,12672,2253.0,12672.0
BraTS-GLI-00548-000,49,0.1999,2570,12859,2570.0,12859.0
BraTS-GLI-00548-000,50,0.2112,2753,13038,2753.0,13038.0
BraTS-GLI-00548-000,51,0.2215,2918,13173,2918.0,13173.0
BraTS-GLI-00548-000,52,0.2263,3007,13289,3007.0,13289.0
BraTS-GLI-00548-000,53,0.2287,3063,13394,3063.0,13394.0
BraTS-GLI-00548-000,54,0.232,3133,13506,3133.0,13506.0
BraTS-GLI-00548-000,55,0.2382,3248,13634,3248.0,13634.0
BraTS-GLI-00548-000,56,0.2408,3350,13914,3350.0,13914.0
BraTS-GLI-00548-000,57,0.2366,3417,14440,3417.0,14440.0
BraTS-GLI-00548-000,58,0.2305,3471,15059,3471.0,15059.0
BraTS-GLI-00548-000,59,0.227,3525,15529,3525.0,15529.0
BraTS-GLI-00548-000,60,0.2269,3586,15806,3586.0,15806.0
BraTS-GLI-00548-000,61,0.2295,3673,16005,3673.0,16005.0
BraTS-GLI-00548-000,62,0.2285,3700,16192,3700.0,16192.0
BraTS-GLI-00548-000,63,0.2274,3719,16356,3719.0,16356.0
BraTS-GLI-00548-000,64,0.2266,3737,16493,3737.0,16493.0
BraTS-GLI-00548-000,65,0.2278,3796,16666,3796.0,16666.0
BraTS-GLI-00548-000,66,0.2278,3846,16880,3846.0,16880.0
BraTS-GLI-00548-000,67,0.2266,3881,17129,3881.0,17129.0
BraTS-GLI-00548-000,68,0.2265,3919,17301,3919.0,17301.0
BraTS-GLI-00548-000,69,0.2282,3992,17492,3992.0,17492.0
BraTS-GLI-00548-000,70,0.2289,4041,17652,4041.0,17652.0
BraTS-GLI-00548-000,71,0.2307,4114,17832,4114.0,17832.0
BraTS-GLI-00548-000,72,0.2316,4170,18009,4170.0,18009.0
BraTS-GLI-00548-000,73,0.2333,4233,18146,4233.0,18146.0
BraTS-GLI-00548-000,74,0.2353,4287,18222,4287.0,18222.0
BraTS-GLI-00548-000,75,0.2343,4286,18292,4286.0,18292.0
BraTS-GLI-00548-000,76,0.2312,4244,18354,4244.0,18354.0
BraTS-GLI-00548-000,77,0.2271,4182,18417,4182.0,18417.0
BraTS-GLI-00548-000,78,0.2237,4132,18471,4132.0,18471.0
BraTS-GLI-00548-000,79,0.2165,4011,18528,4011.0,18528.0
BraTS-GLI-00548-000,80,0.2092,3879,18539,3879.0,18539.0
BraTS-GLI-00548-000,81,0.2029,3761,18533,3761.0,18533.0
BraTS-GLI-00548-000,82,0.1948,3605,18504,3605.0,18504.0
BraTS-GLI-00548-000,83,0.1896,3503,18478,3503.0,18478.0
BraTS-GLI-00548-000,84,0.1873,3458,18461,3458.0,18461.0
BraTS-GLI-00548-000,85,0.1872,3457,18465,3457.0,18465.0
BraTS-GLI-00548-000,86,0.1909,3526,18472,3526.0,18472.0
BraTS-GLI-00548-000,87,0.1964,3617,18417,3617.0,18417.0
BraTS-GLI-00548-000,88,0.2045,3755,18361,3755.0,18361.0
BraTS-GLI-00548-000,89,0.2116,3872,18301,3872.0,18301.0
BraTS-GLI-00548-000,90,0.2163,3939,18209,3939.0,18209.0
BraTS-GLI-00548-000,91,0.2153,3906,18139,3906.0,18139.0
BraTS-GLI-00548-000,92,0.2139,3864,18068,3864.0,18068.0
BraTS-GLI-00548-000,93,0.2128,3823,17965,3823.0,17965.0
BraTS-GLI-00548-000,94,0.2118,3788,17886,3788.0,17886.0
BraTS-GLI-00548-000,95,0.2063,3666,17770,3666.0,17770.0
BraTS-GLI-00548-000,96,0.1987,3511,17669,3511.0,17669.0
BraTS-GLI-00548-000,97,0.194,3399,17525,3399.0,17525.0
BraTS-GLI-00548-000,98,0.1867,3236,17335,3236.0,17335.0
BraTS-GLI-00548-000,99,0.1659,2845,17147,2845.0,17147.0
BraTS-GLI-00548-000,100,0.1499,2543,16966,2543.0,16966.0
BraTS-GLI-00548-000,101,0.1215,2039,16780,2039.0,16780.0
BraTS-GLI-00548-000,102,0.1083,1796,16589,1796.0,16589.0
BraTS-GLI-00548-000,103,0.096,1571,16359,1571.0,16359.0
BraTS-GLI-00548-000,104,0.0881,1423,16154,1423.0,16154.0
BraTS-GLI-00548-000,105,0.0826,1317,15942,1317.0,15942.0
BraTS-GLI-00548-000,106,0.0805,1268,15748,1268.0,15748.0
BraTS-GLI-00548-000,107,0.0785,1220,15536,1220.0,15536.0
BraTS-GLI-00548-000,108,0.0768,1174,15294,1174.0,15294.0
BraTS-GLI-00548-000,109,0.0731,1100,15040,1100.0,15040.0
BraTS-GLI-00548-000,110,0.0676,1000,14790,1000.0,14790.0
BraTS-GLI-00548-000,111,0.0616,894,14519,894.0,14519.0
BraTS-GLI-00548-000,112,0.0532,757,14232,757.0,14232.0
BraTS-GLI-00548-000,113,0.0441,614,13919,614.0,13919.0
BraTS-GLI-00548-000,114,0.0363,494,13611,494.0,13611.0
BraTS-GLI-00548-000,115,0.0329,437,13270,437.0,13270.0
BraTS-GLI-01663-000,86,0.0008,16,19053,16.0,19053.0
BraTS-GLI-01663-000,87,0.0088,167,18901,167.0,18901.0
BraTS-GLI-01663-000,88,0.0158,296,18768,296.0,18768.0
BraTS-GLI-01663-000,89,0.0228,424,18629,424.0,18629.0
BraTS-GLI-01663-000,90,0.0285,527,18465,527.0,18465.0
BraTS-GLI-01663-000,91,0.0338,619,18331,619.0,18331.0
BraTS-GLI-01663-000,92,0.0388,705,18155,705.0,18155.0
BraTS-GLI-01663-000,93,0.0442,795,17984,795.0,17984.0
BraTS-GLI-01663-000,94,0.0506,899,17782,899.0,17782.0
BraTS-GLI-01663-000,95,0.0556,978,17576,978.0,17576.0
BraTS-GLI-01663-000,96,0.0618,1074,17365,1074.0,17365.0
BraTS-GLI-01663-000,97,0.0676,1159,17154,1159.0,17154.0
BraTS-GLI-01663-000,98,0.075,1269,16915,1269.0,16915.0
BraTS-GLI-01663-000,99,0.0813,1358,16702,1358.0,16702.0
BraTS-GLI-01663-000,100,0.0874,1436,16439,1436.0,16439.0
BraTS-GLI-01663-000,101,0.093,1506,16200,1506.0,16200.0
BraTS-GLI-01663-000,102,0.0987,1572,15932,1572.0,15932.0
BraTS-GLI-01663-000,103,0.1026,1609,15689,1609.0,15689.0
BraTS-GLI-01663-000,104,0.1071,1644,15346,1644.0,15346.0
BraTS-GLI-01663-000,105,0.111,1670,15048,1670.0,15048.0
BraTS-GLI-01663-000,106,0.116,1706,14705,1706.0,14705.0
BraTS-GLI-01663-000,107,0.1204,1729,14355,1729.0,14355.0
BraTS-GLI-01663-000,108,0.1253,1756,14017,1756.0,14017.0
BraTS-GLI-01663-000,109,0.1299,1778,13689,1778.0,13689.0
BraTS-GLI-01663-000,110,0.1343,1790,13328,1790.0,13328.0
BraTS-GLI-01663-000,111,0.1379,1787,12962,1787.0,12962.0
BraTS-GLI-01663-000,112,0.1398,1762,12601,1762.0,12601.0
BraTS-GLI-01663-000,113,0.1425,1732,12153,1732.0,12153.0
BraTS-GLI-01663-000,114,0.1438,1691,11763,1691.0,11763.0
BraTS-GLI-01663-000,115,0.1445,1644,11378,1644.0,11378.0
BraTS-GLI-00258-000,47,0.0024,29,12164,29.0,12164.0
BraTS-GLI-00258-000,48,0.0052,64,12309,64.0,12309.0
BraTS-GLI-00258-000,49,0.0079,99,12516,99.0,12516.0
BraTS-GLI-00258-000,50,0.0109,140,12794,140.0,12794.0
BraTS-GLI-00258-000,51,0.0134,176,13171,176.0,13171.0
BraTS-GLI-00258-000,52,0.0162,219,13533,219.0,13533.0
BraTS-GLI-00258-000,53,0.0209,288,13762,288.0,13762.0
BraTS-GLI-00258-000,54,0.0244,339,13907,339.0,13907.0
BraTS-GLI-00258-000,55,0.0302,429,14218,429.0,14218.0
BraTS-GLI-00258-000,56,0.0415,602,14509,602.0,14509.0
BraTS-GLI-00258-000,57,0.0507,752,14842,752.0,14842.0
BraTS-GLI-00258-000,58,0.0593,897,15128,897.0,15128.0
BraTS-GLI-00258-000,59,0.0647,1001,15466,1001.0,15466.0
BraTS-GLI-00258-000,60,0.0684,1061,15515,1061.0,15515.0
BraTS-GLI-00258-000,61,0.0727,1133,15575,1133.0,15575.0
BraTS-GLI-00258-000,62,0.0725,1158,15973,1158.0,15973.0
BraTS-GLI-00258-000,63,0.0695,1143,16445,1143.0,16445.0
BraTS-GLI-00258-000,64,0.066,1109,16812,1109.0,16812.0
BraTS-GLI-00258-000,65,0.064,1076,16816,1076.0,16816.0
BraTS-GLI-00258-000,66,0.0619,1045,16872,1045.0,16872.0
BraTS-GLI-00258-000,67,0.0606,1028,16955,1028.0,16955.0
BraTS-GLI-00258-000,68,0.0585,998,17057,998.0,17057.0
BraTS-GLI-00258-000,69,0.0548,945,17232,945.0,17232.0
BraTS-GLI-00258-000,70,0.0486,837,17208,837.0,17208.0
BraTS-GLI-00258-000,71,0.0433,745,17200,745.0,17200.0
BraTS-GLI-00258-000,72,0.0392,675,17202,675.0,17202.0
BraTS-GLI-00258-000,73,0.0326,561,17231,561.0,17231.0
BraTS-GLI-00258-000,74,0.0282,486,17247,486.0,17247.0
BraTS-GLI-00258-000,75,0.0226,388,17179,388.0,17179.0
BraTS-GLI-00258-000,76,0.0178,305,17166,305.0,17166.0
BraTS-GLI-00258-000,77,0.0153,263,17152,263.0,17152.0
BraTS-GLI-00258-000,78,0.0119,204,17156,204.0,17156.0
BraTS-GLI-00258-000,79,0.0074,126,17141,126.0,17141.0
BraTS-GLI-00258-000,80,0.0031,52,16991,52.0,16991.0
BraTS-GLI-00258-000,81,0.0012,21,16931,21.0,16931.0
BraTS-GLI-00258-000,82,0.0002,3,16877,3.0,16877.0
BraTS-GLI-00258-000,87,0.0003,5,16442,5.0,16442.0
BraTS-GLI-00258-000,88,0.0001,2,16369,2.0,16369.0
BraTS-GLI-01443-000,40,0.1254,1677,13372,1677.0,13372.0
BraTS-GLI-01443-000,41,0.1273,1720,13516,1720.0,13516.0
BraTS-GLI-01443-000,42,0.1302,1771,13606,1771.0,13606.0
BraTS-GLI-01443-000,43,0.1316,1808,13742,1808.0,13742.0
BraTS-GLI-01443-000,44,0.1321,1827,13826,1827.0,13826.0
BraTS-GLI-01443-000,45,0.1306,1824,13970,1824.0,13970.0
BraTS-GLI-01443-000,46,0.1291,1814,14046,1814.0,14046.0
BraTS-GLI-01443-000,47,0.1259,1813,14397,1813.0,14397.0
BraTS-GLI-01443-000,48,0.1194,1761,14748,1761.0,14748.0
BraTS-GLI-01443-000,49,0.115,1749,15207,1749.0,15207.0
BraTS-GLI-01443-000,50,0.1115,1732,15533,1732.0,15533.0
BraTS-GLI-01443-000,51,0.1086,1725,15880,1725.0,15880.0
BraTS-GLI-01443-000,52,0.1079,1736,16091,1736.0,16091.0
BraTS-GLI-01443-000,53,0.1034,1696,16410,1696.0,16410.0
BraTS-GLI-01443-000,54,0.1016,1681,16543,1681.0,16543.0
BraTS-GLI-01443-000,55,0.0986,1652,16755,1652.0,16755.0
BraTS-GLI-01443-000,56,0.0931,1569,16854,1569.0,16854.0
BraTS-GLI-01443-000,57,0.0913,1558,17062,1558.0,17062.0
BraTS-GLI-01443-000,58,0.0866,1486,17162,1486.0,17162.0
BraTS-GLI-01443-000,59,0.081,1403,17320,1403.0,17320.0
BraTS-GLI-01443-000,60,0.0717,1249,17419,1249.0,17419.0
BraTS-GLI-01443-000,61,0.0582,1025,17601,1025.0,17601.0
BraTS-GLI-01443-000,62,0.0431,763,17708,763.0,17708.0
BraTS-GLI-01443-000,63,0.031,554,17853,554.0,17853.0
BraTS-GLI-01443-000,64,0.021,377,17933,377.0,17933.0
BraTS-GLI-01443-000,65,0.0176,317,18041,317.0,18041.0
BraTS-GLI-01443-000,66,0.0147,266,18095,266.0,18095.0
BraTS-GLI-01443-000,67,0.0117,213,18165,213.0,18165.0
BraTS-GLI-01443-000,68,0.0079,143,18174,143.0,18174.0
BraTS-GLI-01443-000,69,0.0048,88,18198,88.0,18198.0
BraTS-GLI-01443-000,70,0.0023,41,18189,41.0,18189.0
BraTS-GLI-01443-000,71,0.0009,16,18187,16.0,18187.0
BraTS-GLI-01443-000,72,0.0003,5,18163,5.0,18163.0
BraTS-GLI-01443-000,73,0.0001,2,18134,2.0,18134.0
BraTS-GLI-01295-000,62,0.0021,30,14483,30.0,14483.0
BraTS-GLI-01295-000,63,0.0116,170,14609,170.0,14609.0
BraTS-GLI-01295-000,64,0.0252,372,14744,372.0,14744.0
BraTS-GLI-01295-000,65,0.0379,563,14872,563.0,14872.0
BraTS-GLI-01295-000,66,0.0464,697,15034,697.0,15034.0
BraTS-GLI-01295-000,67,0.055,836,15212,836.0,15212.0
BraTS-GLI-01295-000,68,0.0604,928,15370,928.0,15370.0
BraTS-GLI-01295-000,69,0.0638,989,15510,989.0,15510.0
BraTS-GLI-01295-000,70,0.066,1033,15654,1033.0,15654.0
BraTS-GLI-01295-000,71,0.0659,1041,15799,1041.0,15799.0
BraTS-GLI-01295-000,72,0.0656,1044,15922,1044.0,15922.0
BraTS-GLI-01295-000,73,0.0652,1045,16031,1045.0,16031.0
BraTS-GLI-01295-000,74,0.0648,1044,16112,1044.0,16112.0
BraTS-GLI-01295-000,75,0.0639,1032,16152,1032.0,16152.0
BraTS-GLI-01295-000,76,0.0617,1000,16213,1000.0,16213.0
BraTS-GLI-01295-000,77,0.059,959,16246,959.0,16246.0
BraTS-GLI-01295-000,78,0.0575,936,16275,936.0,16275.0
BraTS-GLI-01295-000,79,0.057,929,16292,929.0,16292.0
BraTS-GLI-01295-000,80,0.056,912,16289,912.0,16289.0
BraTS-GLI-01295-000,81,0.0554,902,16292,902.0,16292.0
BraTS-GLI-01295-000,82,0.0568,926,16295,926.0,16295.0
BraTS-GLI-01295-000,83,0.0599,975,16272,975.0,16272.0
BraTS-GLI-01295-000,84,0.0617,1003,16264,1003.0,16264.0
BraTS-GLI-01295-000,85,0.0624,1013,16235,1013.0,16235.0
BraTS-GLI-01295-000,86,0.0634,1028,16205,1028.0,16205.0
BraTS-GLI-01295-000,87,0.0655,1060,16171,1060.0,16171.0
BraTS-GLI-01295-000,88,0.0681,1097,16106,1097.0,16106.0
BraTS-GLI-01295-000,89,0.0713,1143,16035,1143.0,16035.0
BraTS-GLI-01295-000,90,0.0743,1184,15941,1184.0,15941.0
BraTS-GLI-01295-000,91,0.077,1219,15830,1219.0,15830.0
BraTS-GLI-01295-000,92,0.079,1241,15700,1241.0,15700.0
BraTS-GLI-01295-000,93,0.0789,1229,15576,1229.0,15576.0
BraTS-GLI-01295-000,94,0.0782,1206,15421,1206.0,15421.0
BraTS-GLI-01295-000,95,0.0755,1154,15280,1154.0,15280.0
BraTS-GLI-01295-000,96,0.0708,1071,15126,1071.0,15126.0
BraTS-GLI-01295-000,97,0.0659,988,14985,988.0,14985.0
BraTS-GLI-01295-000,98,0.058,861,14845,861.0,14845.0
BraTS-GLI-01295-000,99,0.0521,765,14681,765.0,14681.0
BraTS-GLI-01295-000,100,0.0453,657,14503,657.0,14503.0
BraTS-GLI-01295-000,101,0.0383,548,14290,548.0,14290.0
BraTS-GLI-01295-000,102,0.0307,432,14069,432.0,14069.0
BraTS-GLI-01295-000,103,0.0221,306,13833,306.0,13833.0
BraTS-GLI-01295-000,104,0.0132,179,13586,179.0,13586.0
BraTS-GLI-01295-000,105,0.0108,144,13336,144.0,13336.0
BraTS-GLI-01295-000,106,0.0085,111,13032,111.0,13032.0
BraTS-GLI-01295-000,107,0.0057,73,12757,73.0,12757.0
BraTS-GLI-01295-000,108,0.004,50,12461,50.0,12461.0
BraTS-GLI-01295-000,109,0.0025,30,12157,30.0,12157.0
BraTS-GLI-01295-000,110,0.0031,37,11839,37.0,11839.0
BraTS-GLI-01295-000,111,0.0033,38,11519,38.0,11519.0
BraTS-GLI-01295-000,112,0.0039,44,11174,44.0,11174.0
BraTS-GLI-01295-000,113,0.004,43,10825,43.0,10825.0
BraTS-GLI-01295-000,114,0.0044,46,10478,46.0,10478.0
BraTS-GLI-01295-000,115,0.0043,43,10117,43.0,10117.0
BraTS-GLI-01105-000,40,0.1226,1613,13154,1613.0,13154.0
BraTS-GLI-01105-000,41,0.13,1741,13388,1741.0,13388.0
BraTS-GLI-01105-000,42,0.1343,1826,13596,1826.0,13596.0
BraTS-GLI-01105-000,43,0.1372,1892,13795,1892.0,13795.0
BraTS-GLI-01105-000,44,0.1486,2079,13991,2079.0,13991.0
BraTS-GLI-01105-000,45,0.1543,2181,14135,2181.0,14135.0
BraTS-GLI-01105-000,46,0.1624,2315,14252,2315.0,14252.0
BraTS-GLI-01105-000,47,0.1758,2525,14360,2525.0,14360.0
BraTS-GLI-01105-000,48,0.1763,2548,14454,2548.0,14454.0
BraTS-GLI-01105-000,49,0.179,2601,14529,2601.0,14529.0
BraTS-GLI-01105-000,50,0.1835,2680,14607,2680.0,14607.0
BraTS-GLI-01105-000,51,0.182,2674,14696,2674.0,14696.0
BraTS-GLI-01105-000,52,0.1785,2661,14911,2661.0,14911.0
BraTS-GLI-01105-000,53,0.1815,2754,15170,2754.0,15170.0
BraTS-GLI-01105-000,54,0.1781,2766,15534,2766.0,15534.0
BraTS-GLI-01105-000,55,0.1778,2822,15870,2822.0,15870.0
BraTS-GLI-01105-000,56,0.1802,2920,16204,2920.0,16204.0
BraTS-GLI-01105-000,57,0.1819,2987,16423,2987.0,16423.0
BraTS-GLI-01105-000,58,0.1817,3012,16578,3012.0,16578.0
BraTS-GLI-01105-000,59,0.1887,3150,16691,3150.0,16691.0
BraTS-GLI-01105-000,60,0.1848,3105,16806,3105.0,16806.0
BraTS-GLI-01105-000,61,0.18,3048,16930,3048.0,16930.0
BraTS-GLI-01105-000,62,0.1882,3212,17070,3212.0,17070.0
BraTS-GLI-01105-000,63,0.1862,3207,17224,3207.0,17224.0
BraTS-GLI-01105-000,64,0.1822,3166,17373,3166.0,17373.0
BraTS-GLI-01105-000,65,0.19,3338,17571,3338.0,17571.0
BraTS-GLI-01105-000,66,0.1907,3382,17739,3382.0,17739.0
BraTS-GLI-01105-000,67,0.1817,3259,17934,3259.0,17934.0
BraTS-GLI-01105-000,68,0.1738,3142,18083,3142.0,18083.0
BraTS-GLI-01105-000,69,0.169,3075,18198,3075.0,18198.0
BraTS-GLI-01105-000,70,0.1653,3026,18302,3026.0,18302.0
BraTS-GLI-01105-000,71,0.1589,2921,18378,2921.0,18378.0
BraTS-GLI-01105-000,72,0.1573,2901,18438,2901.0,18438.0
BraTS-GLI-01105-000,73,0.1513,2796,18484,2796.0,18484.0
BraTS-GLI-01105-000,74,0.1457,2698,18513,2698.0,18513.0
BraTS-GLI-01105-000,75,0.1424,2637,18512,2637.0,18512.0
BraTS-GLI-01105-000,76,0.1329,2462,18523,2462.0,18523.0
BraTS-GLI-01105-000,77,0.1345,2490,18509,2490.0,18509.0
BraTS-GLI-01105-000,78,0.13,2405,18496,2405.0,18496.0
BraTS-GLI-01105-000,79,0.1278,2361,18477,2361.0,18477.0
BraTS-GLI-01105-000,80,0.124,2288,18445,2288.0,18445.0
BraTS-GLI-01105-000,81,0.1169,2151,18395,2151.0,18395.0
BraTS-GLI-01105-000,82,0.1085,1988,18323,1988.0,18323.0
BraTS-GLI-01105-000,83,0.1039,1896,18249,1896.0,18249.0
BraTS-GLI-01105-000,84,0.0956,1733,18135,1733.0,18135.0
BraTS-GLI-01105-000,85,0.0778,1402,18013,1402.0,18013.0
BraTS-GLI-01105-000,86,0.0667,1193,17894,1193.0,17894.0
BraTS-GLI-01105-000,87,0.056,996,17779,996.0,17779.0
BraTS-GLI-01105-000,88,0.0466,823,17660,823.0,17660.0
BraTS-GLI-01105-000,89,0.0442,775,17543,775.0,17543.0
BraTS-GLI-01105-000,90,0.0371,646,17414,646.0,17414.0
BraTS-GLI-01105-000,91,0.0316,547,17318,547.0,17318.0
BraTS-GLI-01105-000,92,0.0297,510,17171,510.0,17171.0
BraTS-GLI-01105-000,93,0.0258,439,17023,439.0,17023.0
BraTS-GLI-01105-000,94,0.0255,430,16854,430.0,16854.0
BraTS-GLI-01105-000,95,0.0228,380,16655,380.0,16655.0
BraTS-GLI-01105-000,96,0.0189,311,16442,311.0,16442.0
BraTS-GLI-01105-000,97,0.0175,284,16244,284.0,16244.0
BraTS-GLI-01105-000,98,0.0149,239,16044,239.0,16044.0
BraTS-GLI-01105-000,99,0.0082,129,15826,129.0,15826.0
BraTS-GLI-01105-000,100,0.0021,32,15561,32.0,15561.0
BraTS-GLI-01105-000,101,0.0012,18,15296,18.0,15296.0
BraTS-GLI-00525-000,40,0.0952,1165,12243,1165.0,12243.0
BraTS-GLI-00525-000,41,0.1008,1262,12519,1262.0,12519.0
BraTS-GLI-00525-000,42,0.1078,1378,12781,1378.0,12781.0
BraTS-GLI-00525-000,43,0.1163,1517,13043,1517.0,13043.0
BraTS-GLI-00525-000,44,0.124,1647,13287,1647.0,13287.0
BraTS-GLI-00525-000,45,0.1326,1792,13519,1792.0,13519.0
BraTS-GLI-00525-000,46,0.1399,1916,13700,1916.0,13700.0
BraTS-GLI-00525-000,47,0.1443,2000,13858,2000.0,13858.0
BraTS-GLI-00525-000,48,0.1471,2058,13992,2058.0,13992.0
BraTS-GLI-00525-000,49,0.1482,2091,14113,2091.0,14113.0
BraTS-GLI-00525-000,50,0.148,2103,14214,2103.0,14214.0
BraTS-GLI-00525-000,51,0.1484,2126,14327,2126.0,14327.0
BraTS-GLI-00525-000,52,0.1482,2138,14430,2138.0,14430.0
BraTS-GLI-00525-000,53,0.1471,2140,14550,2140.0,14550.0
BraTS-GLI-00525-000,54,0.1453,2136,14700,2136.0,14700.0
BraTS-GLI-00525-000,55,0.1456,2177,14950,2177.0,14950.0
BraTS-GLI-00525-000,56,0.1511,2303,15242,2303.0,15242.0
BraTS-GLI-00525-000,57,0.1521,2375,15614,2375.0,15614.0
BraTS-GLI-00525-000,58,0.1526,2404,15751,2404.0,15751.0
BraTS-GLI-00525-000,59,0.1519,2408,15854,2408.0,15854.0
BraTS-GLI-00525-000,60,0.1502,2394,15940,2394.0,15940.0
BraTS-GLI-00525-000,61,0.149,2381,15985,2381.0,15985.0
BraTS-GLI-00525-000,62,0.1457,2342,16070,2342.0,16070.0
BraTS-GLI-00525-000,63,0.1424,2294,16113,2294.0,16113.0
BraTS-GLI-00525-000,64,0.1395,2253,16149,2253.0,16149.0
BraTS-GLI-00525-000,65,0.1363,2208,16196,2208.0,16196.0
BraTS-GLI-00525-000,66,0.1344,2189,16288,2189.0,16288.0
BraTS-GLI-00525-000,67,0.1321,2162,16369,2162.0,16369.0
BraTS-GLI-00525-000,68,0.1309,2156,16476,2156.0,16476.0
BraTS-GLI-00525-000,69,0.13,2153,16566,2153.0,16566.0
BraTS-GLI-00525-000,70,0.1291,2148,16635,2148.0,16635.0
BraTS-GLI-00525-000,71,0.128,2140,16717,2140.0,16717.0
BraTS-GLI-00525-000,72,0.1273,2139,16800,2139.0,16800.0
BraTS-GLI-00525-000,73,0.1242,2101,16912,2101.0,16912.0
BraTS-GLI-00525-000,74,0.1204,2053,17054,2053.0,17054.0
BraTS-GLI-00525-000,75,0.1177,2019,17150,2019.0,17150.0
BraTS-GLI-00525-000,76,0.1135,1956,17232,1956.0,17232.0
BraTS-GLI-00525-000,77,0.1074,1864,17359,1864.0,17359.0
BraTS-GLI-00525-000,78,0.1,1754,17532,1754.0,17532.0
BraTS-GLI-00525-000,79,0.0912,1611,17656,1611.0,17656.0
BraTS-GLI-00525-000,80,0.0817,1450,17749,1450.0,17749.0
BraTS-GLI-00525-000,81,0.0705,1255,17806,1255.0,17806.0
BraTS-GLI-00525-000,82,0.0619,1105,17858,1105.0,17858.0
BraTS-GLI-00525-000,83,0.0523,936,17894,936.0,17894.0
BraTS-GLI-00525-000,84,0.0458,821,17913,821.0,17913.0
BraTS-GLI-00525-000,85,0.0415,744,17931,744.0,17931.0
BraTS-GLI-00525-000,86,0.0368,660,17916,660.0,17916.0
BraTS-GLI-00525-000,87,0.0323,579,17908,579.0,17908.0
BraTS-GLI-00525-000,88,0.028,501,17874,501.0,17874.0
BraTS-GLI-00525-000,89,0.0229,408,17830,408.0,17830.0
BraTS-GLI-00525-000,90,0.0164,292,17777,292.0,17777.0
BraTS-GLI-00525-000,91,0.0067,118,17707,118.0,17707.0
BraTS-GLI-00525-000,92,0.0003,5,17636,5.0,17636.0
BraTS-GLI-01040-000,43,0.0004,6,13737,6.0,13737.0
BraTS-GLI-01040-000,44,0.0016,22,13882,22.0,13882.0
BraTS-GLI-01040-000,45,0.0035,49,14039,49.0,14039.0
BraTS-GLI-01040-000,46,0.0061,87,14179,87.0,14179.0
BraTS-GLI-01040-000,47,0.0082,117,14317,117.0,14317.0
BraTS-GLI-01040-000,48,0.0095,138,14458,138.0,14458.0
BraTS-GLI-01040-000,49,0.0109,160,14644,160.0,14644.0
BraTS-GLI-01040-000,50,0.0121,180,14817,180.0,14817.0
BraTS-GLI-01040-000,51,0.0173,261,15096,261.0,15096.0
BraTS-GLI-01040-000,52,0.0223,347,15595,347.0,15595.0
BraTS-GLI-01040-000,53,0.0323,519,16086,519.0,16086.0
BraTS-GLI-01040-000,54,0.0367,601,16380,601.0,16380.0
BraTS-GLI-01040-000,55,0.0423,706,16692,706.0,16692.0
BraTS-GLI-01040-000,56,0.055,936,17019,936.0,17019.0
BraTS-GLI-01040-000,57,0.063,1090,17289,1090.0,17289.0
BraTS-GLI-01040-000,58,0.0727,1275,17531,1275.0,17531.0
BraTS-GLI-01040-000,59,0.0736,1307,17756,1307.0,17756.0
BraTS-GLI-01040-000,60,0.0778,1400,17994,1400.0,17994.0
BraTS-GLI-01040-000,61,0.0846,1538,18178,1538.0,18178.0
BraTS-GLI-01040-000,62,0.0882,1622,18384,1622.0,18384.0
BraTS-GLI-01040-000,63,0.0927,1717,18531,1717.0,18531.0
BraTS-GLI-01040-000,64,0.097,1809,18659,1809.0,18659.0
BraTS-GLI-01040-000,65,0.0995,1869,18783,1869.0,18783.0
BraTS-GLI-01040-000,66,0.1048,1983,18914,1983.0,18914.0
BraTS-GLI-01040-000,67,0.1106,2102,19001,2102.0,19001.0
BraTS-GLI-01040-000,68,0.1138,2169,19060,2169.0,19060.0
BraTS-GLI-01040-000,69,0.1152,2200,19104,2200.0,19104.0
BraTS-GLI-01040-000,70,0.118,2261,19164,2261.0,19164.0
BraTS-GLI-01040-000,71,0.116,2226,19196,2226.0,19196.0
BraTS-GLI-01040-000,72,0.116,2233,19255,2233.0,19255.0
BraTS-GLI-01040-000,73,0.1118,2156,19285,2156.0,19285.0
BraTS-GLI-01040-000,74,0.1111,2144,19292,2144.0,19292.0
BraTS-GLI-01040-000,75,0.106,2045,19300,2045.0,19300.0
BraTS-GLI-01040-000,76,0.105,2028,19309,2028.0,19309.0
BraTS-GLI-01040-000,77,0.1059,2045,19303,2045.0,19303.0
BraTS-GLI-01040-000,78,0.1065,2056,19304,2056.0,19304.0
BraTS-GLI-01040-000,79,0.1058,2040,19286,2040.0,19286.0
BraTS-GLI-01040-000,80,0.105,2023,19262,2023.0,19262.0
BraTS-GLI-01040-000,81,0.1058,2033,19216,2033.0,19216.0
BraTS-GLI-01040-000,82,0.1049,2007,19128,2007.0,19128.0
BraTS-GLI-01040-000,83,0.1033,1967,19033,1967.0,19033.0
BraTS-GLI-01040-000,84,0.103,1953,18954,1953.0,18954.0
BraTS-GLI-01040-000,85,0.1029,1941,18858,1941.0,18858.0
BraTS-GLI-01040-000,86,0.1051,1972,18769,1972.0,18769.0
BraTS-GLI-01040-000,87,0.1094,2041,18661,2041.0,18661.0
BraTS-GLI-01040-000,88,0.1127,2087,18525,2087.0,18525.0
BraTS-GLI-01040-000,89,0.1141,2098,18386,2098.0,18386.0
BraTS-GLI-01040-000,90,0.1133,2067,18242,2067.0,18242.0
BraTS-GLI-01040-000,91,0.1131,2045,18082,2045.0,18082.0
BraTS-GLI-01040-000,92,0.1125,2014,17903,2014.0,17903.0
BraTS-GLI-01040-000,93,0.1099,1946,17712,1946.0,17712.0
BraTS-GLI-01040-000,94,0.11,1927,17518,1927.0,17518.0
BraTS-GLI-01040-000,95,0.1071,1855,17313,1855.0,17313.0
BraTS-GLI-01040-000,96,0.1035,1770,17105,1770.0,17105.0
BraTS-GLI-01040-000,97,0.0979,1656,16910,1656.0,16910.0
BraTS-GLI-01040-000,98,0.0909,1515,16660,1515.0,16660.0
BraTS-GLI-01040-000,99,0.082,1347,16431,1347.0,16431.0
BraTS-GLI-01040-000,100,0.0735,1190,16188,1190.0,16188.0
BraTS-GLI-01040-000,101,0.0677,1079,15942,1079.0,15942.0
BraTS-GLI-01040-000,102,0.0652,1023,15696,1023.0,15696.0
BraTS-GLI-01040-000,103,0.0628,970,15451,970.0,15451.0
BraTS-GLI-01040-000,104,0.061,927,15195,927.0,15195.0
BraTS-GLI-01040-000,105,0.0594,886,14923,886.0,14923.0
BraTS-GLI-01040-000,106,0.0582,852,14632,852.0,14632.0
BraTS-GLI-01040-000,107,0.0558,800,14346,800.0,14346.0
BraTS-GLI-01040-000,108,0.0503,706,14022,706.0,14022.0
BraTS-GLI-01040-000,109,0.0436,598,13700,598.0,13700.0
BraTS-GLI-01040-000,110,0.0372,498,13402,498.0,13402.0
BraTS-GLI-01040-000,111,0.0273,355,13024,355.0,13024.0
BraTS-GLI-01040-000,112,0.0214,269,12579,269.0,12579.0
BraTS-GLI-01040-000,113,0.0185,226,12207,226.0,12207.0
BraTS-GLI-01040-000,114,0.0134,159,11836,159.0,11836.0
BraTS-GLI-01040-000,115,0.0122,140,11457,140.0,11457.0
BraTS-GLI-00269-000,62,0.0003,6,18452,6.0,18452.0
BraTS-GLI-00269-000,63,0.0012,22,18628,22.0,18628.0
BraTS-GLI-00269-000,64,0.0019,36,18812,36.0,18812.0
BraTS-GLI-00269-000,65,0.0025,48,18999,48.0,18999.0
BraTS-GLI-00269-000,66,0.0045,87,19205,87.0,19205.0
BraTS-GLI-00269-000,67,0.008,155,19351,155.0,19351.0
BraTS-GLI-00269-000,68,0.0127,248,19469,248.0,19469.0
BraTS-GLI-00269-000,69,0.0181,355,19567,355.0,19567.0
BraTS-GLI-00269-000,70,0.0231,454,19640,454.0,19640.0
BraTS-GLI-00269-000,71,0.0278,547,19695,547.0,19695.0
BraTS-GLI-00269-000,72,0.0321,634,19745,634.0,19745.0
BraTS-GLI-00269-000,73,0.0371,734,19804,734.0,19804.0
BraTS-GLI-00269-000,74,0.0424,842,19837,842.0,19837.0
BraTS-GLI-00269-000,75,0.0492,976,19853,976.0,19853.0
BraTS-GLI-00269-000,76,0.0585,1163,19869,1163.0,19869.0
BraTS-GLI-00269-000,77,0.0667,1325,19861,1325.0,19861.0
BraTS-GLI-00269-000,78,0.0723,1434,19837,1434.0,19837.0
BraTS-GLI-00269-000,79,0.0784,1552,19791,1552.0,19791.0
BraTS-GLI-00269-000,80,0.0824,1627,19757,1627.0,19757.0
BraTS-GLI-00269-000,81,0.0846,1670,19737,1670.0,19737.0
BraTS-GLI-00269-000,82,0.0867,1710,19717,1710.0,19717.0
BraTS-GLI-00269-000,83,0.0885,1743,19690,1743.0,19690.0
BraTS-GLI-00269-000,84,0.0888,1745,19658,1745.0,19658.0
BraTS-GLI-00269-000,85,0.0879,1723,19606,1723.0,19606.0
BraTS-GLI-00269-000,86,0.0881,1720,19532,1720.0,19532.0
BraTS-GLI-00269-000,87,0.0891,1735,19462,1735.0,19462.0
BraTS-GLI-00269-000,88,0.0899,1740,19352,1740.0,19352.0
BraTS-GLI-00269-000,89,0.0907,1746,19254,1746.0,19254.0
BraTS-GLI-00269-000,90,0.093,1780,19131,1780.0,19131.0
BraTS-GLI-00269-000,91,0.0949,1800,18974,1800.0,18974.0
BraTS-GLI-00269-000,92,0.0972,1828,18814,1828.0,18814.0
BraTS-GLI-00269-000,93,0.0981,1830,18652,1830.0,18652.0
BraTS-GLI-00269-000,94,0.1014,1873,18476,1873.0,18476.0
BraTS-GLI-00269-000,95,0.1053,1927,18305,1927.0,18305.0
BraTS-GLI-00269-000,96,0.1098,1991,18131,1991.0,18131.0
BraTS-GLI-00269-000,97,0.1133,2034,17958,2034.0,17958.0
BraTS-GLI-00269-000,98,0.1156,2053,17766,2053.0,17766.0
BraTS-GLI-00269-000,99,0.1158,2034,17567,2034.0,17567.0
BraTS-GLI-00269-000,100,0.1169,2028,17351,2028.0,17351.0
BraTS-GLI-00269-000,101,0.1186,2031,17131,2031.0,17131.0
BraTS-GLI-00269-000,102,0.1219,2053,16847,2053.0,16847.0
BraTS-GLI-00269-000,103,0.1248,2069,16574,2069.0,16574.0
BraTS-GLI-00269-000,104,0.1301,2119,16288,2119.0,16288.0
BraTS-GLI-00269-000,105,0.1352,2161,15985,2161.0,15985.0
BraTS-GLI-00269-000,106,0.1405,2204,15683,2204.0,15683.0
BraTS-GLI-00269-000,107,0.1461,2242,15348,2242.0,15348.0
BraTS-GLI-00269-000,108,0.1512,2269,15008,2269.0,15008.0
BraTS-GLI-00269-000,109,0.1561,2285,14638,2285.0,14638.0
BraTS-GLI-00269-000,110,0.1606,2296,14298,2296.0,14298.0
BraTS-GLI-00269-000,111,0.1642,2284,13906,2284.0,13906.0
BraTS-GLI-00269-000,112,0.1674,2262,13512,2262.0,13512.0
BraTS-GLI-00269-000,113,0.1687,2208,13087,2208.0,13087.0
BraTS-GLI-00269-000,114,0.1669,2112,12655,2112.0,12655.0
BraTS-GLI-00269-000,115,0.1644,2009,12221,2009.0,12221.0
BraTS-GLI-00327-000,40,0.052,523,10055,523.0,10055.0
BraTS-GLI-00327-000,41,0.066,685,10384,685.0,10384.0
BraTS-GLI-00327-000,42,0.091,970,10665,970.0,10665.0
BraTS-GLI-00327-000,43,0.1151,1262,10960,1262.0,10960.0
BraTS-GLI-00327-000,44,0.1321,1484,11230,1484.0,11230.0
BraTS-GLI-00327-000,45,0.1494,1705,11416,1705.0,11416.0
BraTS-GLI-00327-000,46,0.1662,1928,11601,1928.0,11601.0
BraTS-GLI-00327-000,47,0.1771,2133,12044,2133.0,12044.0
BraTS-GLI-00327-000,48,0.1852,2311,12477,2311.0,12477.0
BraTS-GLI-00327-000,49,0.1998,2550,12762,2550.0,12762.0
BraTS-GLI-00327-000,50,0.2104,2749,13066,2749.0,13066.0
BraTS-GLI-00327-000,51,0.2122,2834,13355,2834.0,13355.0
BraTS-GLI-00327-000,52,0.2135,2917,13664,2917.0,13664.0
BraTS-GLI-00327-000,53,0.2181,3030,13891,3030.0,13891.0
BraTS-GLI-00327-000,54,0.2252,3174,14093,3174.0,14093.0
BraTS-GLI-00327-000,55,0.2285,3267,14296,3267.0,14296.0
BraTS-GLI-00327-000,56,0.2272,3298,14518,3298.0,14518.0
BraTS-GLI-00327-000,57,0.2219,3270,14734,3270.0,14734.0
BraTS-GLI-00327-000,58,0.2165,3242,14978,3242.0,14978.0
BraTS-GLI-00327-000,59,0.2088,3175,15206,3175.0,15206.0
BraTS-GLI-00327-000,60,0.2011,3103,15432,3103.0,15432.0
BraTS-GLI-00327-000,61,0.1941,3039,15656,3039.0,15656.0
BraTS-GLI-00327-000,62,0.1864,2957,15865,2957.0,15865.0
BraTS-GLI-00327-000,63,0.1778,2861,16092,2861.0,16092.0
BraTS-GLI-00327-000,64,0.1704,2783,16330,2783.0,16330.0
BraTS-GLI-00327-000,65,0.1635,2705,16541,2705.0,16541.0
BraTS-GLI-00327-000,66,0.1585,2651,16721,2651.0,16721.0
BraTS-GLI-00327-000,67,0.1544,2605,16875,2605.0,16875.0
BraTS-GLI-00327-000,68,0.1513,2573,17011,2573.0,17011.0
BraTS-GLI-00327-000,69,0.1465,2508,17118,2508.0,17118.0
BraTS-GLI-00327-000,70,0.1425,2453,17219,2453.0,17219.0
BraTS-GLI-00327-000,71,0.1368,2365,17287,2365.0,17287.0
BraTS-GLI-00327-000,72,0.1305,2262,17339,2262.0,17339.0
BraTS-GLI-00327-000,73,0.1217,2114,17374,2114.0,17374.0
BraTS-GLI-00327-000,74,0.1096,1908,17404,1908.0,17404.0
BraTS-GLI-00327-000,75,0.0975,1698,17420,1698.0,17420.0
BraTS-GLI-00327-000,76,0.0858,1495,17432,1495.0,17432.0
BraTS-GLI-00327-000,77,0.0731,1274,17431,1274.0,17431.0
BraTS-GLI-00327-000,78,0.0631,1100,17422,1100.0,17422.0
BraTS-GLI-00327-000,79,0.0541,942,17421,942.0,17421.0
BraTS-GLI-00327-000,80,0.0478,832,17396,832.0,17396.0
BraTS-GLI-00327-000,81,0.0382,663,17363,663.0,17363.0
BraTS-GLI-00327-000,82,0.0337,584,17325,584.0,17325.0
BraTS-GLI-00327-000,83,0.0294,508,17288,508.0,17288.0
BraTS-GLI-00327-000,84,0.0251,434,17258,434.0,17258.0
BraTS-GLI-00327-000,85,0.0218,376,17232,376.0,17232.0
BraTS-GLI-00327-000,86,0.018,310,17179,310.0,17179.0
BraTS-GLI-00327-000,87,0.0121,207,17136,207.0,17136.0
BraTS-GLI-00327-000,88,0.0089,152,17085,152.0,17085.0
BraTS-GLI-00327-000,89,0.0061,104,17008,104.0,17008.0
BraTS-GLI-00327-000,90,0.0046,78,16916,78.0,16916.0
BraTS-GLI-00327-000,91,0.0026,43,16818,43.0,16818.0
BraTS-GLI-00327-000,92,0.0014,23,16705,23.0,16705.0
BraTS-GLI-00327-000,93,0.0002,3,16591,3.0,16591.0
BraTS-GLI-00591-000,50,0.0007,9,13758,9.0,13758.0
BraTS-GLI-00591-000,51,0.005,70,14022,70.0,14022.0
BraTS-GLI-00591-000,52,0.0123,175,14251,175.0,14251.0
BraTS-GLI-00591-000,53,0.0258,375,14511,375.0,14511.0
BraTS-GLI-00591-000,54,0.048,705,14688,705.0,14688.0
BraTS-GLI-00591-000,55,0.0588,875,14872,875.0,14872.0
BraTS-GLI-00591-000,56,0.0714,1074,15032,1074.0,15032.0
BraTS-GLI-00591-000,57,0.0892,1355,15186,1355.0,15186.0
BraTS-GLI-00591-000,58,0.1032,1588,15385,1588.0,15385.0
BraTS-GLI-00591-000,59,0.1063,1657,15586,1657.0,15586.0
BraTS-GLI-00591-000,60,0.111,1751,15781,1751.0,15781.0
BraTS-GLI-00591-000,61,0.1139,1822,15996,1822.0,15996.0
BraTS-GLI-00591-000,62,0.1203,1945,16169,1945.0,16169.0
BraTS-GLI-00591-000,63,0.1258,2056,16339,2056.0,16339.0
BraTS-GLI-00591-000,64,0.1307,2167,16576,2167.0,16576.0
BraTS-GLI-00591-000,65,0.1341,2242,16714,2242.0,16714.0
BraTS-GLI-00591-000,66,0.1398,2359,16872,2359.0,16872.0
BraTS-GLI-00591-000,67,0.1439,2445,16988,2445.0,16988.0
BraTS-GLI-00591-000,68,0.1455,2489,17105,2489.0,17105.0
BraTS-GLI-00591-000,69,0.1437,2472,17201,2472.0,17201.0
BraTS-GLI-00591-000,70,0.148,2554,17262,2554.0,17262.0
BraTS-GLI-00591-000,71,0.1482,2564,17304,2564.0,17304.0
BraTS-GLI-00591-000,72,0.1523,2643,17351,2643.0,17351.0
BraTS-GLI-00591-000,73,0.1593,2767,17370,2767.0,17370.0
BraTS-GLI-00591-000,74,0.1653,2875,17390,2875.0,17390.0
BraTS-GLI-00591-000,75,0.1707,2966,17380,2966.0,17380.0
BraTS-GLI-00591-000,76,0.1738,3018,17368,3018.0,17368.0
BraTS-GLI-00591-000,77,0.1744,3026,17348,3026.0,17348.0
BraTS-GLI-00591-000,78,0.1755,3035,17291,3035.0,17291.0
BraTS-GLI-00591-000,79,0.1772,3057,17251,3057.0,17251.0
BraTS-GLI-00591-000,80,0.1796,3086,17186,3086.0,17186.0
BraTS-GLI-00591-000,81,0.1824,3128,17145,3128.0,17145.0
BraTS-GLI-00591-000,82,0.1881,3212,17073,3212.0,17073.0
BraTS-GLI-00591-000,83,0.1971,3356,17024,3356.0,17024.0
BraTS-GLI-00591-000,84,0.1983,3361,16949,3361.0,16949.0
BraTS-GLI-00591-000,85,0.1979,3343,16891,3343.0,16891.0
BraTS-GLI-00591-000,86,0.1951,3288,16851,3288.0,16851.0
BraTS-GLI-00591-000,87,0.1922,3226,16782,3226.0,16782.0
BraTS-GLI-00591-000,88,0.196,3273,16699,3273.0,16699.0
BraTS-GLI-00591-000,89,0.1928,3204,16618,3204.0,16618.0
BraTS-GLI-00591-000,90,0.1936,3192,16486,3192.0,16486.0
BraTS-GLI-00591-000,91,0.1918,3140,16368,3140.0,16368.0
BraTS-GLI-00591-000,92,0.1898,3084,16252,3084.0,16252.0
BraTS-GLI-00591-000,93,0.1727,2777,16079,2777.0,16079.0
BraTS-GLI-00591-000,94,0.1742,2774,15927,2774.0,15927.0
BraTS-GLI-00591-000,95,0.1766,2783,15755,2783.0,15755.0
BraTS-GLI-00591-000,96,0.1777,2750,15474,2750.0,15474.0
BraTS-GLI-00591-000,97,0.178,2735,15362,2735.0,15362.0
BraTS-GLI-00591-000,98,0.1788,2709,15148,2709.0,15148.0
BraTS-GLI-00591-000,99,0.1734,2594,14957,2594.0,14957.0
BraTS-GLI-00591-000,100,0.1715,2531,14758,2531.0,14758.0
BraTS-GLI-00591-000,101,0.1677,2438,14538,2438.0,14538.0
BraTS-GLI-00591-000,102,0.1632,2326,14251,2326.0,14251.0
BraTS-GLI-00591-000,103,0.1595,2232,13992,2232.0,13992.0
BraTS-GLI-00591-000,104,0.1566,2156,13768,2156.0,13768.0
BraTS-GLI-00591-000,105,0.1505,2033,13506,2033.0,13506.0
BraTS-GLI-00591-000,106,0.1376,1828,13285,1828.0,13285.0
BraTS-GLI-00591-000,107,0.1195,1554,13008,1554.0,13008.0
BraTS-GLI-00591-000,108,0.1043,1326,12717,1326.0,12717.0
BraTS-GLI-00591-000,109,0.0937,1167,12449,1167.0,12449.0
BraTS-GLI-00591-000,110,0.0852,1034,12136,1034.0,12136.0
BraTS-GLI-00591-000,111,0.0784,926,11809,926.0,11809.0
BraTS-GLI-00591-000,112,0.0733,842,11488,842.0,11488.0
BraTS-GLI-00591-000,113,0.0685,768,11204,768.0,11204.0
BraTS-GLI-00591-000,114,0.0639,695,10870,695.0,10870.0
BraTS-GLI-00591-000,115,0.0608,638,10497,638.0,10497.0
BraTS-GLI-01073-000,54,0.0011,16,14151,16.0,14151.0
BraTS-GLI-01073-000,55,0.0033,49,14887,49.0,14887.0
BraTS-GLI-01073-000,56,0.009,136,15174,136.0,15174.0
BraTS-GLI-01073-000,57,0.0215,330,15379,330.0,15379.0
BraTS-GLI-01073-000,58,0.0332,517,15575,517.0,15575.0
BraTS-GLI-01073-000,59,0.0428,673,15736,673.0,15736.0
BraTS-GLI-01073-000,60,0.0503,802,15933,802.0,15933.0
BraTS-GLI-01073-000,61,0.0588,948,16123,948.0,16123.0
BraTS-GLI-01073-000,62,0.0662,1080,16321,1080.0,16321.0
BraTS-GLI-01073-000,63,0.0702,1160,16526,1160.0,16526.0
BraTS-GLI-01073-000,64,0.0722,1206,16706,1206.0,16706.0
BraTS-GLI-01073-000,65,0.0759,1279,16856,1279.0,16856.0
BraTS-GLI-01073-000,66,0.0803,1366,17021,1366.0,17021.0
BraTS-GLI-01073-000,67,0.0849,1458,17165,1458.0,17165.0
BraTS-GLI-01073-000,68,0.0904,1566,17331,1566.0,17331.0
BraTS-GLI-01073-000,69,0.094,1642,17475,1642.0,17475.0
BraTS-GLI-01073-000,70,0.101,1781,17629,1781.0,17629.0
BraTS-GLI-01073-000,71,0.1072,1903,17756,1903.0,17756.0
BraTS-GLI-01073-000,72,0.1125,2005,17816,2005.0,17816.0
BraTS-GLI-01073-000,73,0.1159,2069,17852,2069.0,17852.0
BraTS-GLI-01073-000,74,0.1199,2146,17901,2146.0,17901.0
BraTS-GLI-01073-000,75,0.1225,2196,17930,2196.0,17930.0
BraTS-GLI-01073-000,76,0.1236,2220,17958,2220.0,17958.0
BraTS-GLI-01073-000,77,0.1253,2252,17974,2252.0,17974.0
BraTS-GLI-01073-000,78,0.1264,2274,17994,2274.0,17994.0
BraTS-GLI-01073-000,79,0.1271,2288,17997,2288.0,17997.0
BraTS-GLI-01073-000,80,0.1286,2316,18011,2316.0,18011.0
BraTS-GLI-01073-000,81,0.1309,2355,17994,2355.0,17994.0
BraTS-GLI-01073-000,82,0.1332,2391,17951,2391.0,17951.0
BraTS-GLI-01073-000,83,0.1356,2429,17911,2429.0,17911.0
BraTS-GLI-01073-000,84,0.1383,2469,17849,2469.0,17849.0
BraTS-GLI-01073-000,85,0.1418,2517,17756,2517.0,17756.0
BraTS-GLI-01073-000,86,0.1437,2535,17646,2535.0,17646.0
BraTS-GLI-01073-000,87,0.1477,2594,17564,2594.0,17564.0
BraTS-GLI-01073-000,88,0.1502,2629,17506,2629.0,17506.0
BraTS-GLI-01073-000,89,0.1559,2713,17401,2713.0,17401.0
BraTS-GLI-01073-000,90,0.1603,2772,17288,2772.0,17288.0
BraTS-GLI-01073-000,91,0.1634,2802,17153,2802.0,17153.0
BraTS-GLI-01073-000,92,0.1667,2834,16996,2834.0,16996.0
BraTS-GLI-01073-000,93,0.1655,2789,16852,2789.0,16852.0
BraTS-GLI-01073-000,94,0.1626,2714,16694,2714.0,16694.0
BraTS-GLI-01073-000,95,0.155,2560,16512,2560.0,16512.0
BraTS-GLI-01073-000,96,0.1475,2405,16307,2405.0,16307.0
BraTS-GLI-01073-000,97,0.1436,2314,16112,2314.0,16112.0
BraTS-GLI-01073-000,98,0.1363,2168,15908,2168.0,15908.0
BraTS-GLI-01073-000,99,0.1297,2037,15706,2037.0,15706.0
BraTS-GLI-01073-000,100,0.127,1969,15502,1969.0,15502.0
BraTS-GLI-01073-000,101,0.1266,1931,15249,1931.0,15249.0
BraTS-GLI-01073-000,102,0.123,1845,15004,1845.0,15004.0
BraTS-GLI-01073-000,103,0.1144,1686,14740,1686.0,14740.0
BraTS-GLI-01073-000,104,0.1047,1512,14445,1512.0,14445.0
BraTS-GLI-01073-000,105,0.0923,1306,14151,1306.0,14151.0
BraTS-GLI-01073-000,106,0.0906,1254,13847,1254.0,13847.0
BraTS-GLI-01073-000,107,0.0886,1197,13515,1197.0,13515.0
BraTS-GLI-01073-000,108,0.0878,1157,13173,1157.0,13173.0
BraTS-GLI-01073-000,109,0.0871,1118,12837,1118.0,12837.0
BraTS-GLI-01073-000,110,0.0896,1118,12479,1118.0,12479.0
BraTS-GLI-01073-000,111,0.0921,1117,12132,1117.0,12132.0
BraTS-GLI-01073-000,112,0.0934,1099,11772,1099.0,11772.0
BraTS-GLI-01073-000,113,0.0995,1133,11384,1133.0,11384.0
BraTS-GLI-01073-000,114,0.1005,1104,10980,1104.0,10980.0
BraTS-GLI-01073-000,115,0.0988,1045,10581,1045.0,10581.0
BraTS-GLI-00724-000,60,0.0006,11,17027,11.0,17027.0
BraTS-GLI-00724-000,61,0.0048,82,17198,82.0,17198.0
BraTS-GLI-00724-000,62,0.0138,239,17343,239.0,17343.0
BraTS-GLI-00724-000,63,0.0274,478,17459,478.0,17459.0
BraTS-GLI-00724-000,64,0.0353,620,17565,620.0,17565.0
BraTS-GLI-00724-000,65,0.042,741,17657,741.0,17657.0
BraTS-GLI-00724-000,66,0.0462,818,17719,818.0,17719.0
BraTS-GLI-00724-000,67,0.0509,905,17776,905.0,17776.0
BraTS-GLI-00724-000,68,0.0575,1025,17831,1025.0,17831.0
BraTS-GLI-00724-000,69,0.0677,1209,17865,1209.0,17865.0
BraTS-GLI-00724-000,70,0.0777,1389,17886,1389.0,17886.0
BraTS-GLI-00724-000,71,0.0863,1543,17885,1543.0,17885.0
BraTS-GLI-00724-000,72,0.0932,1666,17880,1666.0,17880.0
BraTS-GLI-00724-000,73,0.1019,1820,17868,1820.0,17868.0
BraTS-GLI-00724-000,74,0.1107,1978,17862,1978.0,17862.0
BraTS-GLI-00724-000,75,0.1175,2098,17851,2098.0,17851.0
BraTS-GLI-00724-000,76,0.1233,2198,17828,2198.0,17828.0
BraTS-GLI-00724-000,77,0.1295,2306,17802,2306.0,17802.0
BraTS-GLI-00724-000,78,0.1368,2433,17785,2433.0,17785.0
BraTS-GLI-00724-000,79,0.1452,2576,17744,2576.0,17744.0
BraTS-GLI-00724-000,80,0.1559,2760,17700,2760.0,17700.0
BraTS-GLI-00724-000,81,0.1646,2905,17649,2905.0,17649.0
BraTS-GLI-00724-000,82,0.1693,2980,17598,2980.0,17598.0
BraTS-GLI-00724-000,83,0.1731,3032,17511,3032.0,17511.0
BraTS-GLI-00724-000,84,0.1762,3071,17427,3071.0,17427.0
BraTS-GLI-00724-000,85,0.1786,3097,17339,3097.0,17339.0
BraTS-GLI-00724-000,86,0.1799,3103,17244,3103.0,17244.0
BraTS-GLI-00724-000,87,0.1814,3109,17141,3109.0,17141.0
BraTS-GLI-00724-000,88,0.1833,3122,17033,3122.0,17033.0
BraTS-GLI-00724-000,89,0.1836,3109,16930,3109.0,16930.0
BraTS-GLI-00724-000,90,0.1825,3070,16820,3070.0,16820.0
BraTS-GLI-00724-000,91,0.1795,2997,16698,2997.0,16698.0
BraTS-GLI-00724-000,92,0.1741,2886,16572,2886.0,16572.0
BraTS-GLI-00724-000,93,0.1684,2764,16413,2764.0,16413.0
BraTS-GLI-00724-000,94,0.1595,2595,16269,2595.0,16269.0
BraTS-GLI-00724-000,95,0.1543,2481,16083,2481.0,16083.0
BraTS-GLI-00724-000,96,0.151,2405,15922,2405.0,15922.0
BraTS-GLI-00724-000,97,0.1493,2348,15727,2348.0,15727.0
BraTS-GLI-00724-000,98,0.1486,2311,15551,2311.0,15551.0
BraTS-GLI-00724-000,99,0.1497,2296,15339,2296.0,15339.0
BraTS-GLI-00724-000,100,0.1495,2263,15141,2263.0,15141.0
BraTS-GLI-00724-000,101,0.15,2239,14930,2239.0,14930.0
BraTS-GLI-00724-000,102,0.1501,2208,14714,2208.0,14714.0
BraTS-GLI-00724-000,103,0.1503,2176,14473,2176.0,14473.0
BraTS-GLI-00724-000,104,0.1505,2143,14235,2143.0,14235.0
BraTS-GLI-00724-000,105,0.1469,2052,13968,2052.0,13968.0
BraTS-GLI-00724-000,106,0.1416,1940,13701,1940.0,13701.0
BraTS-GLI-00724-000,107,0.1359,1819,13387,1819.0,13387.0
BraTS-GLI-00724-000,108,0.1315,1725,13116,1725.0,13116.0
BraTS-GLI-00724-000,109,0.1319,1687,12787,1687.0,12787.0
BraTS-GLI-00724-000,110,0.1293,1615,12486,1615.0,12486.0
BraTS-GLI-00724-000,111,0.1274,1551,12179,1551.0,12179.0
BraTS-GLI-00724-000,112,0.1242,1476,11888,1476.0,11888.0
BraTS-GLI-00724-000,113,0.117,1351,11543,1351.0,11543.0
BraTS-GLI-00724-000,114,0.1148,1290,11235,1290.0,11235.0
BraTS-GLI-00724-000,115,0.1116,1216,10899,1216.0,10899.0
BraTS-GLI-00056-001,40,0.0995,1055,10604,1055.0,10604.0
BraTS-GLI-00056-001,41,0.1059,1175,11097,1175.0,11097.0
BraTS-GLI-00056-001,42,0.112,1282,11442,1282.0,11442.0
BraTS-GLI-00056-001,43,0.1213,1427,11765,1427.0,11765.0
BraTS-GLI-00056-001,44,0.128,1533,11973,1533.0,11973.0
BraTS-GLI-00056-001,45,0.1337,1625,12157,1625.0,12157.0
BraTS-GLI-00056-001,46,0.1389,1715,12346,1715.0,12346.0
BraTS-GLI-00056-001,47,0.1439,1801,12512,1801.0,12512.0
BraTS-GLI-00056-001,48,0.1545,1967,12731,1967.0,12731.0
BraTS-GLI-00056-001,49,0.1655,2133,12885,2133.0,12885.0
BraTS-GLI-00056-001,50,0.1679,2239,13337,2239.0,13337.0
BraTS-GLI-00056-001,51,0.1703,2347,13778,2347.0,13778.0
BraTS-GLI-00056-001,52,0.1745,2450,14037,2450.0,14037.0
BraTS-GLI-00056-001,53,0.1813,2580,14232,2580.0,14232.0
BraTS-GLI-00056-001,54,0.1837,2636,14351,2636.0,14351.0
BraTS-GLI-00056-001,55,0.1862,2697,14483,2697.0,14483.0
BraTS-GLI-00056-001,56,0.1873,2742,14638,2742.0,14638.0
BraTS-GLI-00056-001,57,0.1888,2784,14744,2784.0,14744.0
BraTS-GLI-00056-001,58,0.1896,2825,14897,2825.0,14897.0
BraTS-GLI-00056-001,59,0.1893,2840,14999,2840.0,14999.0
BraTS-GLI-00056-001,60,0.1863,2813,15096,2813.0,15096.0
BraTS-GLI-00056-001,61,0.1803,2748,15239,2748.0,15239.0
BraTS-GLI-00056-001,62,0.1727,2653,15365,2653.0,15365.0
BraTS-GLI-00056-001,63,0.1663,2582,15528,2582.0,15528.0
BraTS-GLI-00056-001,64,0.1598,2540,15891,2540.0,15891.0
BraTS-GLI-00056-001,65,0.1563,2492,15943,2492.0,15943.0
BraTS-GLI-00056-001,66,0.1515,2439,16098,2439.0,16098.0
BraTS-GLI-00056-001,67,0.1493,2425,16245,2425.0,16245.0
BraTS-GLI-00056-001,68,0.1477,2428,16441,2428.0,16441.0
BraTS-GLI-00056-001,69,0.1467,2430,16570,2430.0,16570.0
BraTS-GLI-00056-001,70,0.1442,2411,16716,2411.0,16716.0
BraTS-GLI-00056-001,71,0.1403,2360,16823,2360.0,16823.0
BraTS-GLI-00056-001,72,0.1364,2306,16907,2306.0,16907.0
BraTS-GLI-00056-001,73,0.1356,2304,16993,2304.0,16993.0
BraTS-GLI-00056-001,74,0.1357,2319,17092,2319.0,17092.0
BraTS-GLI-00056-001,75,0.1352,2315,17119,2315.0,17119.0
BraTS-GLI-00056-001,76,0.1353,2321,17151,2321.0,17151.0
BraTS-GLI-00056-001,77,0.1345,2310,17173,2310.0,17173.0
BraTS-GLI-00056-001,78,0.1316,2255,17134,2255.0,17134.0
BraTS-GLI-00056-001,79,0.1263,2159,17100,2159.0,17100.0
BraTS-GLI-00056-001,80,0.1168,1991,17041,1991.0,17041.0
BraTS-GLI-00056-001,81,0.1072,1824,17013,1824.0,17013.0
BraTS-GLI-00056-001,82,0.0902,1531,16974,1531.0,16974.0
BraTS-GLI-00056-001,83,0.0734,1239,16875,1239.0,16875.0
BraTS-GLI-00056-001,84,0.0563,946,16797,946.0,16797.0
BraTS-GLI-00056-001,85,0.0399,667,16704,667.0,16704.0
BraTS-GLI-00056-001,86,0.0268,446,16653,446.0,16653.0
BraTS-GLI-00056-001,87,0.0124,206,16582,206.0,16582.0
BraTS-GLI-00056-001,88,0.0049,81,16452,81.0,16452.0
BraTS-GLI-00056-001,89,0.0011,18,16337,18.0,16337.0
BraTS-GLI-00056-001,90,0.0004,6,16122,6.0,16122.0
BraTS-GLI-00346-000,78,0.0002,4,17168,4.0,17168.0
BraTS-GLI-00346-000,79,0.0085,146,17177,146.0,17177.0
BraTS-GLI-00346-000,80,0.0165,283,17155,283.0,17155.0
BraTS-GLI-00346-000,81,0.0254,434,17118,434.0,17118.0
BraTS-GLI-00346-000,82,0.0325,556,17093,556.0,17093.0
BraTS-GLI-00346-000,83,0.0386,659,17075,659.0,17075.0
BraTS-GLI-00346-000,84,0.0438,747,17056,747.0,17056.0
BraTS-GLI-00346-000,85,0.0488,830,16999,830.0,16999.0
BraTS-GLI-00346-000,86,0.0524,888,16939,888.0,16939.0
BraTS-GLI-00346-000,87,0.0561,946,16868,946.0,16868.0
BraTS-GLI-00346-000,88,0.0591,993,16794,993.0,16794.0
BraTS-GLI-00346-000,89,0.0624,1042,16708,1042.0,16708.0
BraTS-GLI-00346-000,90,0.0647,1074,16607,1074.0,16607.0
BraTS-GLI-00346-000,91,0.0673,1110,16502,1110.0,16502.0
BraTS-GLI-00346-000,92,0.0698,1144,16386,1144.0,16386.0
BraTS-GLI-00346-000,93,0.0738,1199,16253,1199.0,16253.0
BraTS-GLI-00346-000,94,0.0772,1244,16119,1244.0,16119.0
BraTS-GLI-00346-000,95,0.0785,1252,15956,1252.0,15956.0
BraTS-GLI-00346-000,96,0.0788,1241,15748,1241.0,15748.0
BraTS-GLI-00346-000,97,0.08,1245,15560,1245.0,15560.0
BraTS-GLI-00346-000,98,0.0817,1255,15370,1255.0,15370.0
BraTS-GLI-00346-000,99,0.081,1228,15156,1228.0,15156.0
BraTS-GLI-00346-000,100,0.0819,1224,14947,1224.0,14947.0
BraTS-GLI-00346-000,101,0.0826,1215,14710,1215.0,14710.0
BraTS-GLI-00346-000,102,0.0823,1194,14504,1194.0,14504.0
BraTS-GLI-00346-000,103,0.0817,1162,14227,1162.0,14227.0
BraTS-GLI-00346-000,104,0.0796,1112,13962,1112.0,13962.0
BraTS-GLI-00346-000,105,0.08,1093,13666,1093.0,13666.0
BraTS-GLI-00346-000,106,0.0805,1079,13403,1079.0,13403.0
BraTS-GLI-00346-000,107,0.0802,1053,13123,1053.0,13123.0
BraTS-GLI-00346-000,108,0.0795,1020,12829,1020.0,12829.0
BraTS-GLI-00346-000,109,0.0793,991,12491,991.0,12491.0
BraTS-GLI-00346-000,110,0.0785,954,12148,954.0,12148.0
BraTS-GLI-00346-000,111,0.0774,912,11780,912.0,11780.0
BraTS-GLI-00346-000,112,0.0766,877,11456,877.0,11456.0
BraTS-GLI-00346-000,113,0.0753,836,11107,836.0,11107.0
BraTS-GLI-00346-000,114,0.0735,791,10762,791.0,10762.0
BraTS-GLI-00346-000,115,0.0704,731,10383,731.0,10383.0
BraTS-GLI-00024-000,40,0.1539,2003,13018,2003.0,13018.0
BraTS-GLI-00024-000,41,0.1551,2054,13246,2054.0,13246.0
BraTS-GLI-00024-000,42,0.1551,2088,13459,2088.0,13459.0
BraTS-GLI-00024-000,43,0.1566,2138,13650,2138.0,13650.0
BraTS-GLI-00024-000,44,0.1574,2174,13808,2174.0,13808.0
BraTS-GLI-00024-000,45,0.1571,2188,13929,2188.0,13929.0
BraTS-GLI-00024-000,46,0.1569,2216,14124,2216.0,14124.0
BraTS-GLI-00024-000,47,0.1592,2268,14249,2268.0,14249.0
BraTS-GLI-00024-000,48,0.1585,2285,14416,2285.0,14416.0
BraTS-GLI-00024-000,49,0.1576,2330,14780,2330.0,14780.0
BraTS-GLI-00024-000,50,0.1554,2391,15384,2391.0,15384.0
BraTS-GLI-00024-000,51,0.1539,2430,15790,2430.0,15790.0
BraTS-GLI-00024-000,52,0.1547,2472,15982,2472.0,15982.0
BraTS-GLI-00024-000,53,0.1552,2503,16123,2503.0,16123.0
BraTS-GLI-00024-000,54,0.1558,2533,16257,2533.0,16257.0
BraTS-GLI-00024-000,55,0.1551,2548,16430,2548.0,16430.0
BraTS-GLI-00024-000,56,0.1542,2565,16630,2565.0,16630.0
BraTS-GLI-00024-000,57,0.1538,2584,16796,2584.0,16796.0
BraTS-GLI-00024-000,58,0.1524,2587,16975,2587.0,16975.0
BraTS-GLI-00024-000,59,0.1495,2570,17190,2570.0,17190.0
BraTS-GLI-00024-000,60,0.1469,2562,17435,2562.0,17435.0
BraTS-GLI-00024-000,61,0.1413,2508,17750,2508.0,17750.0
BraTS-GLI-00024-000,62,0.1364,2460,18029,2460.0,18029.0
BraTS-GLI-00024-000,63,0.1325,2425,18298,2425.0,18298.0
BraTS-GLI-00024-000,64,0.1284,2379,18523,2379.0,18523.0
BraTS-GLI-00024-000,65,0.125,2352,18809,2352.0,18809.0
BraTS-GLI-00024-000,66,0.1202,2279,18966,2279.0,18966.0
BraTS-GLI-00024-000,67,0.1162,2215,19067,2215.0,19067.0
BraTS-GLI-00024-000,68,0.1116,2135,19127,2135.0,19127.0
BraTS-GLI-00024-000,69,0.1089,2088,19180,2088.0,19180.0
BraTS-GLI-00024-000,70,0.1011,1941,19195,1941.0,19195.0
BraTS-GLI-00024-000,71,0.0932,1789,19203,1789.0,19203.0
BraTS-GLI-00024-000,72,0.0825,1586,19216,1586.0,19216.0
BraTS-GLI-00024-000,73,0.0743,1431,19254,1431.0,19254.0
BraTS-GLI-00024-000,74,0.0641,1235,19267,1235.0,19267.0
BraTS-GLI-00024-000,75,0.061,1177,19280,1177.0,19280.0
BraTS-GLI-00024-000,76,0.0572,1102,19277,1102.0,19277.0
BraTS-GLI-00024-000,77,0.0487,939,19272,939.0,19272.0
BraTS-GLI-00024-000,78,0.0381,734,19252,734.0,19252.0
BraTS-GLI-00024-000,79,0.0306,588,19204,588.0,19204.0
BraTS-GLI-00024-000,80,0.0266,509,19170,509.0,19170.0
BraTS-GLI-00024-000,81,0.0222,425,19113,425.0,19113.0
BraTS-GLI-00024-000,82,0.0179,342,19077,342.0,19077.0
BraTS-GLI-00024-000,83,0.0144,273,18988,273.0,18988.0
BraTS-GLI-00024-000,84,0.0104,197,18907,197.0,18907.0
BraTS-GLI-00024-000,85,0.0074,140,18842,140.0,18842.0
BraTS-GLI-00024-000,86,0.0047,88,18732,88.0,18732.0
BraTS-GLI-00024-000,87,0.0021,39,18626,39.0,18626.0
BraTS-GLI-00024-000,107,0.0001,1,14424,1.0,14424.0
BraTS-GLI-00558-001,53,0.0007,11,16698,11.0,16698.0
BraTS-GLI-00558-001,54,0.0066,111,16802,111.0,16802.0
BraTS-GLI-00558-001,55,0.0132,223,16898,223.0,16898.0
BraTS-GLI-00558-001,56,0.0306,521,17008,521.0,17008.0
BraTS-GLI-00558-001,57,0.0491,839,17099,839.0,17099.0
BraTS-GLI-00558-001,58,0.0701,1207,17220,1207.0,17220.0
BraTS-GLI-00558-001,59,0.0762,1321,17342,1321.0,17342.0
BraTS-GLI-00558-001,60,0.0837,1467,17521,1467.0,17521.0
BraTS-GLI-00558-001,61,0.0965,1709,17709,1709.0,17709.0
BraTS-GLI-00558-001,62,0.1084,1939,17892,1939.0,17892.0
BraTS-GLI-00558-001,63,0.1215,2195,18064,2195.0,18064.0
BraTS-GLI-00558-001,64,0.1311,2398,18290,2398.0,18290.0
BraTS-GLI-00558-001,65,0.1407,2575,18295,2575.0,18295.0
BraTS-GLI-00558-001,66,0.1532,2815,18375,2815.0,18375.0
BraTS-GLI-00558-001,67,0.1673,3088,18453,3088.0,18453.0
BraTS-GLI-00558-001,68,0.1805,3360,18610,3360.0,18610.0
BraTS-GLI-00558-001,69,0.1918,3584,18683,3584.0,18683.0
BraTS-GLI-00558-001,70,0.2009,3768,18758,3768.0,18758.0
BraTS-GLI-00558-001,71,0.208,3912,18806,3912.0,18806.0
BraTS-GLI-00558-001,72,0.2154,4051,18808,4051.0,18808.0
BraTS-GLI-00558-001,73,0.2234,4210,18849,4210.0,18849.0
BraTS-GLI-00558-001,74,0.2299,4339,18874,4339.0,18874.0
BraTS-GLI-00558-001,75,0.2356,4448,18882,4448.0,18882.0
BraTS-GLI-00558-001,76,0.2415,4559,18881,4559.0,18881.0
BraTS-GLI-00558-001,77,0.246,4641,18866,4641.0,18866.0
BraTS-GLI-00558-001,78,0.2509,4714,18789,4714.0,18789.0
BraTS-GLI-00558-001,79,0.255,4773,18717,4773.0,18717.0
BraTS-GLI-00558-001,80,0.2589,4823,18631,4823.0,18631.0
BraTS-GLI-00558-001,81,0.2625,4871,18555,4871.0,18555.0
BraTS-GLI-00558-001,82,0.2657,4908,18474,4908.0,18474.0
BraTS-GLI-00558-001,83,0.268,4924,18371,4924.0,18371.0
BraTS-GLI-00558-001,84,0.2697,4925,18259,4925.0,18259.0
BraTS-GLI-00558-001,85,0.2713,4917,18126,4917.0,18126.0
BraTS-GLI-00558-001,86,0.2714,4892,18022,4892.0,18022.0
BraTS-GLI-00558-001,87,0.2732,4898,17928,4898.0,17928.0
BraTS-GLI-00558-001,88,0.2768,4927,17800,4927.0,17800.0
BraTS-GLI-00558-001,89,0.2786,4922,17665,4922.0,17665.0
BraTS-GLI-00558-001,90,0.282,4930,17482,4930.0,17482.0
BraTS-GLI-00558-001,91,0.2842,4930,17347,4930.0,17347.0
BraTS-GLI-00558-001,92,0.2869,4931,17188,4931.0,17188.0
BraTS-GLI-00558-001,93,0.289,4909,16989,4909.0,16989.0
BraTS-GLI-00558-001,94,0.2886,4852,16814,4852.0,16814.0
BraTS-GLI-00558-001,95,0.2888,4800,16621,4800.0,16621.0
BraTS-GLI-00558-001,96,0.2916,4740,16257,4740.0,16257.0
BraTS-GLI-00558-001,97,0.2919,4726,16188,4726.0,16188.0
BraTS-GLI-00558-001,98,0.2928,4690,16016,4690.0,16016.0
BraTS-GLI-00558-001,99,0.2936,4645,15819,4645.0,15819.0
BraTS-GLI-00558-001,100,0.2941,4576,15560,4576.0,15560.0
BraTS-GLI-00558-001,101,0.2942,4505,15315,4505.0,15315.0
BraTS-GLI-00558-001,102,0.2943,4416,15005,4416.0,15005.0
BraTS-GLI-00558-001,103,0.2896,4301,14850,4301.0,14850.0
BraTS-GLI-00558-001,104,0.2836,4152,14641,4152.0,14641.0
BraTS-GLI-00558-001,105,0.2738,3938,14384,3938.0,14384.0
BraTS-GLI-00558-001,106,0.2687,3795,14125,3795.0,14125.0
BraTS-GLI-00558-001,107,0.2676,3670,13717,3670.0,13717.0
BraTS-GLI-00558-001,108,0.2622,3541,13507,3541.0,13507.0
BraTS-GLI-00558-001,109,0.2535,3374,13308,3374.0,13308.0
BraTS-GLI-00558-001,110,0.2444,3148,12881,3148.0,12881.0
BraTS-GLI-00558-001,111,0.233,2933,12590,2933.0,12590.0
BraTS-GLI-00558-001,112,0.2301,2787,12114,2787.0,12114.0
BraTS-GLI-00558-001,113,0.2236,2644,11824,2644.0,11824.0
BraTS-GLI-00558-001,114,0.2181,2520,11556,2520.0,11556.0
BraTS-GLI-00558-001,115,0.2123,2365,11141,2365.0,11141.0
BraTS-GLI-01511-000,55,0.0001,1,14565,1.0,14565.0
BraTS-GLI-01511-000,56,0.0003,5,14811,5.0,14811.0
BraTS-GLI-01511-000,57,0.0009,14,15142,14.0,15142.0
BraTS-GLI-01511-000,58,0.0012,19,15266,19.0,15266.0
BraTS-GLI-01511-000,59,0.0024,37,15497,37.0,15497.0
BraTS-GLI-01511-000,60,0.0031,49,15623,49.0,15623.0
BraTS-GLI-01511-000,61,0.0037,59,15879,59.0,15879.0
BraTS-GLI-01511-000,62,0.005,80,16017,80.0,16017.0
BraTS-GLI-01511-000,63,0.0073,118,16272,118.0,16272.0
BraTS-GLI-01511-000,64,0.0108,177,16397,177.0,16397.0
BraTS-GLI-01511-000,65,0.0148,247,16731,247.0,16731.0
BraTS-GLI-01511-000,66,0.0161,271,16857,271.0,16857.0
BraTS-GLI-01511-000,67,0.0207,355,17147,355.0,17147.0
BraTS-GLI-01511-000,68,0.0197,339,17239,339.0,17239.0
BraTS-GLI-01511-000,69,0.0207,358,17334,358.0,17334.0
BraTS-GLI-01511-000,70,0.0229,399,17386,399.0,17386.0
BraTS-GLI-01511-000,71,0.0225,391,17408,391.0,17408.0
BraTS-GLI-01511-000,72,0.0252,439,17437,439.0,17437.0
BraTS-GLI-01511-000,73,0.026,454,17464,454.0,17464.0
BraTS-GLI-01511-000,74,0.0277,484,17482,484.0,17482.0
BraTS-GLI-01511-000,75,0.0305,533,17497,533.0,17497.0
BraTS-GLI-01511-000,76,0.0354,620,17503,620.0,17503.0
BraTS-GLI-01511-000,77,0.0454,795,17511,795.0,17511.0
BraTS-GLI-01511-000,78,0.0548,961,17522,961.0,17522.0
BraTS-GLI-01511-000,79,0.062,1085,17509,1085.0,17509.0
BraTS-GLI-01511-000,80,0.0718,1254,17476,1254.0,17476.0
BraTS-GLI-01511-000,81,0.086,1499,17432,1499.0,17432.0
BraTS-GLI-01511-000,82,0.0986,1714,17377,1714.0,17377.0
BraTS-GLI-01511-000,83,0.1125,1948,17313,1948.0,17313.0
BraTS-GLI-01511-000,84,0.1309,2261,17270,2261.0,17270.0
BraTS-GLI-01511-000,85,0.148,2542,17176,2542.0,17176.0
BraTS-GLI-01511-000,86,0.1664,2848,17113,2848.0,17113.0
BraTS-GLI-01511-000,87,0.1822,3103,17030,3103.0,17030.0
BraTS-GLI-01511-000,88,0.1996,3379,16933,3379.0,16933.0
BraTS-GLI-01511-000,89,0.2092,3522,16836,3522.0,16836.0
BraTS-GLI-01511-000,90,0.2204,3685,16720,3685.0,16720.0
BraTS-GLI-01511-000,91,0.2275,3768,16563,3768.0,16563.0
BraTS-GLI-01511-000,92,0.2345,3851,16422,3851.0,16422.0
BraTS-GLI-01511-000,93,0.2421,3934,16251,3934.0,16251.0
BraTS-GLI-01511-000,94,0.2495,4009,16066,4009.0,16066.0
BraTS-GLI-01511-000,95,0.2604,4113,15795,4113.0,15795.0
BraTS-GLI-01511-000,96,0.2641,4113,15575,4113.0,15575.0
BraTS-GLI-01511-000,97,0.273,4183,15321,4183.0,15321.0
BraTS-GLI-01511-000,98,0.2789,4206,15079,4206.0,15079.0
BraTS-GLI-01511-000,99,0.2848,4216,14801,4216.0,14801.0
BraTS-GLI-01511-000,100,0.2938,4268,14527,4268.0,14527.0
BraTS-GLI-01511-000,101,0.3004,4275,14229,4275.0,14229.0
BraTS-GLI-01511-000,102,0.3103,4333,13963,4333.0,13963.0
BraTS-GLI-01511-000,103,0.3167,4332,13680,4332.0,13680.0
BraTS-GLI-01511-000,104,0.3198,4285,13400,4285.0,13400.0
BraTS-GLI-01511-000,105,0.3186,4177,13109,4177.0,13109.0
BraTS-GLI-01511-000,106,0.32,4098,12808,4098.0,12808.0
BraTS-GLI-01511-000,107,0.3294,4108,12471,4108.0,12471.0
BraTS-GLI-01511-000,108,0.3297,4012,12169,4012.0,12169.0
BraTS-GLI-01511-000,109,0.3357,3991,11890,3991.0,11890.0
BraTS-GLI-01511-000,110,0.3394,3951,11641,3951.0,11641.0
BraTS-GLI-01511-000,111,0.3368,3828,11366,3828.0,11366.0
BraTS-GLI-01511-000,112,0.3338,3720,11146,3720.0,11146.0
BraTS-GLI-01511-000,113,0.3405,3704,10879,3704.0,10879.0
BraTS-GLI-01511-000,114,0.3448,3650,10587,3650.0,10587.0
BraTS-GLI-01511-000,115,0.3526,3592,10187,3592.0,10187.0
BraTS-GLI-00309-000,57,0.0001,1,16515,1.0,16515.0
BraTS-GLI-00309-000,58,0.0031,52,16735,52.0,16735.0
BraTS-GLI-00309-000,59,0.0053,89,16907,89.0,16907.0
BraTS-GLI-00309-000,60,0.0074,127,17103,127.0,17103.0
BraTS-GLI-00309-000,61,0.0103,178,17311,178.0,17311.0
BraTS-GLI-00309-000,62,0.0123,216,17525,216.0,17525.0
BraTS-GLI-00309-000,63,0.0155,275,17713,275.0,17713.0
BraTS-GLI-00309-000,64,0.0192,343,17884,343.0,17884.0
BraTS-GLI-00309-000,65,0.0239,431,18012,431.0,18012.0
BraTS-GLI-00309-000,66,0.0277,503,18128,503.0,18128.0
BraTS-GLI-00309-000,67,0.0318,579,18209,579.0,18209.0
BraTS-GLI-00309-000,68,0.033,603,18269,603.0,18269.0
BraTS-GLI-00309-000,69,0.04,732,18309,732.0,18309.0
BraTS-GLI-00309-000,70,0.0448,822,18343,822.0,18343.0
BraTS-GLI-00309-000,71,0.0518,951,18370,951.0,18370.0
BraTS-GLI-00309-000,72,0.0554,1021,18419,1021.0,18419.0
BraTS-GLI-00309-000,73,0.0558,1029,18445,1029.0,18445.0
BraTS-GLI-00309-000,74,0.0566,1043,18426,1043.0,18426.0
BraTS-GLI-00309-000,75,0.0562,1035,18411,1035.0,18411.0
BraTS-GLI-00309-000,76,0.0568,1044,18365,1044.0,18365.0
BraTS-GLI-00309-000,77,0.0567,1040,18332,1040.0,18332.0
BraTS-GLI-00309-000,78,0.0569,1040,18281,1040.0,18281.0
BraTS-GLI-00309-000,79,0.0575,1049,18231,1049.0,18231.0
BraTS-GLI-00309-000,80,0.0573,1041,18158,1041.0,18158.0
BraTS-GLI-00309-000,81,0.0556,1007,18108,1007.0,18108.0
BraTS-GLI-00309-000,82,0.054,974,18043,974.0,18043.0
BraTS-GLI-00309-000,83,0.0553,993,17952,993.0,17952.0
BraTS-GLI-00309-000,84,0.0583,1040,17850,1040.0,17850.0
BraTS-GLI-00309-000,85,0.0605,1074,17744,1074.0,17744.0
BraTS-GLI-00309-000,86,0.0635,1120,17644,1120.0,17644.0
BraTS-GLI-00309-000,87,0.07,1228,17544,1228.0,17544.0
BraTS-GLI-00309-000,88,0.0766,1335,17421,1335.0,17421.0
BraTS-GLI-00309-000,89,0.081,1401,17294,1401.0,17294.0
BraTS-GLI-00309-000,90,0.0853,1464,17172,1464.0,17172.0
BraTS-GLI-00309-000,91,0.0871,1484,17031,1484.0,17031.0
BraTS-GLI-00309-000,92,0.0891,1504,16889,1504.0,16889.0
BraTS-GLI-00309-000,93,0.0896,1499,16732,1499.0,16732.0
BraTS-GLI-00309-000,94,0.0894,1482,16576,1482.0,16576.0
BraTS-GLI-00309-000,95,0.0886,1453,16402,1453.0,16402.0
BraTS-GLI-00309-000,96,0.0841,1364,16210,1364.0,16210.0
BraTS-GLI-00309-000,97,0.0814,1302,15988,1302.0,15988.0
BraTS-GLI-00309-000,98,0.0702,1107,15763,1107.0,15763.0
BraTS-GLI-00309-000,99,0.0568,883,15539,883.0,15539.0
BraTS-GLI-00309-000,100,0.0457,699,15282,699.0,15282.0
BraTS-GLI-00309-000,101,0.0401,602,15003,602.0,15003.0
BraTS-GLI-00309-000,102,0.0365,538,14727,538.0,14727.0
BraTS-GLI-00309-000,103,0.032,462,14443,462.0,14443.0
BraTS-GLI-00309-000,104,0.026,368,14150,368.0,14150.0
BraTS-GLI-00309-000,105,0.0203,281,13867,281.0,13867.0
BraTS-GLI-00309-000,106,0.0129,175,13578,175.0,13578.0
BraTS-GLI-00309-000,107,0.0054,71,13246,71.0,13246.0
BraTS-GLI-00520-000,69,0.0027,42,15701,42.0,15701.0
BraTS-GLI-00520-000,70,0.0042,67,15780,67.0,15780.0
BraTS-GLI-00520-000,71,0.0057,91,15866,91.0,15866.0
BraTS-GLI-00520-000,72,0.0087,139,15946,139.0,15946.0
BraTS-GLI-00520-000,73,0.0145,232,16016,232.0,16016.0
BraTS-GLI-00520-000,74,0.0201,325,16133,325.0,16133.0
BraTS-GLI-00520-000,75,0.0276,448,16254,448.0,16254.0
BraTS-GLI-00520-000,76,0.036,589,16378,589.0,16378.0
BraTS-GLI-00520-000,77,0.0423,696,16468,696.0,16468.0
BraTS-GLI-00520-000,78,0.0483,800,16577,800.0,16577.0
BraTS-GLI-00520-000,79,0.0543,906,16679,906.0,16679.0
BraTS-GLI-00520-000,80,0.0612,1026,16764,1026.0,16764.0
BraTS-GLI-00520-000,81,0.0669,1124,16809,1124.0,16809.0
BraTS-GLI-00520-000,82,0.0728,1223,16809,1223.0,16809.0
BraTS-GLI-00520-000,83,0.078,1310,16790,1310.0,16790.0
BraTS-GLI-00520-000,84,0.0815,1365,16750,1365.0,16750.0
BraTS-GLI-00520-000,85,0.0844,1413,16744,1413.0,16744.0
BraTS-GLI-00520-000,86,0.0864,1445,16722,1445.0,16722.0
BraTS-GLI-00520-000,87,0.0888,1480,16668,1480.0,16668.0
BraTS-GLI-00520-000,88,0.0952,1581,16606,1581.0,16606.0
BraTS-GLI-00520-000,89,0.0996,1644,16514,1644.0,16514.0
BraTS-GLI-00520-000,90,0.098,1611,16446,1611.0,16446.0
BraTS-GLI-00520-000,91,0.0967,1582,16359,1582.0,16359.0
BraTS-GLI-00520-000,92,0.1,1627,16269,1627.0,16269.0
BraTS-GLI-00520-000,93,0.1051,1699,16159,1699.0,16159.0
BraTS-GLI-00520-000,94,0.1056,1694,16044,1694.0,16044.0
BraTS-GLI-00520-000,95,0.1028,1636,15915,1636.0,15915.0
BraTS-GLI-00520-000,96,0.102,1613,15807,1613.0,15807.0
BraTS-GLI-00520-000,97,0.0949,1488,15676,1488.0,15676.0
BraTS-GLI-00520-000,98,0.0915,1418,15495,1418.0,15495.0
BraTS-GLI-00520-000,99,0.0871,1334,15308,1334.0,15308.0
BraTS-GLI-00520-000,100,0.0824,1245,15102,1245.0,15102.0
BraTS-GLI-00520-000,101,0.0778,1159,14896,1159.0,14896.0
BraTS-GLI-00520-000,102,0.072,1055,14660,1055.0,14660.0
BraTS-GLI-00520-000,103,0.0652,941,14422,941.0,14422.0
BraTS-GLI-00520-000,104,0.0536,759,14168,759.0,14168.0
BraTS-GLI-00520-000,105,0.0406,565,13921,565.0,13921.0
BraTS-GLI-00520-000,106,0.0327,446,13632,446.0,13632.0
BraTS-GLI-00520-000,107,0.0266,356,13392,356.0,13392.0
BraTS-GLI-00520-000,108,0.0222,292,13126,292.0,13126.0
BraTS-GLI-00520-000,109,0.0165,212,12847,212.0,12847.0
BraTS-GLI-00520-000,110,0.0111,140,12569,140.0,12569.0
BraTS-GLI-00520-000,111,0.0083,102,12279,102.0,12279.0
BraTS-GLI-00520-000,112,0.0057,68,11969,68.0,11969.0
BraTS-GLI-00520-000,113,0.0027,32,11647,32.0,11647.0
BraTS-GLI-00520-000,114,0.0009,10,11303,10.0,11303.0
BraTS-GLI-00483-001,40,0.037,501,13536,501.0,13536.0
BraTS-GLI-00483-001,41,0.0398,556,13970,556.0,13970.0
BraTS-GLI-00483-001,42,0.0472,675,14291,675.0,14291.0
BraTS-GLI-00483-001,43,0.0539,791,14677,791.0,14677.0
BraTS-GLI-00483-001,44,0.0651,977,14997,977.0,14997.0
BraTS-GLI-00483-001,45,0.0709,1083,15276,1083.0,15276.0
BraTS-GLI-00483-001,46,0.0653,1025,15694,1025.0,15694.0
BraTS-GLI-00483-001,47,0.0691,1108,16038,1108.0,16038.0
BraTS-GLI-00483-001,48,0.0684,1122,16392,1122.0,16392.0
BraTS-GLI-00483-001,49,0.0736,1229,16709,1229.0,16709.0
BraTS-GLI-00483-001,50,0.0753,1282,17016,1282.0,17016.0
BraTS-GLI-00483-001,51,0.0939,1626,17324,1626.0,17324.0
BraTS-GLI-00483-001,52,0.1041,1838,17662,1838.0,17662.0
BraTS-GLI-00483-001,53,0.1117,2011,18001,2011.0,18001.0
BraTS-GLI-00483-001,54,0.1206,2202,18256,2202.0,18256.0
BraTS-GLI-00483-001,55,0.1297,2399,18494,2399.0,18494.0
BraTS-GLI-00483-001,56,0.1391,2605,18723,2605.0,18723.0
BraTS-GLI-00483-001,57,0.1472,2781,18892,2781.0,18892.0
BraTS-GLI-00483-001,58,0.1558,2975,19097,2975.0,19097.0
BraTS-GLI-00483-001,59,0.1602,3080,19227,3080.0,19227.0
BraTS-GLI-00483-001,60,0.1651,3192,19335,3192.0,19335.0
BraTS-GLI-00483-001,61,0.1717,3341,19461,3341.0,19461.0
BraTS-GLI-00483-001,62,0.1751,3423,19548,3423.0,19548.0
BraTS-GLI-00483-001,63,0.1761,3455,19618,3455.0,19618.0
BraTS-GLI-00483-001,64,0.177,3492,19730,3492.0,19730.0
BraTS-GLI-00483-001,65,0.1778,3512,19751,3512.0,19751.0
BraTS-GLI-00483-001,66,0.1791,3541,19767,3541.0,19767.0
BraTS-GLI-00483-001,67,0.1793,3547,19784,3547.0,19784.0
BraTS-GLI-00483-001,68,0.1794,3553,19804,3553.0,19804.0
BraTS-GLI-00483-001,69,0.18,3566,19807,3566.0,19807.0
BraTS-GLI-00483-001,70,0.18,3565,19805,3565.0,19805.0
BraTS-GLI-00483-001,71,0.1809,3581,19799,3581.0,19799.0
BraTS-GLI-00483-001,72,0.1807,3579,19806,3579.0,19806.0
BraTS-GLI-00483-001,73,0.1814,3587,19772,3587.0,19772.0
BraTS-GLI-00483-001,74,0.178,3513,19736,3513.0,19736.0
BraTS-GLI-00483-001,75,0.1769,3483,19685,3483.0,19685.0
BraTS-GLI-00483-001,76,0.1798,3531,19635,3531.0,19635.0
BraTS-GLI-00483-001,77,0.1813,3550,19581,3550.0,19581.0
BraTS-GLI-00483-001,78,0.182,3545,19475,3545.0,19475.0
BraTS-GLI-00483-001,79,0.1814,3515,19381,3515.0,19381.0
BraTS-GLI-00483-001,80,0.1799,3466,19267,3466.0,19267.0
BraTS-GLI-00483-001,81,0.1756,3359,19131,3359.0,19131.0
BraTS-GLI-00483-001,82,0.1688,3214,19035,3214.0,19035.0
BraTS-GLI-00483-001,83,0.1605,3034,18898,3034.0,18898.0
BraTS-GLI-00483-001,84,0.1547,2905,18782,2905.0,18782.0
BraTS-GLI-00483-001,85,0.1549,2887,18636,2887.0,18636.0
BraTS-GLI-00483-001,86,0.157,2906,18505,2906.0,18505.0
BraTS-GLI-00483-001,87,0.16,2932,18325,2932.0,18325.0
BraTS-GLI-00483-001,88,0.1633,2958,18112,2958.0,18112.0
BraTS-GLI-00483-001,89,0.1649,2957,17937,2957.0,17937.0
BraTS-GLI-00483-001,90,0.1665,2947,17699,2947.0,17699.0
BraTS-GLI-00483-001,91,0.1683,2944,17494,2944.0,17494.0
BraTS-GLI-00483-001,92,0.171,2953,17273,2953.0,17273.0
BraTS-GLI-00483-001,93,0.1746,2965,16984,2965.0,16984.0
BraTS-GLI-00483-001,94,0.1773,2968,16736,2968.0,16736.0
BraTS-GLI-00483-001,95,0.1789,2948,16483,2948.0,16483.0
BraTS-GLI-00483-001,96,0.1809,2904,16049,2904.0,16049.0
BraTS-GLI-00483-001,97,0.1776,2836,15971,2836.0,15971.0
BraTS-GLI-00483-001,98,0.1737,2732,15732,2732.0,15732.0
BraTS-GLI-00483-001,99,0.1666,2582,15497,2582.0,15497.0
BraTS-GLI-00483-001,100,0.1621,2459,15167,2459.0,15167.0
BraTS-GLI-00483-001,101,0.157,2329,14835,2329.0,14835.0
BraTS-GLI-00483-001,102,0.1525,2205,14457,2205.0,14457.0
BraTS-GLI-00483-001,103,0.1467,2077,14156,2077.0,14156.0
BraTS-GLI-00483-001,104,0.1401,1938,13836,1938.0,13836.0
BraTS-GLI-00483-001,105,0.1313,1765,13447,1765.0,13447.0
BraTS-GLI-00483-001,106,0.1181,1547,13103,1547.0,13103.0
BraTS-GLI-00483-001,107,0.1069,1359,12715,1359.0,12715.0
BraTS-GLI-00483-001,108,0.0956,1186,12407,1186.0,12407.0
BraTS-GLI-00483-001,109,0.0818,989,12090,989.0,12090.0
BraTS-GLI-00483-001,110,0.0669,779,11645,779.0,11645.0
BraTS-GLI-00483-001,111,0.05,562,11244,562.0,11244.0
BraTS-GLI-00483-001,112,0.0268,290,10807,290.0,10807.0
BraTS-GLI-00483-001,113,0.0136,142,10459,142.0,10459.0
BraTS-GLI-00483-001,114,0.0038,38,10117,38.0,10117.0
BraTS-GLI-00483-001,115,0.0013,13,9674,13.0,9674.0
BraTS-GLI-01284-000,48,0.0006,7,12432,7.0,12432.0
BraTS-GLI-01284-000,49,0.0014,18,12587,18.0,12587.0
BraTS-GLI-01284-000,50,0.0033,42,12707,42.0,12707.0
BraTS-GLI-01284-000,51,0.0146,188,12886,188.0,12886.0
BraTS-GLI-01284-000,52,0.0342,446,13032,446.0,13032.0
BraTS-GLI-01284-000,53,0.046,606,13180,606.0,13180.0
BraTS-GLI-01284-000,54,0.0549,729,13273,729.0,13273.0
BraTS-GLI-01284-000,55,0.0661,886,13407,886.0,13407.0
BraTS-GLI-01284-000,56,0.0864,1171,13556,1171.0,13556.0
BraTS-GLI-01284-000,57,0.0996,1397,14023,1397.0,14023.0
BraTS-GLI-01284-000,58,0.1098,1569,14296,1569.0,14296.0
BraTS-GLI-01284-000,59,0.1143,1688,14768,1688.0,14768.0
BraTS-GLI-01284-000,60,0.1147,1719,14986,1719.0,14986.0
BraTS-GLI-01284-000,61,0.1145,1752,15305,1752.0,15305.0
BraTS-GLI-01284-000,62,0.1144,1765,15423,1765.0,15423.0
BraTS-GLI-01284-000,63,0.1191,1855,15577,1855.0,15577.0
BraTS-GLI-01284-000,64,0.1243,1948,15672,1948.0,15672.0
BraTS-GLI-01284-000,65,0.1359,2152,15834,2152.0,15834.0
BraTS-GLI-01284-000,66,0.1412,2247,15910,2247.0,15910.0
BraTS-GLI-01284-000,67,0.1486,2386,16052,2386.0,16052.0
BraTS-GLI-01284-000,68,0.1543,2488,16125,2488.0,16125.0
BraTS-GLI-01284-000,69,0.1569,2556,16287,2556.0,16287.0
BraTS-GLI-01284-000,70,0.1528,2496,16335,2496.0,16335.0
BraTS-GLI-01284-000,71,0.1465,2435,16616,2435.0,16616.0
BraTS-GLI-01284-000,72,0.1431,2384,16658,2384.0,16658.0
BraTS-GLI-01284-000,73,0.1413,2384,16868,2384.0,16868.0
BraTS-GLI-01284-000,74,0.1448,2448,16911,2448.0,16911.0
BraTS-GLI-01284-000,75,0.1464,2487,16989,2487.0,16989.0
BraTS-GLI-01284-000,76,0.1491,2535,17005,2535.0,17005.0
BraTS-GLI-01284-000,77,0.1521,2593,17052,2593.0,17052.0
BraTS-GLI-01284-000,78,0.1544,2632,17044,2632.0,17044.0
BraTS-GLI-01284-000,79,0.158,2697,17066,2697.0,17066.0
BraTS-GLI-01284-000,80,0.1597,2728,17081,2728.0,17081.0
BraTS-GLI-01284-000,81,0.1668,2851,17097,2851.0,17097.0
BraTS-GLI-01284-000,82,0.1757,3005,17105,3005.0,17105.0
BraTS-GLI-01284-000,83,0.1817,3108,17104,3108.0,17104.0
BraTS-GLI-01284-000,84,0.1872,3202,17108,3202.0,17108.0
BraTS-GLI-01284-000,85,0.1945,3327,17105,3327.0,17105.0
BraTS-GLI-01284-000,86,0.2018,3448,17083,3448.0,17083.0
BraTS-GLI-01284-000,87,0.2051,3494,17037,3494.0,17037.0
BraTS-GLI-01284-000,88,0.2089,3552,17003,3552.0,17003.0
BraTS-GLI-01284-000,89,0.211,3575,16944,3575.0,16944.0
BraTS-GLI-01284-000,90,0.2112,3568,16897,3568.0,16897.0
BraTS-GLI-01284-000,91,0.2141,3601,16821,3601.0,16821.0
BraTS-GLI-01284-000,92,0.2151,3599,16733,3599.0,16733.0
BraTS-GLI-01284-000,93,0.2186,3627,16589,3627.0,16589.0
BraTS-GLI-01284-000,94,0.2204,3629,16463,3629.0,16463.0
BraTS-GLI-01284-000,95,0.2257,3681,16310,3681.0,16310.0
BraTS-GLI-01284-000,96,0.2224,3599,16180,3599.0,16180.0
BraTS-GLI-01284-000,97,0.223,3578,16046,3578.0,16046.0
BraTS-GLI-01284-000,98,0.2231,3551,15919,3551.0,15919.0
BraTS-GLI-01284-000,99,0.2234,3518,15747,3518.0,15747.0
BraTS-GLI-01284-000,100,0.2199,3426,15579,3426.0,15579.0
BraTS-GLI-01284-000,101,0.2171,3340,15388,3340.0,15388.0
BraTS-GLI-01284-000,102,0.2131,3233,15173,3233.0,15173.0
BraTS-GLI-01284-000,103,0.2081,3106,14922,3106.0,14922.0
BraTS-GLI-01284-000,104,0.1986,2922,14715,2922.0,14715.0
BraTS-GLI-01284-000,105,0.1935,2799,14464,2799.0,14464.0
BraTS-GLI-01284-000,106,0.1867,2656,14224,2656.0,14224.0
BraTS-GLI-01284-000,107,0.1766,2461,13939,2461.0,13939.0
BraTS-GLI-01284-000,108,0.1675,2290,13668,2290.0,13668.0
BraTS-GLI-01284-000,109,0.1605,2149,13393,2149.0,13393.0
BraTS-GLI-01284-000,110,0.1511,1984,13127,1984.0,13127.0
BraTS-GLI-01284-000,111,0.1432,1841,12852,1841.0,12852.0
BraTS-GLI-01284-000,112,0.1313,1653,12588,1653.0,12588.0
BraTS-GLI-01284-000,113,0.1205,1481,12293,1481.0,12293.0
BraTS-GLI-01284-000,114,0.1086,1305,12014,1305.0,12014.0
BraTS-GLI-01284-000,115,0.0886,1039,11724,1039.0,11724.0
BraTS-GLI-01259-000,40,0.0926,1013,10939,1013.0,10939.0
BraTS-GLI-01259-000,41,0.094,1073,11413,1073.0,11413.0
BraTS-GLI-01259-000,42,0.0968,1141,11788,1141.0,11788.0
BraTS-GLI-01259-000,43,0.1032,1256,12171,1256.0,12171.0
BraTS-GLI-01259-000,44,0.1119,1391,12426,1391.0,12426.0
BraTS-GLI-01259-000,45,0.1155,1461,12647,1461.0,12647.0
BraTS-GLI-01259-000,46,0.1223,1565,12797,1565.0,12797.0
BraTS-GLI-01259-000,47,0.1319,1707,12942,1707.0,12942.0
BraTS-GLI-01259-000,48,0.1454,1904,13097,1904.0,13097.0
BraTS-GLI-01259-000,49,0.1484,1963,13232,1963.0,13232.0
BraTS-GLI-01259-000,50,0.1537,2051,13347,2051.0,13347.0
BraTS-GLI-01259-000,51,0.1503,2030,13504,2030.0,13504.0
BraTS-GLI-01259-000,52,0.1493,2043,13688,2043.0,13688.0
BraTS-GLI-01259-000,53,0.1358,1901,14003,1901.0,14003.0
BraTS-GLI-01259-000,54,0.1325,1935,14607,1935.0,14607.0
BraTS-GLI-01259-000,55,0.1308,1952,14918,1952.0,14918.0
BraTS-GLI-01259-000,56,0.1319,1997,15143,1997.0,15143.0
BraTS-GLI-01259-000,57,0.1299,1995,15356,1995.0,15356.0
BraTS-GLI-01259-000,58,0.128,1990,15545,1990.0,15545.0
BraTS-GLI-01259-000,59,0.1255,1969,15686,1969.0,15686.0
BraTS-GLI-01259-000,60,0.1245,1973,15852,1973.0,15852.0
BraTS-GLI-01259-000,61,0.124,1983,15992,1983.0,15992.0
BraTS-GLI-01259-000,62,0.1235,1988,16097,1988.0,16097.0
BraTS-GLI-01259-000,63,0.1256,2041,16245,2041.0,16245.0
BraTS-GLI-01259-000,64,0.1207,1981,16412,1981.0,16412.0
BraTS-GLI-01259-000,65,0.1178,1951,16561,1951.0,16561.0
BraTS-GLI-01259-000,66,0.1178,1972,16736,1972.0,16736.0
BraTS-GLI-01259-000,67,0.1091,1842,16882,1842.0,16882.0
BraTS-GLI-01259-000,68,0.106,1806,17042,1806.0,17042.0
BraTS-GLI-01259-000,69,0.0978,1683,17203,1683.0,17203.0
BraTS-GLI-01259-000,70,0.0995,1726,17349,1726.0,17349.0
BraTS-GLI-01259-000,71,0.0981,1714,17465,1714.0,17465.0
BraTS-GLI-01259-000,72,0.0909,1594,17545,1594.0,17545.0
BraTS-GLI-01259-000,73,0.0903,1588,17590,1588.0,17590.0
BraTS-GLI-01259-000,74,0.0823,1452,17640,1452.0,17640.0
BraTS-GLI-01259-000,75,0.0755,1334,17674,1334.0,17674.0
BraTS-GLI-01259-000,76,0.0708,1252,17693,1252.0,17693.0
BraTS-GLI-01259-000,77,0.0591,1047,17702,1047.0,17702.0
BraTS-GLI-01259-000,78,0.0473,838,17706,838.0,17706.0
BraTS-GLI-01259-000,79,0.0373,660,17703,660.0,17703.0
BraTS-GLI-01259-000,80,0.0298,527,17712,527.0,17712.0
BraTS-GLI-01259-000,81,0.0236,417,17685,417.0,17685.0
BraTS-GLI-01259-000,82,0.0134,237,17696,237.0,17696.0
BraTS-GLI-01259-000,83,0.0065,115,17686,115.0,17686.0
BraTS-GLI-01259-000,84,0.0045,80,17646,80.0,17646.0
BraTS-GLI-01259-000,85,0.0028,50,17634,50.0,17634.0
BraTS-GLI-01259-000,86,0.0016,28,17597,28.0,17597.0
BraTS-GLI-01259-000,87,0.0005,8,17522,8.0,17522.0
BraTS-GLI-01229-000,40,0.0259,288,11139,288.0,11139.0
BraTS-GLI-01229-000,41,0.0316,359,11377,359.0,11377.0
BraTS-GLI-01229-000,42,0.0355,412,11603,412.0,11603.0
BraTS-GLI-01229-000,43,0.0401,473,11804,473.0,11804.0
BraTS-GLI-01229-000,44,0.0469,561,11951,561.0,11951.0
BraTS-GLI-01229-000,45,0.0532,645,12125,645.0,12125.0
BraTS-GLI-01229-000,46,0.0588,722,12273,722.0,12273.0
BraTS-GLI-01229-000,47,0.0638,791,12393,791.0,12393.0
BraTS-GLI-01229-000,48,0.0673,843,12521,843.0,12521.0
BraTS-GLI-01229-000,49,0.0715,901,12608,901.0,12608.0
BraTS-GLI-01229-000,50,0.074,939,12685,939.0,12685.0
BraTS-GLI-01229-000,51,0.0799,1017,12727,1017.0,12727.0
BraTS-GLI-01229-000,52,0.0847,1084,12799,1084.0,12799.0
BraTS-GLI-01229-000,53,0.0872,1141,13089,1141.0,13089.0
BraTS-GLI-01229-000,54,0.0894,1213,13564,1213.0,13564.0
BraTS-GLI-01229-000,55,0.0879,1230,13998,1230.0,13998.0
BraTS-GLI-01229-000,56,0.088,1260,14323,1260.0,14323.0
BraTS-GLI-01229-000,57,0.0889,1294,14558,1294.0,14558.0
BraTS-GLI-01229-000,58,0.0889,1305,14680,1305.0,14680.0
BraTS-GLI-01229-000,59,0.0887,1310,14774,1310.0,14774.0
BraTS-GLI-01229-000,60,0.0885,1316,14862,1316.0,14862.0
BraTS-GLI-01229-000,61,0.089,1332,14960,1332.0,14960.0
BraTS-GLI-01229-000,62,0.0892,1345,15073,1345.0,15073.0
BraTS-GLI-01229-000,63,0.0903,1373,15213,1373.0,15213.0
BraTS-GLI-01229-000,64,0.0929,1430,15391,1430.0,15391.0
BraTS-GLI-01229-000,65,0.0957,1496,15640,1496.0,15640.0
BraTS-GLI-01229-000,66,0.0998,1584,15877,1584.0,15877.0
BraTS-GLI-01229-000,67,0.1062,1704,16051,1704.0,16051.0
BraTS-GLI-01229-000,68,0.1096,1774,16193,1774.0,16193.0
BraTS-GLI-01229-000,69,0.1115,1818,16312,1818.0,16312.0
BraTS-GLI-01229-000,70,0.1103,1809,16396,1809.0,16396.0
BraTS-GLI-01229-000,71,0.1085,1790,16491,1790.0,16491.0
BraTS-GLI-01229-000,72,0.1025,1701,16592,1701.0,16592.0
BraTS-GLI-01229-000,73,0.1003,1671,16655,1671.0,16655.0
BraTS-GLI-01229-000,74,0.0986,1649,16723,1649.0,16723.0
BraTS-GLI-01229-000,75,0.0952,1597,16772,1597.0,16772.0
BraTS-GLI-01229-000,76,0.0941,1580,16796,1580.0,16796.0
BraTS-GLI-01229-000,77,0.092,1547,16811,1547.0,16811.0
BraTS-GLI-01229-000,78,0.0906,1522,16803,1522.0,16803.0
BraTS-GLI-01229-000,79,0.0855,1436,16791,1436.0,16791.0
BraTS-GLI-01229-000,80,0.0782,1313,16783,1313.0,16783.0
BraTS-GLI-01229-000,81,0.0729,1220,16735,1220.0,16735.0
BraTS-GLI-01229-000,82,0.0665,1110,16690,1110.0,16690.0
BraTS-GLI-01229-000,83,0.0618,1029,16640,1029.0,16640.0
BraTS-GLI-01229-000,84,0.0604,1003,16603,1003.0,16603.0
BraTS-GLI-01229-000,85,0.0569,941,16552,941.0,16552.0
BraTS-GLI-01229-000,86,0.0563,930,16509,930.0,16509.0
BraTS-GLI-01229-000,87,0.0549,903,16454,903.0,16454.0
BraTS-GLI-01229-000,88,0.0553,905,16372,905.0,16372.0
BraTS-GLI-01229-000,89,0.0532,866,16290,866.0,16290.0
BraTS-GLI-01229-000,90,0.0508,823,16203,823.0,16203.0
BraTS-GLI-01229-000,91,0.0494,797,16121,797.0,16121.0
BraTS-GLI-01229-000,92,0.0462,740,16007,740.0,16007.0
BraTS-GLI-01229-000,93,0.0441,700,15881,700.0,15881.0
BraTS-GLI-01229-000,94,0.0435,684,15741,684.0,15741.0
BraTS-GLI-01229-000,95,0.0397,619,15579,619.0,15579.0
BraTS-GLI-01229-000,96,0.0347,535,15402,535.0,15402.0
BraTS-GLI-01229-000,97,0.027,411,15244,411.0,15244.0
BraTS-GLI-01229-000,98,0.0204,308,15066,308.0,15066.0
BraTS-GLI-01229-000,99,0.0155,231,14860,231.0,14860.0
BraTS-GLI-01229-000,100,0.0111,162,14650,162.0,14650.0
BraTS-GLI-01229-000,101,0.0065,94,14446,94.0,14446.0
BraTS-GLI-01229-000,102,0.0015,21,14215,21.0,14215.0
BraTS-GLI-01229-000,103,0.0001,1,13972,1.0,13972.0
BraTS-GLI-00094-000,50,0.001,16,16794,16.0,16794.0
BraTS-GLI-00094-000,51,0.0043,74,17094,74.0,17094.0
BraTS-GLI-00094-000,52,0.0155,270,17434,270.0,17434.0
BraTS-GLI-00094-000,53,0.0308,547,17755,547.0,17755.0
BraTS-GLI-00094-000,54,0.0485,874,18028,874.0,18028.0
BraTS-GLI-00094-000,55,0.0589,1074,18239,1074.0,18239.0
BraTS-GLI-00094-000,56,0.0797,1468,18430,1468.0,18430.0
BraTS-GLI-00094-000,57,0.0933,1740,18642,1740.0,18642.0
BraTS-GLI-00094-000,58,0.1025,1930,18830,1930.0,18830.0
BraTS-GLI-00094-000,59,0.1131,2142,18946,2142.0,18946.0
BraTS-GLI-00094-000,60,0.1235,2354,19057,2354.0,19057.0
BraTS-GLI-00094-000,61,0.1307,2500,19134,2500.0,19134.0
BraTS-GLI-00094-000,62,0.1347,2593,19244,2593.0,19244.0
BraTS-GLI-00094-000,63,0.137,2643,19299,2643.0,19299.0
BraTS-GLI-00094-000,64,0.1427,2758,19333,2758.0,19333.0
BraTS-GLI-00094-000,65,0.1463,2831,19357,2831.0,19357.0
BraTS-GLI-00094-000,66,0.1479,2866,19378,2866.0,19378.0
BraTS-GLI-00094-000,67,0.1493,2894,19386,2894.0,19386.0
BraTS-GLI-00094-000,68,0.1505,2914,19365,2914.0,19365.0
BraTS-GLI-00094-000,69,0.1511,2923,19348,2923.0,19348.0
BraTS-GLI-00094-000,70,0.1515,2926,19311,2926.0,19311.0
BraTS-GLI-00094-000,71,0.153,2953,19295,2953.0,19295.0
BraTS-GLI-00094-000,72,0.1543,2977,19291,2977.0,19291.0
BraTS-GLI-00094-000,73,0.1559,3004,19271,3004.0,19271.0
BraTS-GLI-00094-000,74,0.1584,3043,19212,3043.0,19212.0
BraTS-GLI-00094-000,75,0.1614,3092,19158,3092.0,19158.0
BraTS-GLI-00094-000,76,0.1625,3103,19098,3103.0,19098.0
BraTS-GLI-00094-000,77,0.1636,3114,19034,3114.0,19034.0
BraTS-GLI-00094-000,78,0.1655,3142,18988,3142.0,18988.0
BraTS-GLI-00094-000,79,0.1645,3113,18928,3113.0,18928.0
BraTS-GLI-00094-000,80,0.1635,3088,18887,3088.0,18887.0
BraTS-GLI-00094-000,81,0.1636,3079,18819,3079.0,18819.0
BraTS-GLI-00094-000,82,0.1603,3005,18751,3005.0,18751.0
BraTS-GLI-00094-000,83,0.1584,2960,18687,2960.0,18687.0
BraTS-GLI-00094-000,84,0.156,2903,18604,2903.0,18604.0
BraTS-GLI-00094-000,85,0.1534,2845,18552,2845.0,18552.0
BraTS-GLI-00094-000,86,0.1525,2818,18478,2818.0,18478.0
BraTS-GLI-00094-000,87,0.1515,2788,18405,2788.0,18405.0
BraTS-GLI-00094-000,88,0.1539,2818,18315,2818.0,18315.0
BraTS-GLI-00094-000,89,0.1571,2860,18209,2860.0,18209.0
BraTS-GLI-00094-000,90,0.1601,2893,18067,2893.0,18067.0
BraTS-GLI-00094-000,91,0.1651,2960,17928,2960.0,17928.0
BraTS-GLI-00094-000,92,0.1697,3016,17776,3016.0,17776.0
BraTS-GLI-00094-000,93,0.1713,3021,17632,3021.0,17632.0
BraTS-GLI-00094-000,94,0.1728,3026,17516,3026.0,17516.0
BraTS-GLI-00094-000,95,0.1743,3028,17376,3028.0,17376.0
BraTS-GLI-00094-000,96,0.174,2997,17226,2997.0,17226.0
BraTS-GLI-00094-000,97,0.1745,2975,17045,2975.0,17045.0
BraTS-GLI-00094-000,98,0.1733,2924,16871,2924.0,16871.0
BraTS-GLI-00094-000,99,0.173,2884,16672,2884.0,16672.0
BraTS-GLI-00094-000,100,0.1703,2809,16493,2809.0,16493.0
BraTS-GLI-00094-000,101,0.168,2739,16302,2739.0,16302.0
BraTS-GLI-00094-000,102,0.1632,2630,16114,2630.0,16114.0
BraTS-GLI-00094-000,103,0.1585,2519,15893,2519.0,15893.0
BraTS-GLI-00094-000,104,0.1526,2391,15670,2391.0,15670.0
BraTS-GLI-00094-000,105,0.1458,2246,15408,2246.0,15408.0
BraTS-GLI-00094-000,106,0.1416,2145,15151,2145.0,15151.0
BraTS-GLI-00094-000,107,0.1337,1989,14872,1989.0,14872.0
BraTS-GLI-00094-000,108,0.1285,1873,14581,1873.0,14581.0
BraTS-GLI-00094-000,109,0.1237,1767,14290,1767.0,14290.0
BraTS-GLI-00094-000,110,0.1189,1666,14012,1666.0,14012.0
BraTS-GLI-00094-000,111,0.101,1384,13709,1384.0,13709.0
BraTS-GLI-00094-000,112,0.0943,1263,13388,1263.0,13388.0
BraTS-GLI-00094-000,113,0.0887,1159,13066,1159.0,13066.0
BraTS-GLI-00094-000,114,0.0798,1013,12702,1013.0,12702.0
BraTS-GLI-00094-000,115,0.0756,932,12331,932.0,12331.0
BraTS-GLI-00201-000,59,0.0047,76,16152,76.0,16152.0
BraTS-GLI-00201-000,60,0.0096,157,16274,157.0,16274.0
BraTS-GLI-00201-000,61,0.0142,233,16420,233.0,16420.0
BraTS-GLI-00201-000,62,0.021,348,16558,348.0,16558.0
BraTS-GLI-00201-000,63,0.0259,431,16660,431.0,16660.0
BraTS-GLI-00201-000,64,0.0312,524,16770,524.0,16770.0
BraTS-GLI-00201-000,65,0.0382,645,16888,645.0,16888.0
BraTS-GLI-00201-000,66,0.0476,811,17035,811.0,17035.0
BraTS-GLI-00201-000,67,0.0619,1063,17171,1063.0,17171.0
BraTS-GLI-00201-000,68,0.0698,1208,17296,1208.0,17296.0
BraTS-GLI-00201-000,69,0.0752,1313,17452,1313.0,17452.0
BraTS-GLI-00201-000,70,0.08,1408,17597,1408.0,17597.0
BraTS-GLI-00201-000,71,0.0844,1498,17758,1498.0,17758.0
BraTS-GLI-00201-000,72,0.0881,1577,17903,1577.0,17903.0
BraTS-GLI-00201-000,73,0.093,1677,18037,1677.0,18037.0
BraTS-GLI-00201-000,74,0.0959,1740,18140,1740.0,18140.0
BraTS-GLI-00201-000,75,0.1013,1844,18205,1844.0,18205.0
BraTS-GLI-00201-000,76,0.1061,1936,18248,1936.0,18248.0
BraTS-GLI-00201-000,77,0.1113,2034,18278,2034.0,18278.0
BraTS-GLI-00201-000,78,0.1151,2109,18324,2109.0,18324.0
BraTS-GLI-00201-000,79,0.1197,2198,18360,2198.0,18360.0
BraTS-GLI-00201-000,80,0.1237,2274,18379,2274.0,18379.0
BraTS-GLI-00201-000,81,0.1291,2374,18382,2374.0,18382.0
BraTS-GLI-00201-000,82,0.1358,2494,18371,2494.0,18371.0
BraTS-GLI-00201-000,83,0.1432,2628,18355,2628.0,18355.0
BraTS-GLI-00201-000,84,0.1535,2816,18340,2816.0,18340.0
BraTS-GLI-00201-000,85,0.1652,3026,18318,3026.0,18318.0
BraTS-GLI-00201-000,86,0.1709,3126,18289,3126.0,18289.0
BraTS-GLI-00201-000,87,0.1751,3194,18241,3194.0,18241.0
BraTS-GLI-00201-000,88,0.1776,3224,18154,3224.0,18154.0
BraTS-GLI-00201-000,89,0.1797,3249,18080,3249.0,18080.0
BraTS-GLI-00201-000,90,0.1812,3256,17974,3256.0,17974.0
BraTS-GLI-00201-000,91,0.1835,3278,17866,3278.0,17866.0
BraTS-GLI-00201-000,92,0.1868,3317,17755,3317.0,17755.0
BraTS-GLI-00201-000,93,0.1899,3347,17624,3347.0,17624.0
BraTS-GLI-00201-000,94,0.1916,3345,17457,3345.0,17457.0
BraTS-GLI-00201-000,95,0.1945,3363,17291,3363.0,17291.0
BraTS-GLI-00201-000,96,0.1959,3356,17129,3356.0,17129.0
BraTS-GLI-00201-000,97,0.1968,3337,16956,3337.0,16956.0
BraTS-GLI-00201-000,98,0.1955,3280,16776,3280.0,16776.0
BraTS-GLI-00201-000,99,0.195,3233,16583,3233.0,16583.0
BraTS-GLI-00201-000,100,0.1938,3176,16390,3176.0,16390.0
BraTS-GLI-00201-000,101,0.194,3139,16178,3139.0,16178.0
BraTS-GLI-00201-000,102,0.1933,3082,15945,3082.0,15945.0
BraTS-GLI-00201-000,103,0.1918,3014,15711,3014.0,15711.0
BraTS-GLI-00201-000,104,0.1911,2958,15476,2958.0,15476.0
BraTS-GLI-00201-000,105,0.1902,2895,15221,2895.0,15221.0
BraTS-GLI-00201-000,106,0.1921,2867,14926,2867.0,14926.0
BraTS-GLI-00201-000,107,0.1933,2828,14630,2828.0,14630.0
BraTS-GLI-00201-000,108,0.1927,2758,14313,2758.0,14313.0
BraTS-GLI-00201-000,109,0.1938,2706,13964,2706.0,13964.0
BraTS-GLI-00201-000,110,0.1952,2658,13616,2658.0,13616.0
BraTS-GLI-00201-000,111,0.1948,2587,13279,2587.0,13279.0
BraTS-GLI-00201-000,112,0.1934,2500,12927,2500.0,12927.0
BraTS-GLI-00201-000,113,0.1887,2376,12594,2376.0,12594.0
BraTS-GLI-00201-000,114,0.1844,2254,12222,2254.0,12222.0
BraTS-GLI-00201-000,115,0.1812,2147,11848,2147.0,11848.0
BraTS-GLI-00031-000,46,0.0034,40,11848,40.0,11848.0
BraTS-GLI-00031-000,47,0.0075,91,12185,91.0,12185.0
BraTS-GLI-00031-000,48,0.0106,132,12469,132.0,12469.0
BraTS-GLI-00031-000,49,0.0161,204,12700,204.0,12700.0
BraTS-GLI-00031-000,50,0.0198,256,12920,256.0,12920.0
BraTS-GLI-00031-000,51,0.0268,351,13100,351.0,13100.0
BraTS-GLI-00031-000,52,0.0325,432,13282,432.0,13282.0
BraTS-GLI-00031-000,53,0.0419,563,13450,563.0,13450.0
BraTS-GLI-00031-000,54,0.0427,580,13596,580.0,13596.0
BraTS-GLI-00031-000,55,0.0463,637,13746,637.0,13746.0
BraTS-GLI-00031-000,56,0.0515,714,13851,714.0,13851.0
BraTS-GLI-00031-000,57,0.0564,785,13919,785.0,13919.0
BraTS-GLI-00031-000,58,0.0665,932,14010,932.0,14010.0
BraTS-GLI-00031-000,59,0.08,1129,14120,1129.0,14120.0
BraTS-GLI-00031-000,60,0.0912,1302,14281,1302.0,14281.0
BraTS-GLI-00031-000,61,0.102,1481,14513,1481.0,14513.0
BraTS-GLI-00031-000,62,0.1176,1745,14840,1745.0,14840.0
BraTS-GLI-00031-000,63,0.1283,1946,15169,1946.0,15169.0
BraTS-GLI-00031-000,64,0.1452,2238,15411,2238.0,15411.0
BraTS-GLI-00031-000,65,0.1528,2399,15704,2399.0,15704.0
BraTS-GLI-00031-000,66,0.1668,2659,15943,2659.0,15943.0
BraTS-GLI-00031-000,67,0.1771,2857,16136,2857.0,16136.0
BraTS-GLI-00031-000,68,0.1789,2919,16318,2919.0,16318.0
BraTS-GLI-00031-000,69,0.1889,3115,16493,3115.0,16493.0
BraTS-GLI-00031-000,70,0.2179,3649,16748,3649.0,16748.0
BraTS-GLI-00031-000,71,0.2231,3780,16946,3780.0,16946.0
BraTS-GLI-00031-000,72,0.2231,3824,17137,3824.0,17137.0
BraTS-GLI-00031-000,73,0.2185,3793,17360,3793.0,17360.0
BraTS-GLI-00031-000,74,0.2287,4002,17498,4002.0,17498.0
BraTS-GLI-00031-000,75,0.23,4042,17573,4042.0,17573.0
BraTS-GLI-00031-000,76,0.2338,4119,17617,4119.0,17617.0
BraTS-GLI-00031-000,77,0.2386,4216,17669,4216.0,17669.0
BraTS-GLI-00031-000,78,0.2371,4193,17682,4193.0,17682.0
BraTS-GLI-00031-000,79,0.2382,4221,17718,4221.0,17718.0
BraTS-GLI-00031-000,80,0.2309,4096,17743,4096.0,17743.0
BraTS-GLI-00031-000,81,0.2292,4075,17777,4075.0,17777.0
BraTS-GLI-00031-000,82,0.2253,4011,17806,4011.0,17806.0
BraTS-GLI-00031-000,83,0.2202,3920,17801,3920.0,17801.0
BraTS-GLI-00031-000,84,0.2192,3897,17780,3897.0,17780.0
BraTS-GLI-00031-000,85,0.2186,3883,17761,3883.0,17761.0
BraTS-GLI-00031-000,86,0.2227,3949,17732,3949.0,17732.0
BraTS-GLI-00031-000,87,0.2246,3973,17691,3973.0,17691.0
BraTS-GLI-00031-000,88,0.226,3990,17652,3990.0,17652.0
BraTS-GLI-00031-000,89,0.2271,3996,17595,3996.0,17595.0
BraTS-GLI-00031-000,90,0.2226,3901,17528,3901.0,17528.0
BraTS-GLI-00031-000,91,0.2233,3903,17476,3903.0,17476.0
BraTS-GLI-00031-000,92,0.2282,3972,17405,3972.0,17405.0
BraTS-GLI-00031-000,93,0.2386,4131,17315,4131.0,17315.0
BraTS-GLI-00031-000,94,0.2432,4188,17220,4188.0,17220.0
BraTS-GLI-00031-000,95,0.2435,4170,17126,4170.0,17126.0
BraTS-GLI-00031-000,96,0.2431,4135,17009,4135.0,17009.0
BraTS-GLI-00031-000,97,0.243,4102,16881,4102.0,16881.0
BraTS-GLI-00031-000,98,0.2434,4073,16737,4073.0,16737.0
BraTS-GLI-00031-000,99,0.2474,4109,16608,4109.0,16608.0
BraTS-GLI-00031-000,100,0.2465,4056,16457,4056.0,16457.0
BraTS-GLI-00031-000,101,0.2437,3975,16310,3975.0,16310.0
BraTS-GLI-00031-000,102,0.2377,3834,16128,3834.0,16128.0
BraTS-GLI-00031-000,103,0.2357,3755,15933,3755.0,15933.0
BraTS-GLI-00031-000,104,0.2301,3618,15721,3618.0,15721.0
BraTS-GLI-00031-000,105,0.2222,3441,15485,3441.0,15485.0
BraTS-GLI-00031-000,106,0.2146,3273,15254,3273.0,15254.0
BraTS-GLI-00031-000,107,0.2085,3131,15015,3131.0,15015.0
BraTS-GLI-00031-000,108,0.2039,3010,14763,3010.0,14763.0
BraTS-GLI-00031-000,109,0.2017,2927,14509,2927.0,14509.0
BraTS-GLI-00031-000,110,0.1997,2849,14263,2849.0,14263.0
BraTS-GLI-00031-000,111,0.193,2702,14003,2702.0,14003.0
BraTS-GLI-00031-000,112,0.1799,2475,13757,2475.0,13757.0
BraTS-GLI-00031-000,113,0.1762,2377,13493,2377.0,13493.0
BraTS-GLI-00031-000,114,0.1752,2317,13224,2317.0,13224.0
BraTS-GLI-00031-000,115,0.1747,2257,12921,2257.0,12921.0
BraTS-GLI-00294-000,47,0.0026,38,14430,38.0,14430.0
BraTS-GLI-00294-000,48,0.007,103,14786,103.0,14786.0
BraTS-GLI-00294-000,49,0.0111,168,15161,168.0,15161.0
BraTS-GLI-00294-000,50,0.0181,281,15563,281.0,15563.0
BraTS-GLI-00294-000,51,0.0241,381,15809,381.0,15809.0
BraTS-GLI-00294-000,52,0.0314,504,16027,504.0,16027.0
BraTS-GLI-00294-000,53,0.0413,668,16188,668.0,16188.0
BraTS-GLI-00294-000,54,0.0532,869,16327,869.0,16327.0
BraTS-GLI-00294-000,55,0.0615,1012,16458,1012.0,16458.0
BraTS-GLI-00294-000,56,0.0699,1162,16626,1162.0,16626.0
BraTS-GLI-00294-000,57,0.0782,1314,16793,1314.0,16793.0
BraTS-GLI-00294-000,58,0.0868,1474,16972,1474.0,16972.0
BraTS-GLI-00294-000,59,0.092,1581,17181,1581.0,17181.0
BraTS-GLI-00294-000,60,0.0951,1664,17498,1664.0,17498.0
BraTS-GLI-00294-000,61,0.0975,1735,17793,1735.0,17793.0
BraTS-GLI-00294-000,62,0.1011,1821,18007,1821.0,18007.0
BraTS-GLI-00294-000,63,0.1064,1935,18179,1935.0,18179.0
BraTS-GLI-00294-000,64,0.1107,2030,18333,2030.0,18333.0
BraTS-GLI-00294-000,65,0.1151,2126,18467,2126.0,18467.0
BraTS-GLI-00294-000,66,0.1186,2203,18573,2203.0,18573.0
BraTS-GLI-00294-000,67,0.1232,2299,18666,2299.0,18666.0
BraTS-GLI-00294-000,68,0.1258,2356,18732,2356.0,18732.0
BraTS-GLI-00294-000,69,0.1272,2390,18784,2390.0,18784.0
BraTS-GLI-00294-000,70,0.1289,2426,18814,2426.0,18814.0
BraTS-GLI-00294-000,71,0.1304,2457,18838,2457.0,18838.0
BraTS-GLI-00294-000,72,0.1323,2493,18840,2493.0,18840.0
BraTS-GLI-00294-000,73,0.1346,2534,18827,2534.0,18827.0
BraTS-GLI-00294-000,74,0.1379,2596,18827,2596.0,18827.0
BraTS-GLI-00294-000,75,0.14,2635,18824,2635.0,18824.0
BraTS-GLI-00294-000,76,0.1411,2652,18789,2652.0,18789.0
BraTS-GLI-00294-000,77,0.1425,2673,18756,2673.0,18756.0
BraTS-GLI-00294-000,78,0.1432,2678,18698,2678.0,18698.0
BraTS-GLI-00294-000,79,0.1442,2688,18639,2688.0,18639.0
BraTS-GLI-00294-000,80,0.1461,2717,18594,2717.0,18594.0
BraTS-GLI-00294-000,81,0.1464,2711,18524,2711.0,18524.0
BraTS-GLI-00294-000,82,0.1468,2711,18465,2711.0,18465.0
BraTS-GLI-00294-000,83,0.1472,2709,18405,2709.0,18405.0
BraTS-GLI-00294-000,84,0.147,2697,18348,2697.0,18348.0
BraTS-GLI-00294-000,85,0.1476,2695,18262,2695.0,18262.0
BraTS-GLI-00294-000,86,0.1485,2697,18166,2697.0,18166.0
BraTS-GLI-00294-000,87,0.1491,2700,18106,2700.0,18106.0
BraTS-GLI-00294-000,88,0.1502,2706,18015,2706.0,18015.0
BraTS-GLI-00294-000,89,0.1514,2715,17934,2715.0,17934.0
BraTS-GLI-00294-000,90,0.153,2726,17822,2726.0,17822.0
BraTS-GLI-00294-000,91,0.1534,2717,17714,2717.0,17714.0
BraTS-GLI-00294-000,92,0.1534,2698,17585,2698.0,17585.0
BraTS-GLI-00294-000,93,0.1535,2676,17433,2676.0,17433.0
BraTS-GLI-00294-000,94,0.1532,2645,17268,2645.0,17268.0
BraTS-GLI-00294-000,95,0.1527,2613,17114,2613.0,17114.0
BraTS-GLI-00294-000,96,0.1519,2573,16942,2573.0,16942.0
BraTS-GLI-00294-000,97,0.1504,2523,16772,2523.0,16772.0
BraTS-GLI-00294-000,98,0.1498,2481,16567,2481.0,16567.0
BraTS-GLI-00294-000,99,0.1488,2430,16329,2430.0,16329.0
BraTS-GLI-00294-000,100,0.1466,2361,16104,2361.0,16104.0
BraTS-GLI-00294-000,101,0.144,2286,15879,2286.0,15879.0
BraTS-GLI-00294-000,102,0.1382,2157,15603,2157.0,15603.0
BraTS-GLI-00294-000,103,0.1328,2035,15322,2035.0,15322.0
BraTS-GLI-00294-000,104,0.1297,1952,15045,1952.0,15045.0
BraTS-GLI-00294-000,105,0.1275,1886,14795,1886.0,14795.0
BraTS-GLI-00294-000,106,0.1251,1814,14506,1814.0,14506.0
BraTS-GLI-00294-000,107,0.1244,1767,14200,1767.0,14200.0
BraTS-GLI-00294-000,108,0.1256,1744,13881,1744.0,13881.0
BraTS-GLI-00294-000,109,0.1262,1707,13524,1707.0,13524.0
BraTS-GLI-00294-000,110,0.1266,1669,13188,1669.0,13188.0
BraTS-GLI-00294-000,111,0.1244,1605,12897,1605.0,12897.0
BraTS-GLI-00294-000,112,0.1242,1560,12558,1560.0,12558.0
BraTS-GLI-00294-000,113,0.1238,1504,12146,1504.0,12146.0
BraTS-GLI-00294-000,114,0.1213,1431,11799,1431.0,11799.0
BraTS-GLI-00294-000,115,0.1188,1361,11459,1361.0,11459.0
BraTS-GLI-01032-000,60,0.0001,2,15844,2.0,15844.0
BraTS-GLI-01032-000,61,0.001,16,16062,16.0,16062.0
BraTS-GLI-01032-000,62,0.0021,34,16270,34.0,16270.0
BraTS-GLI-01032-000,63,0.0037,61,16492,61.0,16492.0
BraTS-GLI-01032-000,64,0.0059,99,16696,99.0,16696.0
BraTS-GLI-01032-000,65,0.0116,197,16925,197.0,16925.0
BraTS-GLI-01032-000,66,0.029,498,17151,498.0,17151.0
BraTS-GLI-01032-000,67,0.0473,825,17438,825.0,17438.0
BraTS-GLI-01032-000,68,0.0679,1196,17605,1196.0,17605.0
BraTS-GLI-01032-000,69,0.0808,1433,17744,1433.0,17744.0
BraTS-GLI-01032-000,70,0.0911,1626,17853,1626.0,17853.0
BraTS-GLI-01032-000,71,0.1022,1836,17960,1836.0,17960.0
BraTS-GLI-01032-000,72,0.1179,2128,18045,2128.0,18045.0
BraTS-GLI-01032-000,73,0.1351,2447,18113,2447.0,18113.0
BraTS-GLI-01032-000,74,0.146,2652,18167,2652.0,18167.0
BraTS-GLI-01032-000,75,0.153,2785,18207,2785.0,18207.0
BraTS-GLI-01032-000,76,0.1588,2898,18247,2898.0,18247.0
BraTS-GLI-01032-000,77,0.1629,2978,18285,2978.0,18285.0
BraTS-GLI-01032-000,78,0.1676,3068,18306,3068.0,18306.0
BraTS-GLI-01032-000,79,0.173,3166,18305,3166.0,18305.0
BraTS-GLI-01032-000,80,0.1792,3285,18327,3285.0,18327.0
BraTS-GLI-01032-000,81,0.1858,3407,18341,3407.0,18341.0
BraTS-GLI-01032-000,82,0.1916,3514,18343,3514.0,18343.0
BraTS-GLI-01032-000,83,0.1966,3604,18333,3604.0,18333.0
BraTS-GLI-01032-000,84,0.2,3661,18302,3661.0,18302.0
BraTS-GLI-01032-000,85,0.2035,3717,18266,3717.0,18266.0
BraTS-GLI-01032-000,86,0.2066,3765,18220,3765.0,18220.0
BraTS-GLI-01032-000,87,0.2098,3814,18176,3814.0,18176.0
BraTS-GLI-01032-000,88,0.2135,3870,18127,3870.0,18127.0
BraTS-GLI-01032-000,89,0.2165,3906,18044,3906.0,18044.0
BraTS-GLI-01032-000,90,0.2181,3918,17963,3918.0,17963.0
BraTS-GLI-01032-000,91,0.2193,3922,17884,3922.0,17884.0
BraTS-GLI-01032-000,92,0.2182,3885,17803,3885.0,17803.0
BraTS-GLI-01032-000,93,0.2183,3859,17674,3859.0,17674.0
BraTS-GLI-01032-000,94,0.2177,3824,17567,3824.0,17567.0
BraTS-GLI-01032-000,95,0.2168,3779,17433,3779.0,17433.0
BraTS-GLI-01032-000,96,0.2163,3734,17266,3734.0,17266.0
BraTS-GLI-01032-000,97,0.2146,3674,17123,3674.0,17123.0
BraTS-GLI-01032-000,98,0.2126,3601,16940,3601.0,16940.0
BraTS-GLI-01032-000,99,0.2103,3522,16749,3522.0,16749.0
BraTS-GLI-01032-000,100,0.2076,3437,16555,3437.0,16555.0
BraTS-GLI-01032-000,101,0.2053,3356,16344,3356.0,16344.0
BraTS-GLI-01032-000,102,0.2041,3293,16138,3293.0,16138.0
BraTS-GLI-01032-000,103,0.2026,3220,15895,3220.0,15895.0
BraTS-GLI-01032-000,104,0.2005,3139,15656,3139.0,15656.0
BraTS-GLI-01032-000,105,0.1976,3043,15399,3043.0,15399.0
BraTS-GLI-01032-000,106,0.1953,2957,15143,2957.0,15143.0
BraTS-GLI-01032-000,107,0.1918,2852,14867,2852.0,14867.0
BraTS-GLI-01032-000,108,0.1869,2733,14622,2733.0,14622.0
BraTS-GLI-01032-000,109,0.1821,2607,14315,2607.0,14315.0
BraTS-GLI-01032-000,110,0.1769,2477,14005,2477.0,14005.0
BraTS-GLI-01032-000,111,0.1716,2349,13688,2349.0,13688.0
BraTS-GLI-01032-000,112,0.1652,2206,13356,2206.0,13356.0
BraTS-GLI-01032-000,113,0.1588,2072,13047,2072.0,13047.0
BraTS-GLI-01032-000,114,0.152,1937,12740,1937.0,12740.0
BraTS-GLI-01032-000,115,0.1444,1792,12414,1792.0,12414.0
BraTS-GLI-00610-001,50,0.0001,1,13071,1.0,13071.0
BraTS-GLI-00610-001,52,0.0003,4,14150,4.0,14150.0
BraTS-GLI-00610-001,53,0.0001,2,14815,2.0,14815.0
BraTS-GLI-00610-001,54,0.0001,1,15307,1.0,15307.0
BraTS-GLI-00610-001,55,0.0006,9,15627,9.0,15627.0
BraTS-GLI-00610-001,56,0.0222,353,15868,353.0,15868.0
BraTS-GLI-00610-001,57,0.0143,230,16109,230.0,16109.0
BraTS-GLI-00610-001,58,0.0171,283,16514,283.0,16514.0
BraTS-GLI-00610-001,59,0.0182,305,16748,305.0,16748.0
BraTS-GLI-00610-001,60,0.0183,310,16927,310.0,16927.0
BraTS-GLI-00610-001,61,0.021,362,17231,362.0,17231.0
BraTS-GLI-00610-001,62,0.0187,325,17415,325.0,17415.0
BraTS-GLI-00610-001,63,0.0208,366,17568,366.0,17568.0
BraTS-GLI-00610-001,64,0.0231,415,17993,415.0,17993.0
BraTS-GLI-00610-001,65,0.0245,443,18097,443.0,18097.0
BraTS-GLI-00610-001,66,0.0228,419,18369,419.0,18369.0
BraTS-GLI-00610-001,67,0.0255,472,18507,472.0,18507.0
BraTS-GLI-00610-001,68,0.0481,896,18618,896.0,18618.0
BraTS-GLI-00610-001,69,0.0534,999,18713,999.0,18713.0
BraTS-GLI-00610-001,70,0.055,1033,18767,1033.0,18767.0
BraTS-GLI-00610-001,71,0.0584,1099,18807,1099.0,18807.0
BraTS-GLI-00610-001,72,0.064,1205,18837,1205.0,18837.0
BraTS-GLI-00610-001,73,0.0649,1224,18853,1224.0,18853.0
BraTS-GLI-00610-001,74,0.0663,1250,18863,1250.0,18863.0
BraTS-GLI-00610-001,75,0.0686,1294,18860,1294.0,18860.0
BraTS-GLI-00610-001,76,0.0718,1353,18849,1353.0,18849.0
BraTS-GLI-00610-001,77,0.0733,1380,18833,1380.0,18833.0
BraTS-GLI-00610-001,78,0.082,1541,18786,1541.0,18786.0
BraTS-GLI-00610-001,79,0.0861,1613,18740,1613.0,18740.0
BraTS-GLI-00610-001,80,0.0877,1638,18680,1638.0,18680.0
BraTS-GLI-00610-001,81,0.088,1637,18604,1637.0,18604.0
BraTS-GLI-00610-001,82,0.0865,1603,18534,1603.0,18534.0
BraTS-GLI-00610-001,83,0.0874,1612,18444,1612.0,18444.0
BraTS-GLI-00610-001,84,0.0897,1644,18328,1644.0,18328.0
BraTS-GLI-00610-001,85,0.0946,1722,18196,1722.0,18196.0
BraTS-GLI-00610-001,86,0.0947,1712,18087,1712.0,18087.0
BraTS-GLI-00610-001,87,0.0966,1734,17955,1734.0,17955.0
BraTS-GLI-00610-001,88,0.094,1672,17796,1672.0,17796.0
BraTS-GLI-00610-001,89,0.0968,1709,17656,1709.0,17656.0
BraTS-GLI-00610-001,90,0.0943,1648,17482,1648.0,17482.0
BraTS-GLI-00610-001,91,0.0966,1674,17328,1674.0,17328.0
BraTS-GLI-00610-001,92,0.0983,1688,17169,1688.0,17169.0
BraTS-GLI-00610-001,93,0.0969,1645,16983,1645.0,16983.0
BraTS-GLI-00610-001,94,0.0979,1643,16782,1643.0,16782.0
BraTS-GLI-00610-001,95,0.0975,1619,16600,1619.0,16600.0
BraTS-GLI-00610-001,96,0.1004,1633,16262,1633.0,16262.0
BraTS-GLI-00610-001,97,0.0998,1615,16184,1615.0,16184.0
BraTS-GLI-00610-001,98,0.1006,1606,15964,1606.0,15964.0
BraTS-GLI-00610-001,99,0.1008,1590,15777,1590.0,15777.0
BraTS-GLI-00610-001,100,0.0982,1522,15498,1522.0,15498.0
BraTS-GLI-00610-001,101,0.0979,1490,15226,1490.0,15226.0
BraTS-GLI-00610-001,102,0.0963,1433,14883,1433.0,14883.0
BraTS-GLI-00610-001,103,0.0945,1382,14631,1382.0,14631.0
BraTS-GLI-00610-001,104,0.0864,1246,14424,1246.0,14424.0
BraTS-GLI-00610-001,105,0.0885,1252,14139,1252.0,14139.0
BraTS-GLI-00610-001,106,0.0851,1181,13884,1181.0,13884.0
BraTS-GLI-00610-001,107,0.0846,1142,13497,1142.0,13497.0
BraTS-GLI-00610-001,108,0.0754,993,13175,993.0,13175.0
BraTS-GLI-00610-001,109,0.0696,899,12912,899.0,12912.0
BraTS-GLI-00610-001,110,0.0685,855,12490,855.0,12490.0
BraTS-GLI-00610-001,111,0.076,923,12143,923.0,12143.0
BraTS-GLI-00610-001,112,0.0756,889,11767,889.0,11767.0
BraTS-GLI-00610-001,113,0.074,852,11509,852.0,11509.0
BraTS-GLI-00610-001,114,0.0777,877,11280,877.0,11280.0
BraTS-GLI-00610-001,115,0.0725,796,10979,796.0,10979.0
BraTS-GLI-01384-000,41,0.0041,51,12468,51.0,12468.0
BraTS-GLI-01384-000,42,0.0161,205,12732,205.0,12732.0
BraTS-GLI-01384-000,43,0.0259,343,13241,343.0,13241.0
BraTS-GLI-01384-000,44,0.0339,464,13695,464.0,13695.0
BraTS-GLI-01384-000,45,0.042,593,14120,593.0,14120.0
BraTS-GLI-01384-000,46,0.0478,697,14570,697.0,14570.0
BraTS-GLI-01384-000,47,0.0534,798,14951,798.0,14951.0
BraTS-GLI-01384-000,48,0.0585,891,15235,891.0,15235.0
BraTS-GLI-01384-000,49,0.0641,994,15509,994.0,15509.0
BraTS-GLI-01384-000,50,0.0695,1093,15729,1093.0,15729.0
BraTS-GLI-01384-000,51,0.0749,1199,16003,1199.0,16003.0
BraTS-GLI-01384-000,52,0.0762,1245,16349,1245.0,16349.0
BraTS-GLI-01384-000,53,0.077,1285,16694,1285.0,16694.0
BraTS-GLI-01384-000,54,0.0784,1329,16952,1329.0,16952.0
BraTS-GLI-01384-000,55,0.0826,1416,17153,1416.0,17153.0
BraTS-GLI-01384-000,56,0.0864,1500,17367,1500.0,17367.0
BraTS-GLI-01384-000,57,0.0885,1559,17609,1559.0,17609.0
BraTS-GLI-01384-000,58,0.0923,1645,17830,1645.0,17830.0
BraTS-GLI-01384-000,59,0.0985,1774,18019,1774.0,18019.0
BraTS-GLI-01384-000,60,0.1046,1902,18187,1902.0,18187.0
BraTS-GLI-01384-000,61,0.1099,2018,18361,2018.0,18361.0
BraTS-GLI-01384-000,62,0.1186,2194,18506,2194.0,18506.0
BraTS-GLI-01384-000,63,0.1272,2371,18634,2371.0,18634.0
BraTS-GLI-01384-000,64,0.1339,2517,18791,2517.0,18791.0
BraTS-GLI-01384-000,65,0.1399,2640,18867,2640.0,18867.0
BraTS-GLI-01384-000,66,0.1431,2712,18957,2712.0,18957.0
BraTS-GLI-01384-000,67,0.1447,2750,19010,2750.0,19010.0
BraTS-GLI-01384-000,68,0.1466,2792,19051,2792.0,19051.0
BraTS-GLI-01384-000,69,0.1492,2850,19096,2850.0,19096.0
BraTS-GLI-01384-000,70,0.1507,2878,19103,2878.0,19103.0
BraTS-GLI-01384-000,71,0.1522,2908,19108,2908.0,19108.0
BraTS-GLI-01384-000,72,0.1525,2912,19090,2912.0,19090.0
BraTS-GLI-01384-000,73,0.1512,2883,19065,2883.0,19065.0
BraTS-GLI-01384-000,74,0.152,2892,19032,2892.0,19032.0
BraTS-GLI-01384-000,75,0.1516,2885,19025,2885.0,19025.0
BraTS-GLI-01384-000,76,0.1479,2808,18990,2808.0,18990.0
BraTS-GLI-01384-000,77,0.1451,2749,18944,2749.0,18944.0
BraTS-GLI-01384-000,78,0.1431,2703,18895,2703.0,18895.0
BraTS-GLI-01384-000,79,0.14,2638,18843,2638.0,18843.0
BraTS-GLI-01384-000,80,0.1373,2578,18771,2578.0,18771.0
BraTS-GLI-01384-000,81,0.1337,2506,18743,2506.0,18743.0
BraTS-GLI-01384-000,82,0.1287,2404,18677,2404.0,18677.0
BraTS-GLI-01384-000,83,0.1265,2354,18614,2354.0,18614.0
BraTS-GLI-01384-000,84,0.1242,2304,18554,2304.0,18554.0
BraTS-GLI-01384-000,85,0.1236,2283,18465,2283.0,18465.0
BraTS-GLI-01384-000,86,0.1225,2254,18398,2254.0,18398.0
BraTS-GLI-01384-000,87,0.1213,2220,18308,2220.0,18308.0
BraTS-GLI-01384-000,88,0.1201,2187,18209,2187.0,18209.0
BraTS-GLI-01384-000,89,0.1183,2141,18102,2141.0,18102.0
BraTS-GLI-01384-000,90,0.116,2083,17963,2083.0,17963.0
BraTS-GLI-01384-000,91,0.1129,2012,17815,2012.0,17815.0
BraTS-GLI-01384-000,92,0.1086,1920,17673,1920.0,17673.0
BraTS-GLI-01384-000,93,0.1031,1804,17492,1804.0,17492.0
BraTS-GLI-01384-000,94,0.0963,1668,17318,1668.0,17318.0
BraTS-GLI-01384-000,95,0.0869,1491,17149,1491.0,17149.0
BraTS-GLI-01384-000,96,0.0766,1292,16872,1292.0,16872.0
BraTS-GLI-01384-000,97,0.0639,1067,16700,1067.0,16700.0
BraTS-GLI-01384-000,98,0.0527,867,16458,867.0,16458.0
BraTS-GLI-01384-000,99,0.0398,644,16189,644.0,16189.0
BraTS-GLI-01384-000,100,0.0307,487,15870,487.0,15870.0
BraTS-GLI-01384-000,101,0.0244,380,15600,380.0,15600.0
BraTS-GLI-01384-000,102,0.0164,250,15274,250.0,15274.0
BraTS-GLI-01384-000,103,0.0059,89,14981,89.0,14981.0
BraTS-GLI-01384-000,104,0.001,14,14687,14.0,14687.0
BraTS-GLI-00557-000,88,0.0026,45,17597,45.0,17597.0
BraTS-GLI-00557-000,89,0.007,123,17512,123.0,17512.0
BraTS-GLI-00557-000,90,0.0114,198,17396,198.0,17396.0
BraTS-GLI-00557-000,91,0.0149,258,17269,258.0,17269.0
BraTS-GLI-00557-000,92,0.0216,369,17120,369.0,17120.0
BraTS-GLI-00557-000,93,0.0283,480,16964,480.0,16964.0
BraTS-GLI-00557-000,94,0.0356,598,16802,598.0,16802.0
BraTS-GLI-00557-000,95,0.0433,721,16647,721.0,16647.0
BraTS-GLI-00557-000,96,0.0511,841,16442,841.0,16442.0
BraTS-GLI-00557-000,97,0.0587,954,16262,954.0,16262.0
BraTS-GLI-00557-000,98,0.0662,1063,16047,1063.0,16047.0
BraTS-GLI-00557-000,99,0.0727,1150,15814,1150.0,15814.0
BraTS-GLI-00557-000,100,0.0783,1219,15565,1219.0,15565.0
BraTS-GLI-00557-000,101,0.0844,1293,15323,1293.0,15323.0
BraTS-GLI-00557-000,102,0.0899,1354,15055,1354.0,15055.0
BraTS-GLI-00557-000,103,0.0961,1417,14749,1417.0,14749.0
BraTS-GLI-00557-000,104,0.1019,1477,14500,1477.0,14500.0
BraTS-GLI-00557-000,105,0.1081,1537,14223,1537.0,14223.0
BraTS-GLI-00557-000,106,0.1136,1584,13939,1584.0,13939.0
BraTS-GLI-00557-000,107,0.1194,1631,13663,1631.0,13663.0
BraTS-GLI-00557-000,108,0.1247,1666,13364,1666.0,13364.0
BraTS-GLI-00557-000,109,0.1282,1672,13044,1672.0,13044.0
BraTS-GLI-00557-000,110,0.1326,1683,12688,1683.0,12688.0
BraTS-GLI-00557-000,111,0.1365,1684,12333,1684.0,12333.0
BraTS-GLI-00557-000,112,0.1392,1672,12011,1672.0,12011.0
BraTS-GLI-00557-000,113,0.1428,1666,11668,1666.0,11668.0
BraTS-GLI-00557-000,114,0.1459,1651,11313,1651.0,11313.0
BraTS-GLI-00557-000,115,0.1484,1627,10961,1627.0,10961.0
BraTS-GLI-00409-000,40,0.1617,2226,13766,2226.0,13766.0
BraTS-GLI-00409-000,41,0.1642,2286,13922,2286.0,13922.0
BraTS-GLI-00409-000,42,0.1687,2372,14059,2372.0,14059.0
BraTS-GLI-00409-000,43,0.1695,2405,14186,2405.0,14186.0
BraTS-GLI-00409-000,44,0.1709,2449,14328,2449.0,14328.0
BraTS-GLI-00409-000,45,0.1706,2471,14482,2471.0,14482.0
BraTS-GLI-00409-000,46,0.1696,2495,14708,2495.0,14708.0
BraTS-GLI-00409-000,47,0.1663,2549,15330,2549.0,15330.0
BraTS-GLI-00409-000,48,0.1658,2587,15602,2587.0,15602.0
BraTS-GLI-00409-000,49,0.1643,2601,15828,2601.0,15828.0
BraTS-GLI-00409-000,50,0.1621,2604,16067,2604.0,16067.0
BraTS-GLI-00409-000,51,0.1609,2624,16306,2624.0,16306.0
BraTS-GLI-00409-000,52,0.1605,2650,16516,2650.0,16516.0
BraTS-GLI-00409-000,53,0.1616,2699,16700,2699.0,16700.0
BraTS-GLI-00409-000,54,0.1604,2707,16880,2707.0,16880.0
BraTS-GLI-00409-000,55,0.1555,2652,17053,2652.0,17053.0
BraTS-GLI-00409-000,56,0.1483,2553,17212,2553.0,17212.0
BraTS-GLI-00409-000,57,0.1437,2493,17351,2493.0,17351.0
BraTS-GLI-00409-000,58,0.1398,2445,17489,2445.0,17489.0
BraTS-GLI-00409-000,59,0.138,2435,17642,2435.0,17642.0
BraTS-GLI-00409-000,60,0.1375,2447,17798,2447.0,17798.0
BraTS-GLI-00409-000,61,0.1376,2468,17938,2468.0,17938.0
BraTS-GLI-00409-000,62,0.1363,2462,18063,2462.0,18063.0
BraTS-GLI-00409-000,63,0.1343,2444,18204,2444.0,18204.0
BraTS-GLI-00409-000,64,0.1333,2448,18366,2448.0,18366.0
BraTS-GLI-00409-000,65,0.1327,2459,18536,2459.0,18536.0
BraTS-GLI-00409-000,66,0.1349,2520,18676,2520.0,18676.0
BraTS-GLI-00409-000,67,0.1335,2510,18802,2510.0,18802.0
BraTS-GLI-00409-000,68,0.1292,2444,18916,2444.0,18916.0
BraTS-GLI-00409-000,69,0.1224,2328,19023,2328.0,19023.0
BraTS-GLI-00409-000,70,0.1124,2149,19113,2149.0,19113.0
BraTS-GLI-00409-000,71,0.1077,2066,19181,2066.0,19181.0
BraTS-GLI-00409-000,72,0.1007,1941,19267,1941.0,19267.0
BraTS-GLI-00409-000,73,0.0967,1867,19317,1867.0,19317.0
BraTS-GLI-00409-000,74,0.093,1800,19357,1800.0,19357.0
BraTS-GLI-00409-000,75,0.0934,1811,19381,1811.0,19381.0
BraTS-GLI-00409-000,76,0.0937,1816,19387,1816.0,19387.0
BraTS-GLI-00409-000,77,0.0909,1761,19376,1761.0,19376.0
BraTS-GLI-00409-000,78,0.0852,1650,19357,1650.0,19357.0
BraTS-GLI-00409-000,79,0.0765,1480,19346,1480.0,19346.0
BraTS-GLI-00409-000,80,0.0665,1284,19315,1284.0,19315.0
BraTS-GLI-00409-000,81,0.0587,1131,19278,1131.0,19278.0
BraTS-GLI-00409-000,82,0.0531,1020,19227,1020.0,19227.0
BraTS-GLI-00409-000,83,0.0488,936,19185,936.0,19185.0
BraTS-GLI-00409-000,84,0.0451,862,19109,862.0,19109.0
BraTS-GLI-00409-000,85,0.0422,803,19037,803.0,19037.0
BraTS-GLI-00409-000,86,0.0378,716,18962,716.0,18962.0
BraTS-GLI-00409-000,87,0.0319,603,18890,603.0,18890.0
BraTS-GLI-00409-000,88,0.0291,547,18791,547.0,18791.0
BraTS-GLI-00409-000,89,0.0265,496,18694,496.0,18694.0
BraTS-GLI-00409-000,90,0.0237,440,18588,440.0,18588.0
BraTS-GLI-00409-000,91,0.0219,404,18478,404.0,18478.0
BraTS-GLI-00409-000,92,0.0203,372,18347,372.0,18347.0
BraTS-GLI-00409-000,93,0.0187,341,18233,341.0,18233.0
BraTS-GLI-00409-000,94,0.0173,313,18087,313.0,18087.0
BraTS-GLI-00409-000,95,0.0153,275,17948,275.0,17948.0
BraTS-GLI-00409-000,96,0.0138,245,17791,245.0,17791.0
BraTS-GLI-00409-000,97,0.0119,209,17615,209.0,17615.0
BraTS-GLI-00409-000,98,0.0088,154,17425,154.0,17425.0
BraTS-GLI-00409-000,99,0.0054,93,17254,93.0,17254.0
BraTS-GLI-00409-000,100,0.0026,45,17034,45.0,17034.0
BraTS-GLI-00409-000,101,0.0001,2,16803,2.0,16803.0
BraTS-GLI-00024-001,40,0.1639,2247,13709,2247.0,13709.0
BraTS-GLI-00024-001,41,0.1642,2263,13783,2263.0,13783.0
BraTS-GLI-00024-001,42,0.1639,2267,13834,2267.0,13834.0
BraTS-GLI-00024-001,43,0.1649,2289,13879,2289.0,13879.0
BraTS-GLI-00024-001,44,0.1633,2270,13900,2270.0,13900.0
BraTS-GLI-00024-001,45,0.1618,2251,13912,2251.0,13912.0
BraTS-GLI-00024-001,46,0.1594,2226,13965,2226.0,13965.0
BraTS-GLI-00024-001,47,0.16,2242,14013,2242.0,14013.0
BraTS-GLI-00024-001,48,0.1589,2231,14043,2231.0,14043.0
BraTS-GLI-00024-001,49,0.1557,2201,14140,2201.0,14140.0
BraTS-GLI-00024-001,50,0.1496,2145,14336,2145.0,14336.0
BraTS-GLI-00024-001,51,0.1396,2041,14622,2041.0,14622.0
BraTS-GLI-00024-001,52,0.1343,1995,14858,1995.0,14858.0
BraTS-GLI-00024-001,53,0.1292,1930,14940,1930.0,14940.0
BraTS-GLI-00024-001,54,0.1261,1894,15025,1894.0,15025.0
BraTS-GLI-00024-001,55,0.121,1828,15105,1828.0,15105.0
BraTS-GLI-00024-001,56,0.1134,1723,15200,1723.0,15200.0
BraTS-GLI-00024-001,57,0.1083,1656,15289,1656.0,15289.0
BraTS-GLI-00024-001,58,0.1036,1593,15383,1593.0,15383.0
BraTS-GLI-00024-001,59,0.0984,1526,15504,1526.0,15504.0
BraTS-GLI-00024-001,60,0.0935,1458,15599,1458.0,15599.0
BraTS-GLI-00024-001,61,0.087,1373,15782,1373.0,15782.0
BraTS-GLI-00024-001,62,0.0772,1231,15944,1231.0,15944.0
BraTS-GLI-00024-001,63,0.0683,1096,16050,1096.0,16050.0
BraTS-GLI-00024-001,64,0.058,944,16276,944.0,16276.0
BraTS-GLI-00024-001,65,0.0507,828,16336,828.0,16336.0
BraTS-GLI-00024-001,66,0.043,708,16455,708.0,16455.0
BraTS-GLI-00024-001,67,0.0342,567,16593,567.0,16593.0
BraTS-GLI-00024-001,68,0.0239,401,16803,401.0,16803.0
BraTS-GLI-00024-001,69,0.0179,306,17133,306.0,17133.0
BraTS-GLI-00024-001,70,0.0154,267,17391,267.0,17391.0
BraTS-GLI-00024-001,71,0.0123,216,17522,216.0,17522.0
BraTS-GLI-00024-001,72,0.009,158,17650,158.0,17650.0
BraTS-GLI-00024-001,73,0.0055,97,17761,97.0,17761.0
BraTS-GLI-00024-001,74,0.0022,39,17841,39.0,17841.0
BraTS-GLI-00024-001,75,0.0003,6,17870,6.0,17870.0
BraTS-GLI-01082-000,40,0.1925,1881,9771,1881.0,9771.0
BraTS-GLI-01082-000,41,0.1962,2000,10192,2000.0,10192.0
BraTS-GLI-01082-000,42,0.1983,2101,10595,2101.0,10595.0
BraTS-GLI-01082-000,43,0.2005,2204,10992,2204.0,10992.0
BraTS-GLI-01082-000,44,0.2027,2304,11366,2304.0,11366.0
BraTS-GLI-01082-000,45,0.2038,2385,11705,2385.0,11705.0
BraTS-GLI-01082-000,46,0.2023,2424,11985,2424.0,11985.0
BraTS-GLI-01082-000,47,0.2022,2465,12192,2465.0,12192.0
BraTS-GLI-01082-000,48,0.2037,2515,12346,2515.0,12346.0
BraTS-GLI-01082-000,49,0.2051,2561,12487,2561.0,12487.0
BraTS-GLI-01082-000,50,0.2077,2620,12614,2620.0,12614.0
BraTS-GLI-01082-000,51,0.2123,2699,12713,2699.0,12713.0
BraTS-GLI-01082-000,52,0.2162,2767,12797,2767.0,12797.0
BraTS-GLI-01082-000,53,0.2205,2837,12868,2837.0,12868.0
BraTS-GLI-01082-000,54,0.2229,2884,12941,2884.0,12941.0
BraTS-GLI-01082-000,55,0.2231,2901,13006,2901.0,13006.0
BraTS-GLI-01082-000,56,0.2213,2900,13106,2900.0,13106.0
BraTS-GLI-01082-000,57,0.2183,2882,13204,2882.0,13204.0
BraTS-GLI-01082-000,58,0.2153,2877,13360,2877.0,13360.0
BraTS-GLI-01082-000,59,0.2123,2876,13547,2876.0,13547.0
BraTS-GLI-01082-000,60,0.2084,2883,13835,2883.0,13835.0
BraTS-GLI-01082-000,61,0.2024,2881,14236,2881.0,14236.0
BraTS-GLI-01082-000,62,0.199,2883,14488,2883.0,14488.0
BraTS-GLI-01082-000,63,0.1972,2886,14635,2886.0,14635.0
BraTS-GLI-01082-000,64,0.194,2866,14770,2866.0,14770.0
BraTS-GLI-01082-000,65,0.1902,2832,14892,2832.0,14892.0
BraTS-GLI-01082-000,66,0.1861,2785,14967,2785.0,14967.0
BraTS-GLI-01082-000,67,0.1806,2722,15076,2722.0,15076.0
BraTS-GLI-01082-000,68,0.174,2650,15230,2650.0,15230.0
BraTS-GLI-01082-000,69,0.1653,2539,15356,2539.0,15356.0
BraTS-GLI-01082-000,70,0.1538,2380,15478,2380.0,15478.0
BraTS-GLI-01082-000,71,0.1408,2198,15608,2198.0,15608.0
BraTS-GLI-01082-000,72,0.1318,2075,15738,2075.0,15738.0
BraTS-GLI-01082-000,73,0.123,1954,15884,1954.0,15884.0
BraTS-GLI-01082-000,74,0.115,1838,15986,1838.0,15986.0
BraTS-GLI-01082-000,75,0.1062,1710,16107,1710.0,16107.0
BraTS-GLI-01082-000,76,0.0982,1593,16221,1593.0,16221.0
BraTS-GLI-01082-000,77,0.0891,1456,16341,1456.0,16341.0
BraTS-GLI-01082-000,78,0.0809,1329,16437,1329.0,16437.0
BraTS-GLI-01082-000,79,0.0734,1211,16493,1211.0,16493.0
BraTS-GLI-01082-000,80,0.0661,1092,16516,1092.0,16516.0
BraTS-GLI-01082-000,81,0.0587,971,16529,971.0,16529.0
BraTS-GLI-01082-000,82,0.0514,850,16525,850.0,16525.0
BraTS-GLI-01082-000,83,0.043,710,16515,710.0,16515.0
BraTS-GLI-01082-000,84,0.0364,601,16492,601.0,16492.0
BraTS-GLI-01082-000,85,0.0297,490,16477,490.0,16477.0
BraTS-GLI-01082-000,86,0.0225,371,16469,371.0,16469.0
BraTS-GLI-01082-000,87,0.014,230,16443,230.0,16443.0
BraTS-GLI-01082-000,88,0.0096,157,16405,157.0,16405.0
BraTS-GLI-01082-000,89,0.0072,118,16343,118.0,16343.0
BraTS-GLI-01082-000,90,0.0056,91,16249,91.0,16249.0
BraTS-GLI-01082-000,91,0.0047,76,16141,76.0,16141.0
BraTS-GLI-01082-000,92,0.0029,46,16047,46.0,16047.0
BraTS-GLI-01082-000,93,0.0015,24,15918,24.0,15918.0
BraTS-GLI-01082-000,94,0.0008,12,15805,12.0,15805.0
BraTS-GLI-00351-000,40,0.104,1361,13091,1361.0,13091.0
BraTS-GLI-00351-000,41,0.1055,1404,13312,1404.0,13312.0
BraTS-GLI-00351-000,42,0.1075,1450,13494,1450.0,13494.0
BraTS-GLI-00351-000,43,0.1098,1503,13684,1503.0,13684.0
BraTS-GLI-00351-000,44,0.1145,1588,13863,1588.0,13863.0
BraTS-GLI-00351-000,45,0.1198,1687,14081,1687.0,14081.0
BraTS-GLI-00351-000,46,0.1241,1793,14446,1793.0,14446.0
BraTS-GLI-00351-000,47,0.1268,1883,14854,1883.0,14854.0
BraTS-GLI-00351-000,48,0.1292,1955,15130,1955.0,15130.0
BraTS-GLI-00351-000,49,0.1332,2045,15352,2045.0,15352.0
BraTS-GLI-00351-000,50,0.1369,2133,15576,2133.0,15576.0
BraTS-GLI-00351-000,51,0.1424,2252,15815,2252.0,15815.0
BraTS-GLI-00351-000,52,0.146,2330,15960,2330.0,15960.0
BraTS-GLI-00351-000,53,0.1556,2503,16088,2503.0,16088.0
BraTS-GLI-00351-000,54,0.1662,2697,16231,2697.0,16231.0
BraTS-GLI-00351-000,55,0.1696,2775,16363,2775.0,16363.0
BraTS-GLI-00351-000,56,0.1679,2778,16543,2778.0,16543.0
BraTS-GLI-00351-000,57,0.1681,2808,16709,2808.0,16709.0
BraTS-GLI-00351-000,58,0.1684,2843,16881,2843.0,16881.0
BraTS-GLI-00351-000,59,0.172,2935,17063,2935.0,17063.0
BraTS-GLI-00351-000,60,0.1712,2951,17238,2951.0,17238.0
BraTS-GLI-00351-000,61,0.1674,2914,17408,2914.0,17408.0
BraTS-GLI-00351-000,62,0.1623,2856,17592,2856.0,17592.0
BraTS-GLI-00351-000,63,0.1575,2798,17765,2798.0,17765.0
BraTS-GLI-00351-000,64,0.1508,2706,17950,2706.0,17950.0
BraTS-GLI-00351-000,65,0.1393,2520,18085,2520.0,18085.0
BraTS-GLI-00351-000,66,0.1345,2452,18226,2452.0,18226.0
BraTS-GLI-00351-000,67,0.1227,2248,18324,2248.0,18324.0
BraTS-GLI-00351-000,68,0.1119,2063,18436,2063.0,18436.0
BraTS-GLI-00351-000,69,0.1069,1981,18524,1981.0,18524.0
BraTS-GLI-00351-000,70,0.1048,1952,18621,1952.0,18621.0
BraTS-GLI-00351-000,71,0.1032,1930,18702,1930.0,18702.0
BraTS-GLI-00351-000,72,0.1001,1877,18754,1877.0,18754.0
BraTS-GLI-00351-000,73,0.0949,1784,18791,1784.0,18791.0
BraTS-GLI-00351-000,74,0.0884,1664,18825,1664.0,18825.0
BraTS-GLI-00351-000,75,0.0863,1626,18849,1626.0,18849.0
BraTS-GLI-00351-000,76,0.0835,1573,18841,1573.0,18841.0
BraTS-GLI-00351-000,77,0.0851,1604,18843,1604.0,18843.0
BraTS-GLI-00351-000,78,0.058,1093,18837,1093.0,18837.0
BraTS-GLI-00351-000,79,0.0492,926,18815,926.0,18815.0
BraTS-GLI-00351-000,80,0.0421,790,18753,790.0,18753.0
BraTS-GLI-00351-000,81,0.0361,674,18690,674.0,18690.0
BraTS-GLI-00351-000,82,0.03,559,18628,559.0,18628.0
BraTS-GLI-00351-000,83,0.0277,514,18550,514.0,18550.0
BraTS-GLI-00351-000,84,0.0256,473,18474,473.0,18474.0
BraTS-GLI-00351-000,85,0.0232,426,18375,426.0,18375.0
BraTS-GLI-00351-000,86,0.0199,364,18276,364.0,18276.0
BraTS-GLI-00351-000,87,0.0164,298,18168,298.0,18168.0
BraTS-GLI-00351-000,88,0.0141,254,18072,254.0,18072.0
BraTS-GLI-00351-000,89,0.0111,200,17942,200.0,17942.0
BraTS-GLI-00351-000,90,0.0085,151,17812,151.0,17812.0
BraTS-GLI-00351-000,91,0.0045,80,17670,80.0,17670.0
BraTS-GLI-00351-000,92,0.0003,6,17537,6.0,17537.0
BraTS-GLI-00121-000,40,0.0072,60,8311,60.0,8311.0
BraTS-GLI-00121-000,41,0.0121,108,8927,108.0,8927.0
BraTS-GLI-00121-000,42,0.0126,119,9480,119.0,9480.0
BraTS-GLI-00121-000,43,0.012,124,10295,124.0,10295.0
BraTS-GLI-00121-000,44,0.0122,131,10768,131.0,10768.0
BraTS-GLI-00121-000,45,0.0142,160,11289,160.0,11289.0
BraTS-GLI-00121-000,46,0.0189,218,11544,218.0,11544.0
BraTS-GLI-00121-000,47,0.0234,276,11816,276.0,11816.0
BraTS-GLI-00121-000,48,0.0289,345,11943,345.0,11943.0
BraTS-GLI-00121-000,49,0.0394,476,12081,476.0,12081.0
BraTS-GLI-00121-000,50,0.0397,484,12177,484.0,12177.0
BraTS-GLI-00121-000,51,0.0387,475,12264,475.0,12264.0
BraTS-GLI-00121-000,52,0.0427,526,12325,526.0,12325.0
BraTS-GLI-00121-000,53,0.0444,550,12376,550.0,12376.0
BraTS-GLI-00121-000,54,0.0445,552,12395,552.0,12395.0
BraTS-GLI-00121-000,55,0.0442,550,12450,550.0,12450.0
BraTS-GLI-00121-000,56,0.0512,638,12457,638.0,12457.0
BraTS-GLI-00121-000,57,0.0549,689,12547,689.0,12547.0
BraTS-GLI-00121-000,58,0.0585,744,12710,744.0,12710.0
BraTS-GLI-00121-000,59,0.0636,834,13107,834.0,13107.0
BraTS-GLI-00121-000,60,0.0718,963,13403,963.0,13403.0
BraTS-GLI-00121-000,61,0.0797,1114,13972,1114.0,13972.0
BraTS-GLI-00121-000,62,0.0826,1173,14201,1173.0,14201.0
BraTS-GLI-00121-000,63,0.0825,1195,14481,1195.0,14481.0
BraTS-GLI-00121-000,64,0.0845,1238,14654,1238.0,14654.0
BraTS-GLI-00121-000,65,0.0805,1206,14973,1206.0,14973.0
BraTS-GLI-00121-000,66,0.0803,1216,15149,1216.0,15149.0
BraTS-GLI-00121-000,67,0.0787,1209,15364,1209.0,15364.0
BraTS-GLI-00121-000,68,0.079,1221,15455,1221.0,15455.0
BraTS-GLI-00121-000,69,0.0786,1227,15613,1227.0,15613.0
BraTS-GLI-00121-000,70,0.0819,1287,15712,1287.0,15712.0
BraTS-GLI-00121-000,71,0.0863,1370,15878,1370.0,15878.0
BraTS-GLI-00121-000,72,0.089,1423,15991,1423.0,15991.0
BraTS-GLI-00121-000,73,0.092,1482,16102,1482.0,16102.0
BraTS-GLI-00121-000,74,0.0981,1587,16181,1587.0,16181.0
BraTS-GLI-00121-000,75,0.0968,1576,16277,1576.0,16277.0
BraTS-GLI-00121-000,76,0.0951,1551,16314,1551.0,16314.0
BraTS-GLI-00121-000,77,0.093,1522,16360,1522.0,16360.0
BraTS-GLI-00121-000,78,0.0924,1515,16395,1515.0,16395.0
BraTS-GLI-00121-000,79,0.0914,1500,16403,1500.0,16403.0
BraTS-GLI-00121-000,80,0.0919,1509,16419,1509.0,16419.0
BraTS-GLI-00121-000,81,0.0915,1502,16416,1502.0,16416.0
BraTS-GLI-00121-000,82,0.0905,1485,16408,1485.0,16408.0
BraTS-GLI-00121-000,83,0.0879,1437,16356,1437.0,16356.0
BraTS-GLI-00121-000,84,0.0865,1412,16332,1412.0,16332.0
BraTS-GLI-00121-000,85,0.085,1383,16266,1383.0,16266.0
BraTS-GLI-00121-000,86,0.0849,1374,16188,1374.0,16188.0
BraTS-GLI-00121-000,87,0.0857,1377,16067,1377.0,16067.0
BraTS-GLI-00121-000,88,0.0866,1382,15953,1382.0,15953.0
BraTS-GLI-00121-000,89,0.0868,1370,15776,1370.0,15776.0
BraTS-GLI-00121-000,90,0.086,1347,15666,1347.0,15666.0
BraTS-GLI-00121-000,91,0.0834,1292,15483,1292.0,15483.0
BraTS-GLI-00121-000,92,0.0806,1238,15354,1238.0,15354.0
BraTS-GLI-00121-000,93,0.0792,1196,15110,1196.0,15110.0
BraTS-GLI-00121-000,94,0.0761,1140,14974,1140.0,14974.0
BraTS-GLI-00121-000,95,0.0719,1062,14780,1062.0,14780.0
BraTS-GLI-00121-000,96,0.0645,944,14640,944.0,14640.0
BraTS-GLI-00121-000,97,0.0571,819,14355,819.0,14355.0
BraTS-GLI-00121-000,98,0.0505,715,14148,715.0,14148.0
BraTS-GLI-00121-000,99,0.0486,673,13840,673.0,13840.0
BraTS-GLI-00121-000,100,0.0479,652,13624,652.0,13624.0
BraTS-GLI-00121-000,101,0.0467,621,13310,621.0,13310.0
BraTS-GLI-00121-000,102,0.0471,615,13058,615.0,13058.0
BraTS-GLI-00121-000,103,0.0471,600,12727,600.0,12727.0
BraTS-GLI-00121-000,104,0.0468,583,12457,583.0,12457.0
BraTS-GLI-00121-000,105,0.0454,548,12064,548.0,12064.0
BraTS-GLI-00121-000,106,0.0429,505,11760,505.0,11760.0
BraTS-GLI-00121-000,107,0.0405,459,11340,459.0,11340.0
BraTS-GLI-00121-000,108,0.0402,444,11033,444.0,11033.0
BraTS-GLI-00121-000,109,0.039,414,10604,414.0,10604.0
BraTS-GLI-00121-000,110,0.0356,367,10312,367.0,10312.0
BraTS-GLI-00121-000,111,0.0334,330,9873,330.0,9873.0
BraTS-GLI-00121-000,112,0.0293,281,9591,281.0,9591.0
BraTS-GLI-00121-000,113,0.0274,253,9219,253.0,9219.0
BraTS-GLI-00121-000,114,0.0245,219,8942,219.0,8942.0
BraTS-GLI-00121-000,115,0.0204,174,8533,174.0,8533.0
BraTS-GLI-01227-000,74,0.0014,22,15536,22.0,15536.0
BraTS-GLI-01227-000,75,0.0024,38,15540,38.0,15540.0
BraTS-GLI-01227-000,76,0.0039,61,15510,61.0,15510.0
BraTS-GLI-01227-000,77,0.006,93,15499,93.0,15499.0
BraTS-GLI-01227-000,78,0.0077,119,15466,119.0,15466.0
BraTS-GLI-01227-000,79,0.0097,150,15429,150.0,15429.0
BraTS-GLI-01227-000,80,0.0127,196,15375,196.0,15375.0
BraTS-GLI-01227-000,81,0.0158,242,15320,242.0,15320.0
BraTS-GLI-01227-000,82,0.0252,384,15254,384.0,15254.0
BraTS-GLI-01227-000,83,0.0377,573,15183,573.0,15183.0
BraTS-GLI-01227-000,84,0.0491,742,15103,742.0,15103.0
BraTS-GLI-01227-000,85,0.0587,882,15014,882.0,15014.0
BraTS-GLI-01227-000,86,0.0689,1029,14938,1029.0,14938.0
BraTS-GLI-01227-000,87,0.0802,1188,14821,1188.0,14821.0
BraTS-GLI-01227-000,88,0.0908,1334,14692,1334.0,14692.0
BraTS-GLI-01227-000,89,0.0979,1427,14576,1427.0,14576.0
BraTS-GLI-01227-000,90,0.1014,1466,14463,1466.0,14463.0
BraTS-GLI-01227-000,91,0.1055,1512,14336,1512.0,14336.0
BraTS-GLI-01227-000,92,0.1096,1556,14202,1556.0,14202.0
BraTS-GLI-01227-000,93,0.1168,1643,14065,1643.0,14065.0
BraTS-GLI-01227-000,94,0.125,1737,13901,1737.0,13901.0
BraTS-GLI-01227-000,95,0.1328,1826,13751,1826.0,13751.0
BraTS-GLI-01227-000,96,0.1397,1896,13568,1896.0,13568.0
BraTS-GLI-01227-000,97,0.1446,1935,13379,1935.0,13379.0
BraTS-GLI-01227-000,98,0.1485,1961,13201,1961.0,13201.0
BraTS-GLI-01227-000,99,0.1531,1993,13019,1993.0,13019.0
BraTS-GLI-01227-000,100,0.156,1999,12816,1999.0,12816.0
BraTS-GLI-01227-000,101,0.1611,2028,12590,2028.0,12590.0
BraTS-GLI-01227-000,102,0.1639,2026,12360,2026.0,12360.0
BraTS-GLI-01227-000,103,0.166,2015,12139,2015.0,12139.0
BraTS-GLI-01227-000,104,0.169,2013,11912,2013.0,11912.0
BraTS-GLI-01227-000,105,0.1733,2018,11646,2018.0,11646.0
BraTS-GLI-01227-000,106,0.177,2011,11361,2011.0,11361.0
BraTS-GLI-01227-000,107,0.1757,1946,11078,1946.0,11078.0
BraTS-GLI-01227-000,108,0.1775,1916,10794,1916.0,10794.0
BraTS-GLI-01227-000,109,0.1791,1890,10550,1890.0,10550.0
BraTS-GLI-01227-000,110,0.1812,1860,10264,1860.0,10264.0
BraTS-GLI-01227-000,111,0.1842,1836,9967,1836.0,9967.0
BraTS-GLI-01227-000,112,0.185,1794,9696,1794.0,9696.0
BraTS-GLI-01227-000,113,0.1859,1742,9370,1742.0,9370.0
BraTS-GLI-01227-000,114,0.184,1665,9051,1665.0,9051.0
BraTS-GLI-01227-000,115,0.183,1600,8745,1600.0,8745.0
BraTS-GLI-00020-000,45,0.0037,53,14460,53.0,14460.0
BraTS-GLI-00020-000,46,0.0071,106,14916,106.0,14916.0
BraTS-GLI-00020-000,47,0.0114,175,15409,175.0,15409.0
BraTS-GLI-00020-000,48,0.022,348,15816,348.0,15816.0
BraTS-GLI-00020-000,49,0.0292,474,16248,474.0,16248.0
BraTS-GLI-00020-000,50,0.0371,618,16662,618.0,16662.0
BraTS-GLI-00020-000,51,0.042,714,17013,714.0,17013.0
BraTS-GLI-00020-000,52,0.0458,794,17333,794.0,17333.0
BraTS-GLI-00020-000,53,0.0512,902,17613,902.0,17613.0
BraTS-GLI-00020-000,54,0.0585,1045,17856,1045.0,17856.0
BraTS-GLI-00020-000,55,0.0639,1153,18046,1153.0,18046.0
BraTS-GLI-00020-000,56,0.0705,1282,18194,1282.0,18194.0
BraTS-GLI-00020-000,57,0.0748,1369,18314,1369.0,18314.0
BraTS-GLI-00020-000,58,0.0793,1460,18417,1460.0,18417.0
BraTS-GLI-00020-000,59,0.0814,1506,18497,1506.0,18497.0
BraTS-GLI-00020-000,60,0.083,1540,18564,1540.0,18564.0
BraTS-GLI-00020-000,61,0.0847,1577,18626,1577.0,18626.0
BraTS-GLI-00020-000,62,0.0862,1611,18687,1611.0,18687.0
BraTS-GLI-00020-000,63,0.087,1630,18741,1630.0,18741.0
BraTS-GLI-00020-000,64,0.0887,1668,18796,1668.0,18796.0
BraTS-GLI-00020-000,65,0.0899,1693,18839,1693.0,18839.0
BraTS-GLI-00020-000,66,0.0908,1712,18863,1712.0,18863.0
BraTS-GLI-00020-000,67,0.0916,1728,18868,1728.0,18868.0
BraTS-GLI-00020-000,68,0.093,1757,18902,1757.0,18902.0
BraTS-GLI-00020-000,69,0.0971,1837,18910,1837.0,18910.0
BraTS-GLI-00020-000,70,0.1009,1909,18924,1909.0,18924.0
BraTS-GLI-00020-000,71,0.1028,1946,18924,1946.0,18924.0
BraTS-GLI-00020-000,72,0.1071,2024,18893,2024.0,18893.0
BraTS-GLI-00020-000,73,0.108,2038,18865,2038.0,18865.0
BraTS-GLI-00020-000,74,0.108,2034,18832,2034.0,18832.0
BraTS-GLI-00020-000,75,0.1048,1970,18789,1970.0,18789.0
BraTS-GLI-00020-000,76,0.1,1873,18734,1873.0,18734.0
BraTS-GLI-00020-000,77,0.0957,1789,18694,1789.0,18694.0
BraTS-GLI-00020-000,78,0.0927,1728,18644,1728.0,18644.0
BraTS-GLI-00020-000,79,0.0899,1672,18590,1672.0,18590.0
BraTS-GLI-00020-000,80,0.085,1575,18536,1575.0,18536.0
BraTS-GLI-00020-000,81,0.0817,1510,18480,1510.0,18480.0
BraTS-GLI-00020-000,82,0.0784,1441,18389,1441.0,18389.0
BraTS-GLI-00020-000,83,0.0746,1364,18292,1364.0,18292.0
BraTS-GLI-00020-000,84,0.0713,1297,18189,1297.0,18189.0
BraTS-GLI-00020-000,85,0.0664,1201,18075,1201.0,18075.0
BraTS-GLI-00020-000,86,0.0598,1075,17973,1075.0,17973.0
BraTS-GLI-00020-000,87,0.0508,909,17902,909.0,17902.0
BraTS-GLI-00020-000,88,0.0411,732,17825,732.0,17825.0
BraTS-GLI-00020-000,89,0.0304,538,17715,538.0,17715.0
BraTS-GLI-00020-000,90,0.0185,325,17601,325.0,17601.0
BraTS-GLI-00020-000,91,0.01,174,17456,174.0,17456.0
BraTS-GLI-00020-000,92,0.0025,44,17300,44.0,17300.0
BraTS-GLI-00020-000,93,0.0001,1,17122,1.0,17122.0
BraTS-GLI-00708-000,87,0.0013,23,17767,23.0,17767.0
BraTS-GLI-00708-000,88,0.0031,54,17682,54.0,17682.0
BraTS-GLI-00708-000,89,0.0043,76,17591,76.0,17591.0
BraTS-GLI-00708-000,90,0.0054,94,17486,94.0,17486.0
BraTS-GLI-00708-000,91,0.0066,114,17374,114.0,17374.0
BraTS-GLI-00708-000,92,0.0079,136,17274,136.0,17274.0
BraTS-GLI-00708-000,93,0.0094,162,17152,162.0,17152.0
BraTS-GLI-00708-000,94,0.0113,193,17028,193.0,17028.0
BraTS-GLI-00708-000,95,0.0133,225,16882,225.0,16882.0
BraTS-GLI-00708-000,96,0.0161,270,16723,270.0,16723.0
BraTS-GLI-00708-000,97,0.0183,303,16533,303.0,16533.0
BraTS-GLI-00708-000,98,0.0209,341,16347,341.0,16347.0
BraTS-GLI-00708-000,99,0.0232,374,16144,374.0,16144.0
BraTS-GLI-00708-000,100,0.0254,405,15950,405.0,15950.0
BraTS-GLI-00708-000,101,0.0272,427,15727,427.0,15727.0
BraTS-GLI-00708-000,102,0.0284,441,15516,441.0,15516.0
BraTS-GLI-00708-000,103,0.0302,461,15276,461.0,15276.0
BraTS-GLI-00708-000,104,0.0312,469,15040,469.0,15040.0
BraTS-GLI-00708-000,105,0.0321,474,14766,474.0,14766.0
BraTS-GLI-00708-000,106,0.0328,476,14516,476.0,14516.0
BraTS-GLI-00708-000,107,0.0347,493,14214,493.0,14214.0
BraTS-GLI-00708-000,108,0.0371,517,13932,517.0,13932.0
BraTS-GLI-00708-000,109,0.0383,523,13646,523.0,13646.0
BraTS-GLI-00708-000,110,0.0396,530,13399,530.0,13399.0
BraTS-GLI-00708-000,111,0.0412,540,13118,540.0,13118.0
BraTS-GLI-00708-000,112,0.0434,556,12823,556.0,12823.0
BraTS-GLI-00708-000,113,0.0455,568,12495,568.0,12495.0
BraTS-GLI-00708-000,114,0.0485,590,12171,590.0,12171.0
BraTS-GLI-00708-000,115,0.0509,603,11841,603.0,11841.0
BraTS-GLI-01075-000,64,0.008,115,14446,115.0,14446.0
BraTS-GLI-01075-000,65,0.0106,155,14613,155.0,14613.0
BraTS-GLI-01075-000,66,0.0092,136,14819,136.0,14819.0
BraTS-GLI-01075-000,67,0.0138,208,15035,208.0,15035.0
BraTS-GLI-01075-000,68,0.0173,264,15256,264.0,15256.0
BraTS-GLI-01075-000,69,0.0238,368,15435,368.0,15435.0
BraTS-GLI-01075-000,70,0.0313,488,15597,488.0,15597.0
BraTS-GLI-01075-000,71,0.0475,746,15716,746.0,15716.0
BraTS-GLI-01075-000,72,0.0573,910,15868,910.0,15868.0
BraTS-GLI-01075-000,73,0.0679,1087,16002,1087.0,16002.0
BraTS-GLI-01075-000,74,0.0621,1001,16116,1001.0,16116.0
BraTS-GLI-01075-000,75,0.0729,1183,16226,1183.0,16226.0
BraTS-GLI-01075-000,76,0.0749,1222,16309,1222.0,16309.0
BraTS-GLI-01075-000,77,0.0717,1175,16381,1175.0,16381.0
BraTS-GLI-01075-000,78,0.0753,1238,16434,1238.0,16434.0
BraTS-GLI-01075-000,79,0.0687,1132,16476,1132.0,16476.0
BraTS-GLI-01075-000,80,0.0793,1307,16490,1307.0,16490.0
BraTS-GLI-01075-000,81,0.0853,1409,16514,1409.0,16514.0
BraTS-GLI-01075-000,82,0.0755,1247,16509,1247.0,16509.0
BraTS-GLI-01075-000,83,0.0787,1298,16489,1298.0,16489.0
BraTS-GLI-01075-000,84,0.0956,1573,16457,1573.0,16457.0
BraTS-GLI-01075-000,85,0.0936,1538,16433,1538.0,16433.0
BraTS-GLI-01075-000,86,0.0903,1480,16385,1480.0,16385.0
BraTS-GLI-01075-000,87,0.1012,1653,16339,1653.0,16339.0
BraTS-GLI-01075-000,88,0.117,1905,16276,1905.0,16276.0
BraTS-GLI-01075-000,89,0.1315,2134,16226,2134.0,16226.0
BraTS-GLI-01075-000,90,0.1448,2339,16153,2339.0,16153.0
BraTS-GLI-01075-000,91,0.1767,2839,16071,2839.0,16071.0
BraTS-GLI-01075-000,92,0.2065,3298,15970,3298.0,15970.0
BraTS-GLI-01075-000,93,0.2257,3578,15851,3578.0,15851.0
BraTS-GLI-01075-000,94,0.242,3803,15713,3803.0,15713.0
BraTS-GLI-01075-000,95,0.2545,3965,15582,3965.0,15582.0
BraTS-GLI-01075-000,96,0.2623,4048,15432,4048.0,15432.0
BraTS-GLI-01075-000,97,0.2593,3965,15293,3965.0,15293.0
BraTS-GLI-01075-000,98,0.2719,4114,15131,4114.0,15131.0
BraTS-GLI-01075-000,99,0.2839,4257,14995,4257.0,14995.0
BraTS-GLI-01075-000,100,0.2907,4316,14847,4316.0,14847.0
BraTS-GLI-01075-000,101,0.2806,4116,14670,4116.0,14670.0
BraTS-GLI-01075-000,102,0.3008,4352,14470,4352.0,14470.0
BraTS-GLI-01075-000,103,0.262,3735,14258,3735.0,14258.0
BraTS-GLI-01075-000,104,0.2678,3760,14039,3760.0,14039.0
BraTS-GLI-01075-000,105,0.2574,3548,13782,3548.0,13782.0
BraTS-GLI-01075-000,106,0.2593,3507,13526,3507.0,13526.0
BraTS-GLI-01075-000,107,0.2662,3534,13274,3534.0,13274.0
BraTS-GLI-01075-000,108,0.2556,3323,13002,3323.0,13002.0
BraTS-GLI-01075-000,109,0.2461,3137,12747,3137.0,12747.0
BraTS-GLI-01075-000,110,0.231,2878,12457,2878.0,12457.0
BraTS-GLI-01075-000,111,0.2395,2916,12174,2916.0,12174.0
BraTS-GLI-01075-000,112,0.2537,3017,11892,3017.0,11892.0
BraTS-GLI-01075-000,113,0.2559,2967,11593,2967.0,11593.0
BraTS-GLI-01075-000,114,0.2449,2761,11272,2761.0,11272.0
BraTS-GLI-01075-000,115,0.2614,2859,10937,2859.0,10937.0
BraTS-GLI-00216-000,57,0.0006,9,14730,9.0,14730.0
BraTS-GLI-00216-000,58,0.0012,18,14906,18.0,14906.0
BraTS-GLI-00216-000,59,0.0019,29,15091,29.0,15091.0
BraTS-GLI-00216-000,60,0.0081,124,15287,124.0,15287.0
BraTS-GLI-00216-000,61,0.0141,219,15480,219.0,15480.0
BraTS-GLI-00216-000,62,0.0198,312,15721,312.0,15721.0
BraTS-GLI-00216-000,63,0.0276,440,15927,440.0,15927.0
BraTS-GLI-00216-000,64,0.0413,664,16089,664.0,16089.0
BraTS-GLI-00216-000,65,0.0563,916,16274,916.0,16274.0
BraTS-GLI-00216-000,66,0.0726,1189,16388,1189.0,16388.0
BraTS-GLI-00216-000,67,0.0878,1448,16489,1448.0,16489.0
BraTS-GLI-00216-000,68,0.1043,1727,16564,1727.0,16564.0
BraTS-GLI-00216-000,69,0.1258,2091,16623,2091.0,16623.0
BraTS-GLI-00216-000,70,0.1427,2385,16716,2385.0,16716.0
BraTS-GLI-00216-000,71,0.1567,2623,16741,2623.0,16741.0
BraTS-GLI-00216-000,72,0.1675,2807,16755,2807.0,16755.0
BraTS-GLI-00216-000,73,0.1794,3012,16785,3012.0,16785.0
BraTS-GLI-00216-000,74,0.1928,3240,16809,3240.0,16809.0
BraTS-GLI-00216-000,75,0.2075,3484,16791,3484.0,16791.0
BraTS-GLI-00216-000,76,0.2222,3725,16766,3725.0,16766.0
BraTS-GLI-00216-000,77,0.2325,3895,16755,3895.0,16755.0
BraTS-GLI-00216-000,78,0.2397,4012,16738,4012.0,16738.0
BraTS-GLI-00216-000,79,0.2468,4130,16737,4130.0,16737.0
BraTS-GLI-00216-000,80,0.2515,4199,16699,4199.0,16699.0
BraTS-GLI-00216-000,81,0.2579,4294,16653,4294.0,16653.0
BraTS-GLI-00216-000,82,0.2612,4336,16601,4336.0,16601.0
BraTS-GLI-00216-000,83,0.2642,4370,16540,4370.0,16540.0
BraTS-GLI-00216-000,84,0.2663,4388,16475,4388.0,16475.0
BraTS-GLI-00216-000,85,0.2683,4400,16400,4400.0,16400.0
BraTS-GLI-00216-000,86,0.2697,4394,16293,4394.0,16293.0
BraTS-GLI-00216-000,87,0.2699,4371,16193,4371.0,16193.0
BraTS-GLI-00216-000,88,0.269,4326,16082,4326.0,16082.0
BraTS-GLI-00216-000,89,0.2658,4253,15999,4253.0,15999.0
BraTS-GLI-00216-000,90,0.2622,4165,15883,4165.0,15883.0
BraTS-GLI-00216-000,91,0.2572,4048,15739,4048.0,15739.0
BraTS-GLI-00216-000,92,0.2523,3934,15595,3934.0,15595.0
BraTS-GLI-00216-000,93,0.2478,3826,15440,3826.0,15440.0
BraTS-GLI-00216-000,94,0.2421,3697,15268,3697.0,15268.0
BraTS-GLI-00216-000,95,0.2367,3566,15066,3566.0,15066.0
BraTS-GLI-00216-000,96,0.2301,3420,14861,3420.0,14861.0
BraTS-GLI-00216-000,97,0.2239,3282,14657,3282.0,14657.0
BraTS-GLI-00216-000,98,0.2215,3197,14435,3197.0,14435.0
BraTS-GLI-00216-000,99,0.2226,3157,14184,3157.0,14184.0
BraTS-GLI-00216-000,100,0.2202,3070,13940,3070.0,13940.0
BraTS-GLI-00216-000,101,0.2126,2898,13630,2898.0,13630.0
BraTS-GLI-00216-000,102,0.2086,2785,13349,2785.0,13349.0
BraTS-GLI-00216-000,103,0.2043,2667,13054,2667.0,13054.0
BraTS-GLI-00216-000,104,0.1995,2545,12756,2545.0,12756.0
BraTS-GLI-00216-000,105,0.1921,2391,12448,2391.0,12448.0
BraTS-GLI-00216-000,106,0.1855,2253,12148,2253.0,12148.0
BraTS-GLI-00216-000,107,0.1794,2126,11853,2126.0,11853.0
BraTS-GLI-00216-000,108,0.175,2019,11535,2019.0,11535.0
BraTS-GLI-00216-000,109,0.1687,1885,11175,1885.0,11175.0
BraTS-GLI-00216-000,110,0.1626,1761,10829,1761.0,10829.0
BraTS-GLI-00216-000,111,0.1591,1664,10457,1664.0,10457.0
BraTS-GLI-00216-000,112,0.1527,1541,10093,1541.0,10093.0
BraTS-GLI-00216-000,113,0.1474,1438,9757,1438.0,9757.0
BraTS-GLI-00216-000,114,0.1446,1361,9414,1361.0,9414.0
BraTS-GLI-00216-000,115,0.141,1277,9058,1277.0,9058.0
BraTS-GLI-00167-000,57,0.0007,10,14647,10.0,14647.0
BraTS-GLI-00167-000,58,0.0025,37,15052,37.0,15052.0
BraTS-GLI-00167-000,59,0.0052,80,15330,80.0,15330.0
BraTS-GLI-00167-000,60,0.0086,134,15606,134.0,15606.0
BraTS-GLI-00167-000,61,0.0112,178,15856,178.0,15856.0
BraTS-GLI-00167-000,62,0.0144,232,16107,232.0,16107.0
BraTS-GLI-00167-000,63,0.0192,315,16387,315.0,16387.0
BraTS-GLI-00167-000,64,0.0259,431,16630,431.0,16630.0
BraTS-GLI-00167-000,65,0.0322,543,16884,543.0,16884.0
BraTS-GLI-00167-000,66,0.039,665,17070,665.0,17070.0
BraTS-GLI-00167-000,67,0.0511,877,17177,877.0,17177.0
BraTS-GLI-00167-000,68,0.0625,1078,17249,1078.0,17249.0
BraTS-GLI-00167-000,69,0.0725,1255,17304,1255.0,17304.0
BraTS-GLI-00167-000,70,0.0813,1411,17347,1411.0,17347.0
BraTS-GLI-00167-000,71,0.0899,1563,17379,1563.0,17379.0
BraTS-GLI-00167-000,72,0.0984,1713,17406,1713.0,17406.0
BraTS-GLI-00167-000,73,0.1075,1873,17429,1873.0,17429.0
BraTS-GLI-00167-000,74,0.1148,2003,17447,2003.0,17447.0
BraTS-GLI-00167-000,75,0.1198,2090,17450,2090.0,17450.0
BraTS-GLI-00167-000,76,0.1254,2188,17447,2188.0,17447.0
BraTS-GLI-00167-000,77,0.1305,2276,17441,2276.0,17441.0
BraTS-GLI-00167-000,78,0.1324,2307,17424,2307.0,17424.0
BraTS-GLI-00167-000,79,0.1325,2307,17413,2307.0,17413.0
BraTS-GLI-00167-000,80,0.1317,2287,17371,2287.0,17371.0
BraTS-GLI-00167-000,81,0.1301,2256,17338,2256.0,17338.0
BraTS-GLI-00167-000,82,0.1287,2226,17298,2226.0,17298.0
BraTS-GLI-00167-000,83,0.1271,2193,17258,2193.0,17258.0
BraTS-GLI-00167-000,84,0.1255,2160,17216,2160.0,17216.0
BraTS-GLI-00167-000,85,0.1235,2120,17169,2120.0,17169.0
BraTS-GLI-00167-000,86,0.1229,2104,17116,2104.0,17116.0
BraTS-GLI-00167-000,87,0.1201,2048,17052,2048.0,17052.0
BraTS-GLI-00167-000,88,0.118,2005,16990,2005.0,16990.0
BraTS-GLI-00167-000,89,0.115,1945,16908,1945.0,16908.0
BraTS-GLI-00167-000,90,0.1108,1863,16814,1863.0,16814.0
BraTS-GLI-00167-000,91,0.1062,1773,16698,1773.0,16698.0
BraTS-GLI-00167-000,92,0.0963,1596,16575,1596.0,16575.0
BraTS-GLI-00167-000,93,0.0892,1468,16455,1468.0,16455.0
BraTS-GLI-00167-000,94,0.0825,1346,16316,1346.0,16316.0
BraTS-GLI-00167-000,95,0.078,1262,16188,1262.0,16188.0
BraTS-GLI-00167-000,96,0.0728,1170,16066,1170.0,16066.0
BraTS-GLI-00167-000,97,0.067,1065,15896,1065.0,15896.0
BraTS-GLI-00167-000,98,0.0603,948,15710,948.0,15710.0
BraTS-GLI-00167-000,99,0.0496,769,15516,769.0,15516.0
BraTS-GLI-00167-000,100,0.039,597,15327,597.0,15327.0
BraTS-GLI-00167-000,101,0.0248,374,15092,374.0,15092.0
BraTS-GLI-00167-000,102,0.0129,192,14876,192.0,14876.0
BraTS-GLI-00167-000,103,0.007,102,14642,102.0,14642.0
BraTS-GLI-00167-000,104,0.0031,44,14408,44.0,14408.0
BraTS-GLI-00167-000,105,0.0016,23,14157,23.0,14157.0
BraTS-GLI-00167-000,106,0.0004,5,13908,5.0,13908.0
BraTS-GLI-01168-000,45,0.0005,2,4366,2.0,4366.0
BraTS-GLI-01168-000,46,0.0115,53,4618,53.0,4618.0
BraTS-GLI-01168-000,47,0.0189,93,4924,93.0,4924.0
BraTS-GLI-01168-000,48,0.0261,135,5177,135.0,5177.0
BraTS-GLI-01168-000,49,0.0345,185,5362,185.0,5362.0
BraTS-GLI-01168-000,50,0.0412,234,5686,234.0,5686.0
BraTS-GLI-01168-000,51,0.0472,282,5974,282.0,5974.0
BraTS-GLI-01168-000,52,0.0607,384,6324,384.0,6324.0
BraTS-GLI-01168-000,53,0.0749,523,6978,523.0,6978.0
BraTS-GLI-01168-000,54,0.0838,622,7422,622.0,7422.0
BraTS-GLI-01168-000,55,0.0862,681,7898,681.0,7898.0
BraTS-GLI-01168-000,56,0.0979,786,8029,786.0,8029.0
BraTS-GLI-01168-000,57,0.1137,930,8178,930.0,8178.0
BraTS-GLI-01168-000,58,0.1251,1044,8347,1044.0,8347.0
BraTS-GLI-01168-000,59,0.1411,1197,8484,1197.0,8484.0
BraTS-GLI-01168-000,60,0.1647,1417,8602,1417.0,8602.0
BraTS-GLI-01168-000,61,0.1711,1493,8724,1493.0,8724.0
BraTS-GLI-01168-000,62,0.174,1536,8827,1536.0,8827.0
BraTS-GLI-01168-000,63,0.177,1585,8955,1585.0,8955.0
BraTS-GLI-01168-000,64,0.1829,1669,9124,1669.0,9124.0
BraTS-GLI-01168-000,65,0.184,1737,9438,1737.0,9438.0
BraTS-GLI-01168-000,66,0.1892,1811,9570,1811.0,9570.0
BraTS-GLI-01168-000,67,0.1889,1860,9845,1860.0,9845.0
BraTS-GLI-01168-000,68,0.1892,1889,9982,1889.0,9982.0
BraTS-GLI-01168-000,69,0.1879,1897,10098,1897.0,10098.0
BraTS-GLI-01168-000,70,0.1863,1902,10208,1902.0,10208.0
BraTS-GLI-01168-000,71,0.1864,1923,10315,1923.0,10315.0
BraTS-GLI-01168-000,72,0.1864,1941,10412,1941.0,10412.0
BraTS-GLI-01168-000,73,0.184,1938,10533,1938.0,10533.0
BraTS-GLI-01168-000,74,0.1798,1912,10634,1912.0,10634.0
BraTS-GLI-01168-000,75,0.1757,1889,10754,1889.0,10754.0
BraTS-GLI-01168-000,76,0.1739,1882,10820,1882.0,10820.0
BraTS-GLI-01168-000,77,0.1713,1866,10891,1866.0,10891.0
BraTS-GLI-01168-000,78,0.1685,1854,11005,1854.0,11005.0
BraTS-GLI-01168-000,79,0.164,1826,11134,1826.0,11134.0
BraTS-GLI-01168-000,80,0.1602,1797,11220,1797.0,11220.0
BraTS-GLI-01168-000,81,0.1552,1750,11277,1750.0,11277.0
BraTS-GLI-01168-000,82,0.1487,1692,11377,1692.0,11377.0
BraTS-GLI-01168-000,83,0.1441,1650,11448,1650.0,11448.0
BraTS-GLI-01168-000,84,0.1401,1610,11492,1610.0,11492.0
BraTS-GLI-01168-000,85,0.1354,1557,11502,1557.0,11502.0
BraTS-GLI-01168-000,86,0.1286,1482,11527,1482.0,11527.0
BraTS-GLI-01168-000,87,0.12,1383,11525,1383.0,11525.0
BraTS-GLI-01168-000,88,0.1106,1273,11513,1273.0,11513.0
BraTS-GLI-01168-000,89,0.1044,1201,11499,1201.0,11499.0
BraTS-GLI-01168-000,90,0.1009,1156,11457,1156.0,11457.0
BraTS-GLI-01168-000,91,0.0966,1100,11386,1100.0,11386.0
BraTS-GLI-01168-000,92,0.0924,1048,11341,1048.0,11341.0
BraTS-GLI-01168-000,93,0.0834,943,11303,943.0,11303.0
BraTS-GLI-01168-000,94,0.0693,781,11266,781.0,11266.0
BraTS-GLI-01168-000,95,0.0469,525,11194,525.0,11194.0
BraTS-GLI-01168-000,96,0.0278,309,11131,309.0,11131.0
BraTS-GLI-01168-000,97,0.0096,106,11047,106.0,11047.0
BraTS-GLI-01168-000,98,0.0034,37,10988,37.0,10988.0
BraTS-GLI-01168-000,99,0.002,22,10919,22.0,10919.0
BraTS-GLI-01168-000,100,0.001,11,10794,11.0,10794.0
BraTS-GLI-01350-000,40,0.0309,295,9533,295.0,9533.0
BraTS-GLI-01350-000,41,0.0355,364,10263,364.0,10263.0
BraTS-GLI-01350-000,42,0.0421,448,10652,448.0,10652.0
BraTS-GLI-01350-000,43,0.0489,538,10997,538.0,10997.0
BraTS-GLI-01350-000,44,0.0551,619,11234,619.0,11234.0
BraTS-GLI-01350-000,45,0.0598,685,11454,685.0,11454.0
BraTS-GLI-01350-000,46,0.0639,744,11651,744.0,11651.0
BraTS-GLI-01350-000,47,0.0663,785,11833,785.0,11833.0
BraTS-GLI-01350-000,48,0.0671,803,11974,803.0,11974.0
BraTS-GLI-01350-000,49,0.0675,818,12111,818.0,12111.0
BraTS-GLI-01350-000,50,0.0676,837,12381,837.0,12381.0
BraTS-GLI-01350-000,51,0.0659,845,12821,845.0,12821.0
BraTS-GLI-01350-000,52,0.0651,861,13222,861.0,13222.0
BraTS-GLI-01350-000,53,0.0663,896,13515,896.0,13515.0
BraTS-GLI-01350-000,54,0.0657,902,13725,902.0,13725.0
BraTS-GLI-01350-000,55,0.0643,896,13933,896.0,13933.0
BraTS-GLI-01350-000,56,0.0638,899,14084,899.0,14084.0
BraTS-GLI-01350-000,57,0.0648,924,14251,924.0,14251.0
BraTS-GLI-01350-000,58,0.0672,968,14396,968.0,14396.0
BraTS-GLI-01350-000,59,0.0669,971,14509,971.0,14509.0
BraTS-GLI-01350-000,60,0.0647,946,14631,946.0,14631.0
BraTS-GLI-01350-000,61,0.0612,907,14828,907.0,14828.0
BraTS-GLI-01350-000,62,0.058,872,15039,872.0,15039.0
BraTS-GLI-01350-000,63,0.0545,827,15185,827.0,15185.0
BraTS-GLI-01350-000,64,0.051,787,15440,787.0,15440.0
BraTS-GLI-01350-000,65,0.0463,720,15545,720.0,15545.0
BraTS-GLI-01350-000,66,0.0437,687,15710,687.0,15710.0
BraTS-GLI-01350-000,67,0.0408,646,15843,646.0,15843.0
BraTS-GLI-01350-000,68,0.0374,596,15946,596.0,15946.0
BraTS-GLI-01350-000,69,0.0324,518,16008,518.0,16008.0
BraTS-GLI-01350-000,70,0.0295,476,16139,476.0,16139.0
BraTS-GLI-01350-000,71,0.0276,447,16200,447.0,16200.0
BraTS-GLI-01350-000,72,0.0249,404,16250,404.0,16250.0
BraTS-GLI-01350-000,73,0.0207,338,16301,338.0,16301.0
BraTS-GLI-01350-000,74,0.0147,241,16342,241.0,16342.0
BraTS-GLI-01350-000,75,0.0104,171,16389,171.0,16389.0
BraTS-GLI-01350-000,76,0.0083,136,16419,136.0,16419.0
BraTS-GLI-01350-000,77,0.0068,111,16442,111.0,16442.0
BraTS-GLI-01350-000,78,0.0055,91,16425,91.0,16425.0
BraTS-GLI-01350-000,79,0.0044,73,16409,73.0,16409.0
BraTS-GLI-01350-000,80,0.0016,27,16383,27.0,16383.0
BraTS-GLI-00203-000,40,0.046,497,10801,497.0,10801.0
BraTS-GLI-00203-000,41,0.0564,624,11059,624.0,11059.0
BraTS-GLI-00203-000,42,0.0663,745,11237,745.0,11237.0
BraTS-GLI-00203-000,43,0.0733,835,11395,835.0,11395.0
BraTS-GLI-00203-000,44,0.0818,946,11567,946.0,11567.0
BraTS-GLI-00203-000,45,0.0903,1058,11716,1058.0,11716.0
BraTS-GLI-00203-000,46,0.096,1138,11854,1138.0,11854.0
BraTS-GLI-00203-000,47,0.0999,1195,11967,1195.0,11967.0
BraTS-GLI-00203-000,48,0.1052,1270,12072,1270.0,12072.0
BraTS-GLI-00203-000,49,0.1108,1348,12170,1348.0,12170.0
BraTS-GLI-00203-000,50,0.1173,1441,12285,1441.0,12285.0
BraTS-GLI-00203-000,51,0.1253,1552,12384,1552.0,12384.0
BraTS-GLI-00203-000,52,0.1295,1618,12498,1618.0,12498.0
BraTS-GLI-00203-000,53,0.1328,1678,12635,1678.0,12635.0
BraTS-GLI-00203-000,54,0.1331,1728,12980,1728.0,12980.0
BraTS-GLI-00203-000,55,0.133,1794,13489,1794.0,13489.0
BraTS-GLI-00203-000,56,0.1347,1854,13769,1854.0,13769.0
BraTS-GLI-00203-000,57,0.1374,1923,13997,1923.0,13997.0
BraTS-GLI-00203-000,58,0.1384,1973,14253,1973.0,14253.0
BraTS-GLI-00203-000,59,0.1435,2077,14477,2077.0,14477.0
BraTS-GLI-00203-000,60,0.1459,2144,14697,2144.0,14697.0
BraTS-GLI-00203-000,61,0.1498,2223,14839,2223.0,14839.0
BraTS-GLI-00203-000,62,0.1539,2309,15007,2309.0,15007.0
BraTS-GLI-00203-000,63,0.1578,2392,15157,2392.0,15157.0
BraTS-GLI-00203-000,64,0.1603,2460,15348,2460.0,15348.0
BraTS-GLI-00203-000,65,0.1616,2517,15577,2517.0,15577.0
BraTS-GLI-00203-000,66,0.1618,2551,15766,2551.0,15766.0
BraTS-GLI-00203-000,67,0.1627,2599,15972,2599.0,15972.0
BraTS-GLI-00203-000,68,0.1674,2698,16119,2698.0,16119.0
BraTS-GLI-00203-000,69,0.1723,2798,16236,2798.0,16236.0
BraTS-GLI-00203-000,70,0.1723,2817,16346,2817.0,16346.0
BraTS-GLI-00203-000,71,0.1708,2806,16429,2806.0,16429.0
BraTS-GLI-00203-000,72,0.168,2773,16510,2773.0,16510.0
BraTS-GLI-00203-000,73,0.1682,2790,16585,2790.0,16585.0
BraTS-GLI-00203-000,74,0.1679,2798,16661,2798.0,16661.0
BraTS-GLI-00203-000,75,0.1641,2741,16702,2741.0,16702.0
BraTS-GLI-00203-000,76,0.1599,2675,16734,2675.0,16734.0
BraTS-GLI-00203-000,77,0.156,2615,16760,2615.0,16760.0
BraTS-GLI-00203-000,78,0.1523,2554,16765,2554.0,16765.0
BraTS-GLI-00203-000,79,0.1471,2469,16788,2469.0,16788.0
BraTS-GLI-00203-000,80,0.1418,2382,16797,2382.0,16797.0
BraTS-GLI-00203-000,81,0.1335,2245,16822,2245.0,16822.0
BraTS-GLI-00203-000,82,0.1221,2054,16826,2054.0,16826.0
BraTS-GLI-00203-000,83,0.1088,1830,16813,1830.0,16813.0
BraTS-GLI-00203-000,84,0.0971,1628,16772,1628.0,16772.0
BraTS-GLI-00203-000,85,0.0906,1516,16736,1516.0,16736.0
BraTS-GLI-00203-000,86,0.0818,1364,16683,1364.0,16683.0
BraTS-GLI-00203-000,87,0.0737,1224,16616,1224.0,16616.0
BraTS-GLI-00203-000,88,0.0697,1153,16548,1153.0,16548.0
BraTS-GLI-00203-000,89,0.0633,1042,16462,1042.0,16462.0
BraTS-GLI-00203-000,90,0.0569,934,16405,934.0,16405.0
BraTS-GLI-00203-000,91,0.0525,856,16314,856.0,16314.0
BraTS-GLI-00203-000,92,0.0487,790,16206,790.0,16206.0
BraTS-GLI-00203-000,93,0.0458,737,16101,737.0,16101.0
BraTS-GLI-00203-000,94,0.0436,695,15954,695.0,15954.0
BraTS-GLI-00203-000,95,0.0415,656,15809,656.0,15809.0
BraTS-GLI-00203-000,96,0.0403,629,15607,629.0,15607.0
BraTS-GLI-00203-000,97,0.0383,590,15419,590.0,15419.0
BraTS-GLI-00203-000,98,0.0372,566,15206,566.0,15206.0
BraTS-GLI-00203-000,99,0.0356,535,15010,535.0,15010.0
BraTS-GLI-00203-000,100,0.0338,501,14816,501.0,14816.0
BraTS-GLI-00203-000,101,0.0311,455,14608,455.0,14608.0
BraTS-GLI-00203-000,102,0.0271,390,14391,390.0,14391.0
BraTS-GLI-00203-000,103,0.0215,304,14149,304.0,14149.0
BraTS-GLI-00203-000,104,0.0144,200,13852,200.0,13852.0
BraTS-GLI-00203-000,105,0.0086,116,13538,116.0,13538.0
BraTS-GLI-00203-000,106,0.0021,28,13234,28.0,13234.0
BraTS-GLI-00203-000,107,0.0001,1,12925,1.0,12925.0
BraTS-GLI-00036-000,40,0.0093,152,16390,152.0,16390.0
BraTS-GLI-00036-000,41,0.0227,381,16784,381.0,16784.0
BraTS-GLI-00036-000,42,0.0345,589,17055,589.0,17055.0
BraTS-GLI-00036-000,43,0.0385,667,17320,667.0,17320.0
BraTS-GLI-00036-000,44,0.052,916,17607,916.0,17607.0
BraTS-GLI-00036-000,45,0.0648,1167,18008,1167.0,18008.0
BraTS-GLI-00036-000,46,0.0756,1397,18490,1397.0,18490.0
BraTS-GLI-00036-000,47,0.0848,1605,18923,1605.0,18923.0
BraTS-GLI-00036-000,48,0.0918,1778,19368,1778.0,19368.0
BraTS-GLI-00036-000,49,0.1027,2025,19714,2025.0,19714.0
BraTS-GLI-00036-000,50,0.1091,2181,19997,2181.0,19997.0
BraTS-GLI-00036-000,51,0.1132,2296,20285,2296.0,20285.0
BraTS-GLI-00036-000,52,0.118,2416,20477,2416.0,20477.0
BraTS-GLI-00036-000,53,0.123,2541,20652,2541.0,20652.0
BraTS-GLI-00036-000,54,0.1266,2633,20791,2633.0,20791.0
BraTS-GLI-00036-000,55,0.1307,2728,20865,2728.0,20865.0
BraTS-GLI-00036-000,56,0.1363,2859,20970,2859.0,20970.0
BraTS-GLI-00036-000,57,0.1388,2923,21064,2923.0,21064.0
BraTS-GLI-00036-000,58,0.141,2984,21168,2984.0,21168.0
BraTS-GLI-00036-000,59,0.1411,2999,21251,2999.0,21251.0
BraTS-GLI-00036-000,60,0.1406,2999,21323,2999.0,21323.0
BraTS-GLI-00036-000,61,0.1404,3004,21390,3004.0,21390.0
BraTS-GLI-00036-000,62,0.142,3049,21466,3049.0,21466.0
BraTS-GLI-00036-000,63,0.1419,3051,21502,3051.0,21502.0
BraTS-GLI-00036-000,64,0.1417,3051,21530,3051.0,21530.0
BraTS-GLI-00036-000,65,0.1419,3054,21520,3054.0,21520.0
BraTS-GLI-00036-000,66,0.1414,3038,21481,3038.0,21481.0
BraTS-GLI-00036-000,67,0.1423,3054,21460,3054.0,21460.0
BraTS-GLI-00036-000,68,0.1422,3049,21437,3049.0,21437.0
BraTS-GLI-00036-000,69,0.1406,3011,21417,3011.0,21417.0
BraTS-GLI-00036-000,70,0.1422,3044,21411,3044.0,21411.0
BraTS-GLI-00036-000,71,0.1432,3061,21379,3061.0,21379.0
BraTS-GLI-00036-000,72,0.1463,3120,21328,3120.0,21328.0
BraTS-GLI-00036-000,73,0.1495,3181,21271,3181.0,21271.0
BraTS-GLI-00036-000,74,0.1503,3187,21210,3187.0,21210.0
BraTS-GLI-00036-000,75,0.1532,3242,21159,3242.0,21159.0
BraTS-GLI-00036-000,76,0.1578,3326,21077,3326.0,21077.0
BraTS-GLI-00036-000,77,0.1611,3383,20994,3383.0,20994.0
BraTS-GLI-00036-000,78,0.1652,3453,20896,3453.0,20896.0
BraTS-GLI-00036-000,79,0.1681,3494,20786,3494.0,20786.0
BraTS-GLI-00036-000,80,0.1677,3465,20657,3465.0,20657.0
BraTS-GLI-00036-000,81,0.166,3401,20492,3401.0,20492.0
BraTS-GLI-00036-000,82,0.1626,3301,20305,3301.0,20305.0
BraTS-GLI-00036-000,83,0.1605,3231,20129,3231.0,20129.0
BraTS-GLI-00036-000,84,0.158,3158,19985,3158.0,19985.0
BraTS-GLI-00036-000,85,0.1533,3038,19816,3038.0,19816.0
BraTS-GLI-00036-000,86,0.1486,2916,19621,2916.0,19621.0
BraTS-GLI-00036-000,87,0.142,2757,19419,2757.0,19419.0
BraTS-GLI-00036-000,88,0.1385,2660,19203,2660.0,19203.0
BraTS-GLI-00036-000,89,0.1331,2527,18983,2527.0,18983.0
BraTS-GLI-00036-000,90,0.1323,2481,18755,2481.0,18755.0
BraTS-GLI-00036-000,91,0.1247,2310,18531,2310.0,18531.0
BraTS-GLI-00036-000,92,0.1147,2100,18311,2100.0,18311.0
BraTS-GLI-00036-000,93,0.111,1993,17959,1993.0,17959.0
BraTS-GLI-00036-000,94,0.1067,1889,17707,1889.0,17707.0
BraTS-GLI-00036-000,95,0.1022,1782,17434,1782.0,17434.0
BraTS-GLI-00036-000,96,0.1002,1722,17189,1722.0,17189.0
BraTS-GLI-00036-000,97,0.099,1674,16903,1674.0,16903.0
BraTS-GLI-00036-000,98,0.0991,1637,16526,1637.0,16526.0
BraTS-GLI-00036-000,99,0.0966,1564,16190,1564.0,16190.0
BraTS-GLI-00036-000,100,0.0873,1384,15847,1384.0,15847.0
BraTS-GLI-00036-000,101,0.0777,1205,15508,1205.0,15508.0
BraTS-GLI-00036-000,102,0.0646,975,15085,975.0,15085.0
BraTS-GLI-00036-000,103,0.0549,803,14639,803.0,14639.0
BraTS-GLI-00036-000,104,0.0447,639,14289,639.0,14289.0
BraTS-GLI-00036-000,105,0.0371,518,13974,518.0,13974.0
BraTS-GLI-00036-000,106,0.0323,437,13516,437.0,13516.0
BraTS-GLI-00036-000,107,0.0259,338,13069,338.0,13069.0
BraTS-GLI-00036-000,108,0.0177,224,12666,224.0,12666.0
BraTS-GLI-00036-000,109,0.0073,89,12257,89.0,12257.0
BraTS-GLI-00036-000,110,0.0002,2,11815,2.0,11815.0
BraTS-GLI-01494-000,40,0.0331,304,9178,304.0,9178.0
BraTS-GLI-01494-000,41,0.0412,398,9671,398.0,9671.0
BraTS-GLI-01494-000,42,0.0524,521,9940,521.0,9940.0
BraTS-GLI-01494-000,43,0.0629,656,10435,656.0,10435.0
BraTS-GLI-01494-000,44,0.0758,803,10594,803.0,10594.0
BraTS-GLI-01494-000,45,0.0921,1003,10890,1003.0,10890.0
BraTS-GLI-01494-000,46,0.1072,1186,11067,1186.0,11067.0
BraTS-GLI-01494-000,47,0.1163,1320,11352,1320.0,11352.0
BraTS-GLI-01494-000,48,0.1249,1443,11555,1443.0,11555.0
BraTS-GLI-01494-000,49,0.1313,1550,11802,1550.0,11802.0
BraTS-GLI-01494-000,50,0.1408,1681,11935,1681.0,11935.0
BraTS-GLI-01494-000,51,0.1495,1814,12133,1814.0,12133.0
BraTS-GLI-01494-000,52,0.1567,1916,12229,1916.0,12229.0
BraTS-GLI-01494-000,53,0.1638,2026,12369,2026.0,12369.0
BraTS-GLI-01494-000,54,0.1721,2146,12466,2146.0,12466.0
BraTS-GLI-01494-000,55,0.1785,2254,12628,2254.0,12628.0
BraTS-GLI-01494-000,56,0.1861,2363,12698,2363.0,12698.0
BraTS-GLI-01494-000,57,0.1895,2432,12837,2432.0,12837.0
BraTS-GLI-01494-000,58,0.193,2492,12911,2492.0,12911.0
BraTS-GLI-01494-000,59,0.1904,2525,13259,2525.0,13259.0
BraTS-GLI-01494-000,60,0.1889,2523,13357,2523.0,13357.0
BraTS-GLI-01494-000,61,0.1902,2582,13573,2582.0,13573.0
BraTS-GLI-01494-000,62,0.1963,2676,13629,2676.0,13629.0
BraTS-GLI-01494-000,63,0.202,2796,13841,2796.0,13841.0
BraTS-GLI-01494-000,64,0.2086,2897,13887,2897.0,13887.0
BraTS-GLI-01494-000,65,0.2147,3016,14045,3016.0,14045.0
BraTS-GLI-01494-000,66,0.219,3096,14139,3096.0,14139.0
BraTS-GLI-01494-000,67,0.2195,3137,14294,3137.0,14294.0
BraTS-GLI-01494-000,68,0.2216,3183,14362,3183.0,14362.0
BraTS-GLI-01494-000,69,0.2222,3235,14559,3235.0,14559.0
BraTS-GLI-01494-000,70,0.2252,3297,14642,3297.0,14642.0
BraTS-GLI-01494-000,71,0.2263,3366,14874,3366.0,14874.0
BraTS-GLI-01494-000,72,0.2266,3393,14974,3393.0,14974.0
BraTS-GLI-01494-000,73,0.2229,3390,15210,3390.0,15210.0
BraTS-GLI-01494-000,74,0.2247,3435,15290,3435.0,15290.0
BraTS-GLI-01494-000,75,0.2223,3444,15493,3444.0,15493.0
BraTS-GLI-01494-000,76,0.217,3368,15521,3368.0,15521.0
BraTS-GLI-01494-000,77,0.2166,3383,15621,3383.0,15621.0
BraTS-GLI-01494-000,78,0.2147,3363,15663,3363.0,15663.0
BraTS-GLI-01494-000,79,0.2171,3404,15682,3404.0,15682.0
BraTS-GLI-01494-000,80,0.2188,3432,15684,3432.0,15684.0
BraTS-GLI-01494-000,81,0.2231,3507,15722,3507.0,15722.0
BraTS-GLI-01494-000,82,0.2286,3595,15726,3595.0,15726.0
BraTS-GLI-01494-000,83,0.2333,3672,15737,3672.0,15737.0
BraTS-GLI-01494-000,84,0.2391,3755,15708,3755.0,15708.0
BraTS-GLI-01494-000,85,0.2462,3859,15677,3859.0,15677.0
BraTS-GLI-01494-000,86,0.2457,3842,15636,3842.0,15636.0
BraTS-GLI-01494-000,87,0.2445,3816,15610,3816.0,15610.0
BraTS-GLI-01494-000,88,0.2423,3775,15580,3775.0,15580.0
BraTS-GLI-01494-000,89,0.2405,3734,15527,3734.0,15527.0
BraTS-GLI-01494-000,90,0.2378,3681,15481,3681.0,15481.0
BraTS-GLI-01494-000,91,0.2369,3656,15430,3656.0,15430.0
BraTS-GLI-01494-000,92,0.2377,3652,15366,3652.0,15366.0
BraTS-GLI-01494-000,93,0.2368,3622,15294,3622.0,15294.0
BraTS-GLI-01494-000,94,0.2355,3589,15241,3589.0,15241.0
BraTS-GLI-01494-000,95,0.2319,3510,15133,3510.0,15133.0
BraTS-GLI-01494-000,96,0.226,3400,15045,3400.0,15045.0
BraTS-GLI-01494-000,97,0.2203,3278,14883,3278.0,14883.0
BraTS-GLI-01494-000,98,0.2134,3148,14752,3148.0,14752.0
BraTS-GLI-01494-000,99,0.2054,2994,14574,2994.0,14574.0
BraTS-GLI-01494-000,100,0.1953,2816,14418,2816.0,14418.0
BraTS-GLI-01494-000,101,0.1879,2669,14206,2669.0,14206.0
BraTS-GLI-01494-000,102,0.179,2511,14026,2511.0,14026.0
BraTS-GLI-01494-000,103,0.1718,2370,13792,2370.0,13792.0
BraTS-GLI-01494-000,104,0.1671,2265,13554,2265.0,13554.0
BraTS-GLI-01494-000,105,0.1618,2144,13248,2144.0,13248.0
BraTS-GLI-01494-000,106,0.1552,2014,12977,2014.0,12977.0
BraTS-GLI-01494-000,107,0.1483,1871,12616,1871.0,12616.0
BraTS-GLI-01494-000,108,0.1384,1707,12338,1707.0,12338.0
BraTS-GLI-01494-000,109,0.1232,1480,12013,1480.0,12013.0
BraTS-GLI-01494-000,110,0.1097,1288,11743,1288.0,11743.0
BraTS-GLI-01494-000,111,0.0939,1073,11426,1073.0,11426.0
BraTS-GLI-01494-000,112,0.0706,785,11126,785.0,11126.0
BraTS-GLI-01494-000,113,0.0457,492,10767,492.0,10767.0
BraTS-GLI-01494-000,114,0.023,241,10471,241.0,10471.0
BraTS-GLI-01494-000,115,0.0048,49,10116,49.0,10116.0
BraTS-GLI-01354-000,55,0.0018,25,13699,25.0,13699.0
BraTS-GLI-01354-000,56,0.0047,66,14070,66.0,14070.0
BraTS-GLI-01354-000,57,0.0078,112,14417,112.0,14417.0
BraTS-GLI-01354-000,58,0.0117,172,14707,172.0,14707.0
BraTS-GLI-01354-000,59,0.0165,246,14894,246.0,14894.0
BraTS-GLI-01354-000,60,0.0209,315,15057,315.0,15057.0
BraTS-GLI-01354-000,61,0.0277,422,15212,422.0,15212.0
BraTS-GLI-01354-000,62,0.0353,544,15413,544.0,15413.0
BraTS-GLI-01354-000,63,0.041,639,15574,639.0,15574.0
BraTS-GLI-01354-000,64,0.0477,756,15850,756.0,15850.0
BraTS-GLI-01354-000,65,0.0545,871,15989,871.0,15989.0
BraTS-GLI-01354-000,66,0.056,905,16154,905.0,16154.0
BraTS-GLI-01354-000,67,0.0549,897,16330,897.0,16330.0
BraTS-GLI-01354-000,68,0.0573,947,16528,947.0,16528.0
BraTS-GLI-01354-000,69,0.0619,1035,16709,1035.0,16709.0
BraTS-GLI-01354-000,70,0.0649,1094,16849,1094.0,16849.0
BraTS-GLI-01354-000,71,0.0674,1143,16951,1143.0,16951.0
BraTS-GLI-01354-000,72,0.0688,1172,17027,1172.0,17027.0
BraTS-GLI-01354-000,73,0.0698,1191,17065,1191.0,17065.0
BraTS-GLI-01354-000,74,0.0679,1161,17095,1161.0,17095.0
BraTS-GLI-01354-000,75,0.068,1163,17114,1163.0,17114.0
BraTS-GLI-01354-000,76,0.066,1129,17118,1129.0,17118.0
BraTS-GLI-01354-000,77,0.0652,1116,17126,1116.0,17126.0
BraTS-GLI-01354-000,78,0.0638,1092,17115,1092.0,17115.0
BraTS-GLI-01354-000,79,0.0658,1125,17088,1125.0,17088.0
BraTS-GLI-01354-000,80,0.0703,1199,17063,1199.0,17063.0
BraTS-GLI-01354-000,81,0.0758,1290,17019,1290.0,17019.0
BraTS-GLI-01354-000,82,0.0824,1398,16969,1398.0,16969.0
BraTS-GLI-01354-000,83,0.0907,1535,16925,1535.0,16925.0
BraTS-GLI-01354-000,84,0.0968,1632,16865,1632.0,16865.0
BraTS-GLI-01354-000,85,0.1016,1707,16801,1707.0,16801.0
BraTS-GLI-01354-000,86,0.1036,1736,16750,1736.0,16750.0
BraTS-GLI-01354-000,87,0.1054,1759,16691,1759.0,16691.0
BraTS-GLI-01354-000,88,0.1075,1785,16609,1785.0,16609.0
BraTS-GLI-01354-000,89,0.1118,1847,16520,1847.0,16520.0
BraTS-GLI-01354-000,90,0.1146,1879,16396,1879.0,16396.0
BraTS-GLI-01354-000,91,0.1155,1878,16259,1878.0,16259.0
BraTS-GLI-01354-000,92,0.1165,1878,16124,1878.0,16124.0
BraTS-GLI-01354-000,93,0.1148,1831,15945,1831.0,15945.0
BraTS-GLI-01354-000,94,0.1128,1782,15797,1782.0,15797.0
BraTS-GLI-01354-000,95,0.1106,1730,15641,1730.0,15641.0
BraTS-GLI-01354-000,96,0.1073,1650,15375,1650.0,15375.0
BraTS-GLI-01354-000,97,0.1022,1560,15258,1560.0,15258.0
BraTS-GLI-01354-000,98,0.1012,1525,15063,1525.0,15063.0
BraTS-GLI-01354-000,99,0.1004,1493,14877,1493.0,14877.0
BraTS-GLI-01354-000,100,0.0921,1351,14670,1351.0,14670.0
BraTS-GLI-01354-000,101,0.0763,1101,14439,1101.0,14439.0
BraTS-GLI-01354-000,102,0.0656,932,14211,932.0,14211.0
BraTS-GLI-01354-000,103,0.0593,830,13987,830.0,13987.0
BraTS-GLI-01354-000,104,0.0552,760,13764,760.0,13764.0
BraTS-GLI-01354-000,105,0.0532,719,13514,719.0,13514.0
BraTS-GLI-01354-000,106,0.049,649,13258,649.0,13258.0
BraTS-GLI-01354-000,107,0.0439,569,12962,569.0,12962.0
BraTS-GLI-01354-000,108,0.0395,501,12687,501.0,12687.0
BraTS-GLI-01354-000,109,0.0333,413,12398,413.0,12398.0
BraTS-GLI-01354-000,110,0.0276,333,12081,333.0,12081.0
BraTS-GLI-01354-000,111,0.0208,245,11796,245.0,11796.0
BraTS-GLI-01354-000,112,0.0165,190,11497,190.0,11497.0
BraTS-GLI-01354-000,113,0.0117,131,11222,131.0,11222.0
BraTS-GLI-01354-000,114,0.0095,104,10908,104.0,10908.0
BraTS-GLI-01354-000,115,0.01,106,10559,106.0,10559.0
BraTS-GLI-00286-000,40,0.0248,367,14827,367.0,14827.0
BraTS-GLI-00286-000,41,0.0321,482,15003,482.0,15003.0
BraTS-GLI-00286-000,42,0.0376,570,15155,570.0,15155.0
BraTS-GLI-00286-000,43,0.0579,885,15276,885.0,15276.0
BraTS-GLI-00286-000,44,0.068,1046,15380,1046.0,15380.0
BraTS-GLI-00286-000,45,0.0974,1507,15466,1507.0,15466.0
BraTS-GLI-00286-000,46,0.099,1538,15528,1538.0,15528.0
BraTS-GLI-00286-000,47,0.1079,1680,15567,1680.0,15567.0
BraTS-GLI-00286-000,48,0.1056,1647,15596,1647.0,15596.0
BraTS-GLI-00286-000,49,0.1132,1768,15619,1768.0,15619.0
BraTS-GLI-00286-000,50,0.1043,1631,15641,1631.0,15641.0
BraTS-GLI-00286-000,51,0.094,1476,15702,1476.0,15702.0
BraTS-GLI-00286-000,52,0.0925,1460,15790,1460.0,15790.0
BraTS-GLI-00286-000,53,0.0896,1438,16054,1438.0,16054.0
BraTS-GLI-00286-000,54,0.0773,1286,16646,1286.0,16646.0
BraTS-GLI-00286-000,55,0.0646,1089,16866,1089.0,16866.0
BraTS-GLI-00286-000,56,0.0416,711,17105,711.0,17105.0
BraTS-GLI-00286-000,57,0.0332,574,17303,574.0,17303.0
BraTS-GLI-00286-000,58,0.0296,518,17489,518.0,17489.0
BraTS-GLI-00286-000,59,0.0256,453,17677,453.0,17677.0
BraTS-GLI-00286-000,60,0.0253,451,17820,451.0,17820.0
BraTS-GLI-00286-000,61,0.0229,411,17974,411.0,17974.0
BraTS-GLI-00286-000,62,0.0145,263,18133,263.0,18133.0
BraTS-GLI-00286-000,63,0.0111,203,18288,203.0,18288.0
BraTS-GLI-00286-000,64,0.0084,155,18450,155.0,18450.0
BraTS-GLI-00286-000,65,0.008,149,18607,149.0,18607.0
BraTS-GLI-00286-000,66,0.0077,144,18756,144.0,18756.0
BraTS-GLI-00286-000,67,0.0061,116,18903,116.0,18903.0
BraTS-GLI-00286-000,68,0.0061,116,19044,116.0,19044.0
BraTS-GLI-00286-000,69,0.0048,92,19164,92.0,19164.0
BraTS-GLI-00286-000,70,0.0026,50,19307,50.0,19307.0
BraTS-GLI-00286-000,71,0.0019,37,19432,37.0,19432.0
BraTS-GLI-00286-000,72,0.0026,51,19511,51.0,19511.0
BraTS-GLI-00286-000,73,0.0053,104,19567,104.0,19567.0
BraTS-GLI-00286-000,74,0.0093,183,19609,183.0,19609.0
BraTS-GLI-00286-000,75,0.016,314,19647,314.0,19647.0
BraTS-GLI-00286-000,76,0.0236,464,19664,464.0,19664.0
BraTS-GLI-00286-000,77,0.033,648,19663,648.0,19663.0
BraTS-GLI-00286-000,78,0.0433,852,19662,852.0,19662.0
BraTS-GLI-00286-000,79,0.0516,1014,19633,1014.0,19633.0
BraTS-GLI-00286-000,80,0.0586,1148,19586,1148.0,19586.0
BraTS-GLI-00286-000,81,0.0665,1299,19537,1299.0,19537.0
BraTS-GLI-00286-000,82,0.0766,1491,19453,1491.0,19453.0
BraTS-GLI-00286-000,83,0.0851,1650,19390,1650.0,19390.0
BraTS-GLI-00286-000,84,0.0958,1849,19305,1849.0,19305.0
BraTS-GLI-00286-000,85,0.1017,1954,19215,1954.0,19215.0
BraTS-GLI-00286-000,86,0.1034,1974,19096,1974.0,19096.0
BraTS-GLI-00286-000,87,0.1009,1914,18972,1914.0,18972.0
BraTS-GLI-00286-000,88,0.1038,1957,18845,1957.0,18845.0
BraTS-GLI-00286-000,89,0.1032,1930,18708,1930.0,18708.0
BraTS-GLI-00286-000,90,0.0996,1849,18571,1849.0,18571.0
BraTS-GLI-00286-000,91,0.0936,1723,18403,1723.0,18403.0
BraTS-GLI-00286-000,92,0.086,1568,18238,1568.0,18238.0
BraTS-GLI-00286-000,93,0.078,1408,18051,1408.0,18051.0
BraTS-GLI-00286-000,94,0.0729,1301,17856,1301.0,17856.0
BraTS-GLI-00286-000,95,0.0698,1232,17644,1232.0,17644.0
BraTS-GLI-00286-000,96,0.0675,1176,17425,1176.0,17425.0
BraTS-GLI-00286-000,97,0.0615,1055,17166,1055.0,17166.0
BraTS-GLI-00286-000,98,0.0587,991,16884,991.0,16884.0
BraTS-GLI-00286-000,99,0.0548,912,16637,912.0,16637.0
BraTS-GLI-00286-000,100,0.0552,904,16363,904.0,16363.0
BraTS-GLI-00286-000,101,0.0558,898,16096,898.0,16096.0
BraTS-GLI-00286-000,102,0.0547,866,15836,866.0,15836.0
BraTS-GLI-00286-000,103,0.0556,864,15547,864.0,15547.0
BraTS-GLI-00286-000,104,0.0563,858,15250,858.0,15250.0
BraTS-GLI-00286-000,105,0.0565,844,14929,844.0,14929.0
BraTS-GLI-00286-000,106,0.0549,802,14603,802.0,14603.0
BraTS-GLI-00286-000,107,0.053,757,14277,757.0,14277.0
BraTS-GLI-00286-000,108,0.0504,703,13948,703.0,13948.0
BraTS-GLI-00286-000,109,0.0462,630,13641,630.0,13641.0
BraTS-GLI-00286-000,110,0.0443,590,13319,590.0,13319.0
BraTS-GLI-00286-000,111,0.0427,553,12955,553.0,12955.0
BraTS-GLI-00286-000,112,0.0429,542,12631,542.0,12631.0
BraTS-GLI-00286-000,113,0.0436,536,12294,536.0,12294.0
BraTS-GLI-00286-000,114,0.0436,521,11957,521.0,11957.0
BraTS-GLI-00286-000,115,0.0443,513,11583,513.0,11583.0
BraTS-GLI-00318-000,40,0.1111,1746,15719,1746.0,15719.0
BraTS-GLI-00318-000,41,0.1215,1964,16164,1964.0,16164.0
BraTS-GLI-00318-000,42,0.1319,2201,16683,2201.0,16683.0
BraTS-GLI-00318-000,43,0.1437,2455,17088,2455.0,17088.0
BraTS-GLI-00318-000,44,0.1583,2760,17439,2760.0,17439.0
BraTS-GLI-00318-000,45,0.1716,3046,17753,3046.0,17753.0
BraTS-GLI-00318-000,46,0.1872,3375,18028,3375.0,18028.0
BraTS-GLI-00318-000,47,0.2026,3702,18272,3702.0,18272.0
BraTS-GLI-00318-000,48,0.2157,3992,18508,3992.0,18508.0
BraTS-GLI-00318-000,49,0.2268,4249,18732,4249.0,18732.0
BraTS-GLI-00318-000,50,0.238,4496,18888,4496.0,18888.0
BraTS-GLI-00318-000,51,0.2412,4590,19029,4590.0,19029.0
BraTS-GLI-00318-000,52,0.2477,4754,19190,4754.0,19190.0
BraTS-GLI-00318-000,53,0.2508,4844,19315,4844.0,19315.0
BraTS-GLI-00318-000,54,0.2506,4864,19412,4864.0,19412.0
BraTS-GLI-00318-000,55,0.2507,4893,19519,4893.0,19519.0
BraTS-GLI-00318-000,56,0.2493,4881,19581,4881.0,19581.0
BraTS-GLI-00318-000,57,0.2447,4810,19660,4810.0,19660.0
BraTS-GLI-00318-000,58,0.2431,4793,19716,4793.0,19716.0
BraTS-GLI-00318-000,59,0.2386,4712,19750,4712.0,19750.0
BraTS-GLI-00318-000,60,0.2322,4587,19758,4587.0,19758.0
BraTS-GLI-00318-000,61,0.2266,4485,19789,4485.0,19789.0
BraTS-GLI-00318-000,62,0.2218,4388,19781,4388.0,19781.0
BraTS-GLI-00318-000,63,0.216,4274,19788,4274.0,19788.0
BraTS-GLI-00318-000,64,0.2103,4160,19777,4160.0,19777.0
BraTS-GLI-00318-000,65,0.2041,4034,19761,4034.0,19761.0
BraTS-GLI-00318-000,66,0.2036,4020,19745,4020.0,19745.0
BraTS-GLI-00318-000,67,0.1995,3933,19710,3933.0,19710.0
BraTS-GLI-00318-000,68,0.191,3755,19659,3755.0,19659.0
BraTS-GLI-00318-000,69,0.1806,3542,19608,3542.0,19608.0
BraTS-GLI-00318-000,70,0.1728,3379,19550,3379.0,19550.0
BraTS-GLI-00318-000,71,0.161,3136,19480,3136.0,19480.0
BraTS-GLI-00318-000,72,0.1526,2961,19404,2961.0,19404.0
BraTS-GLI-00318-000,73,0.1458,2818,19325,2818.0,19325.0
BraTS-GLI-00318-000,74,0.1395,2685,19245,2685.0,19245.0
BraTS-GLI-00318-000,75,0.1352,2586,19122,2586.0,19122.0
BraTS-GLI-00318-000,76,0.1289,2453,19035,2453.0,19035.0
BraTS-GLI-00318-000,77,0.1241,2347,18918,2347.0,18918.0
BraTS-GLI-00318-000,78,0.1204,2264,18802,2264.0,18802.0
BraTS-GLI-00318-000,79,0.1175,2196,18687,2196.0,18687.0
BraTS-GLI-00318-000,80,0.1124,2084,18540,2084.0,18540.0
BraTS-GLI-00318-000,81,0.1087,1997,18379,1997.0,18379.0
BraTS-GLI-00318-000,82,0.1034,1886,18233,1886.0,18233.0
BraTS-GLI-00318-000,83,0.0985,1778,18043,1778.0,18043.0
BraTS-GLI-00318-000,84,0.0919,1643,17883,1643.0,17883.0
BraTS-GLI-00318-000,85,0.0845,1498,17721,1498.0,17721.0
BraTS-GLI-00318-000,86,0.0805,1411,17533,1411.0,17533.0
BraTS-GLI-00318-000,87,0.0753,1308,17362,1308.0,17362.0
BraTS-GLI-00318-000,88,0.0672,1154,17168,1154.0,17168.0
BraTS-GLI-00318-000,89,0.0557,946,16972,946.0,16972.0
BraTS-GLI-00318-000,90,0.0414,693,16743,693.0,16743.0
BraTS-GLI-00318-000,91,0.0342,565,16517,565.0,16517.0
BraTS-GLI-00318-000,92,0.0277,451,16301,451.0,16301.0
BraTS-GLI-00318-000,93,0.0255,409,16067,409.0,16067.0
BraTS-GLI-00318-000,94,0.0228,361,15836,361.0,15836.0
BraTS-GLI-00318-000,95,0.0185,288,15599,288.0,15599.0
BraTS-GLI-00318-000,96,0.0157,241,15346,241.0,15346.0
BraTS-GLI-00318-000,97,0.0123,186,15084,186.0,15084.0
BraTS-GLI-00318-000,98,0.0073,109,14834,109.0,14834.0
BraTS-GLI-00318-000,99,0.0037,54,14584,54.0,14584.0
BraTS-GLI-00318-000,100,0.0011,16,14323,16.0,14323.0
BraTS-GLI-00240-000,71,0.0018,31,17486,31.0,17486.0
BraTS-GLI-00240-000,72,0.012,210,17539,210.0,17539.0
BraTS-GLI-00240-000,73,0.0272,478,17591,478.0,17591.0
BraTS-GLI-00240-000,74,0.0394,694,17624,694.0,17624.0
BraTS-GLI-00240-000,75,0.0513,907,17669,907.0,17669.0
BraTS-GLI-00240-000,76,0.0623,1102,17678,1102.0,17678.0
BraTS-GLI-00240-000,77,0.0731,1291,17671,1291.0,17671.0
BraTS-GLI-00240-000,78,0.0836,1478,17669,1478.0,17669.0
BraTS-GLI-00240-000,79,0.0942,1663,17650,1663.0,17650.0
BraTS-GLI-00240-000,80,0.1067,1881,17626,1881.0,17626.0
BraTS-GLI-00240-000,81,0.1199,2110,17596,2110.0,17596.0
BraTS-GLI-00240-000,82,0.1329,2330,17538,2330.0,17538.0
BraTS-GLI-00240-000,83,0.146,2554,17490,2554.0,17490.0
BraTS-GLI-00240-000,84,0.1574,2745,17436,2745.0,17436.0
BraTS-GLI-00240-000,85,0.1681,2919,17367,2919.0,17367.0
BraTS-GLI-00240-000,86,0.1761,3046,17297,3046.0,17297.0
BraTS-GLI-00240-000,87,0.1861,3196,17175,3196.0,17175.0
BraTS-GLI-00240-000,88,0.1924,3284,17070,3284.0,17070.0
BraTS-GLI-00240-000,89,0.1992,3379,16965,3379.0,16965.0
BraTS-GLI-00240-000,90,0.2034,3424,16834,3424.0,16834.0
BraTS-GLI-00240-000,91,0.2066,3449,16696,3449.0,16696.0
BraTS-GLI-00240-000,92,0.2093,3463,16547,3463.0,16547.0
BraTS-GLI-00240-000,93,0.2102,3448,16403,3448.0,16403.0
BraTS-GLI-00240-000,94,0.2112,3434,16256,3434.0,16256.0
BraTS-GLI-00240-000,95,0.2133,3432,16093,3432.0,16093.0
BraTS-GLI-00240-000,96,0.2132,3392,15909,3392.0,15909.0
BraTS-GLI-00240-000,97,0.2124,3336,15706,3336.0,15706.0
BraTS-GLI-00240-000,98,0.2132,3303,15490,3303.0,15490.0
BraTS-GLI-00240-000,99,0.2161,3300,15268,3300.0,15268.0
BraTS-GLI-00240-000,100,0.2184,3282,15030,3282.0,15030.0
BraTS-GLI-00240-000,101,0.2204,3264,14812,3264.0,14812.0
BraTS-GLI-00240-000,102,0.2242,3263,14554,3263.0,14554.0
BraTS-GLI-00240-000,103,0.2267,3237,14279,3237.0,14279.0
BraTS-GLI-00240-000,104,0.2276,3191,14023,3191.0,14023.0
BraTS-GLI-00240-000,105,0.2282,3132,13726,3132.0,13726.0
BraTS-GLI-00240-000,106,0.2284,3074,13458,3074.0,13458.0
BraTS-GLI-00240-000,107,0.229,3015,13164,3015.0,13164.0
BraTS-GLI-00240-000,108,0.2301,2964,12881,2964.0,12881.0
BraTS-GLI-00240-000,109,0.2292,2887,12594,2887.0,12594.0
BraTS-GLI-00240-000,110,0.2275,2798,12301,2798.0,12301.0
BraTS-GLI-00240-000,111,0.224,2686,11989,2686.0,11989.0
BraTS-GLI-00240-000,112,0.2223,2596,11677,2596.0,11677.0
BraTS-GLI-00240-000,113,0.2232,2532,11342,2532.0,11342.0
BraTS-GLI-00240-000,114,0.225,2477,11010,2477.0,11010.0
BraTS-GLI-00240-000,115,0.2286,2436,10655,2436.0,10655.0
BraTS-GLI-01433-000,48,0.0011,15,13898,15.0,13898.0
BraTS-GLI-01433-000,49,0.0044,62,14013,62.0,14013.0
BraTS-GLI-01433-000,50,0.0081,114,14103,114.0,14103.0
BraTS-GLI-01433-000,51,0.0093,133,14334,133.0,14334.0
BraTS-GLI-01433-000,52,0.0114,169,14769,169.0,14769.0
BraTS-GLI-01433-000,53,0.0192,293,15295,293.0,15295.0
BraTS-GLI-01433-000,54,0.0214,339,15821,339.0,15821.0
BraTS-GLI-01433-000,55,0.0209,338,16195,338.0,16195.0
BraTS-GLI-01433-000,56,0.0288,472,16368,472.0,16368.0
BraTS-GLI-01433-000,57,0.0346,574,16575,574.0,16575.0
BraTS-GLI-01433-000,58,0.0398,666,16728,666.0,16728.0
BraTS-GLI-01433-000,59,0.0433,733,16927,733.0,16927.0
BraTS-GLI-01433-000,60,0.0527,898,17055,898.0,17055.0
BraTS-GLI-01433-000,61,0.0603,1039,17232,1039.0,17232.0
BraTS-GLI-01433-000,62,0.0648,1126,17381,1126.0,17381.0
BraTS-GLI-01433-000,63,0.0713,1252,17566,1252.0,17566.0
BraTS-GLI-01433-000,64,0.0767,1391,18141,1391.0,18141.0
BraTS-GLI-01433-000,65,0.0838,1539,18357,1539.0,18357.0
BraTS-GLI-01433-000,66,0.0895,1657,18520,1657.0,18520.0
BraTS-GLI-01433-000,67,0.093,1734,18640,1734.0,18640.0
BraTS-GLI-01433-000,68,0.094,1757,18689,1757.0,18689.0
BraTS-GLI-01433-000,69,0.0939,1761,18754,1761.0,18754.0
BraTS-GLI-01433-000,70,0.0958,1801,18790,1801.0,18790.0
BraTS-GLI-01433-000,71,0.0951,1786,18776,1786.0,18776.0
BraTS-GLI-01433-000,72,0.097,1823,18793,1823.0,18793.0
BraTS-GLI-01433-000,73,0.0956,1797,18789,1797.0,18789.0
BraTS-GLI-01433-000,74,0.0948,1781,18796,1781.0,18796.0
BraTS-GLI-01433-000,75,0.0984,1849,18794,1849.0,18794.0
BraTS-GLI-01433-000,76,0.0981,1846,18808,1846.0,18808.0
BraTS-GLI-01433-000,77,0.0993,1868,18819,1868.0,18819.0
BraTS-GLI-01433-000,78,0.0987,1852,18768,1852.0,18768.0
BraTS-GLI-01433-000,79,0.0987,1848,18725,1848.0,18725.0
BraTS-GLI-01433-000,80,0.0986,1844,18701,1844.0,18701.0
BraTS-GLI-01433-000,81,0.0915,1708,18669,1708.0,18669.0
BraTS-GLI-01433-000,82,0.0874,1625,18594,1625.0,18594.0
BraTS-GLI-01433-000,83,0.0842,1560,18518,1560.0,18518.0
BraTS-GLI-01433-000,84,0.0829,1528,18433,1528.0,18433.0
BraTS-GLI-01433-000,85,0.0802,1469,18320,1469.0,18320.0
BraTS-GLI-01433-000,86,0.0785,1430,18218,1430.0,18218.0
BraTS-GLI-01433-000,87,0.0775,1407,18160,1407.0,18160.0
BraTS-GLI-01433-000,88,0.0787,1421,18049,1421.0,18049.0
BraTS-GLI-01433-000,89,0.0794,1426,17951,1426.0,17951.0
BraTS-GLI-01433-000,90,0.0794,1416,17839,1416.0,17839.0
BraTS-GLI-01433-000,91,0.0783,1390,17752,1390.0,17752.0
BraTS-GLI-01433-000,92,0.0756,1332,17621,1332.0,17621.0
BraTS-GLI-01433-000,93,0.0719,1261,17535,1261.0,17535.0
BraTS-GLI-01433-000,94,0.0692,1202,17364,1202.0,17364.0
BraTS-GLI-01433-000,95,0.0644,1109,17222,1109.0,17222.0
BraTS-GLI-01433-000,96,0.0588,1000,17014,1000.0,17014.0
BraTS-GLI-01433-000,97,0.053,893,16858,893.0,16858.0
BraTS-GLI-01433-000,98,0.0473,786,16630,786.0,16630.0
BraTS-GLI-01433-000,99,0.0386,632,16387,632.0,16387.0
BraTS-GLI-01433-000,100,0.0274,444,16181,444.0,16181.0
BraTS-GLI-01433-000,101,0.0231,368,15925,368.0,15925.0
BraTS-GLI-01433-000,102,0.0188,295,15676,295.0,15676.0
BraTS-GLI-01433-000,103,0.0134,206,15424,206.0,15424.0
BraTS-GLI-01433-000,104,0.0028,42,15146,42.0,15146.0
BraTS-GLI-00095-001,46,0.0055,80,14527,80.0,14527.0
BraTS-GLI-00095-001,47,0.0116,176,15170,176.0,15170.0
BraTS-GLI-00095-001,48,0.0168,267,15899,267.0,15899.0
BraTS-GLI-00095-001,49,0.024,400,16634,400.0,16634.0
BraTS-GLI-00095-001,50,0.0375,640,17089,640.0,17089.0
BraTS-GLI-00095-001,51,0.0542,947,17462,947.0,17462.0
BraTS-GLI-00095-001,52,0.0702,1246,17757,1246.0,17757.0
BraTS-GLI-00095-001,53,0.0865,1560,18030,1560.0,18030.0
BraTS-GLI-00095-001,54,0.1025,1869,18243,1869.0,18243.0
BraTS-GLI-00095-001,55,0.1163,2159,18565,2159.0,18565.0
BraTS-GLI-00095-001,56,0.1306,2480,18985,2480.0,18985.0
BraTS-GLI-00095-001,57,0.1475,2836,19230,2836.0,19230.0
BraTS-GLI-00095-001,58,0.1608,3137,19507,3137.0,19507.0
BraTS-GLI-00095-001,59,0.1718,3384,19699,3384.0,19699.0
BraTS-GLI-00095-001,60,0.1829,3632,19862,3632.0,19862.0
BraTS-GLI-00095-001,61,0.1932,3867,20011,3867.0,20011.0
BraTS-GLI-00095-001,62,0.2014,4048,20095,4048.0,20095.0
BraTS-GLI-00095-001,63,0.2095,4226,20172,4226.0,20172.0
BraTS-GLI-00095-001,64,0.2163,4379,20246,4379.0,20246.0
BraTS-GLI-00095-001,65,0.2261,4585,20282,4585.0,20282.0
BraTS-GLI-00095-001,66,0.236,4791,20302,4791.0,20302.0
BraTS-GLI-00095-001,67,0.2419,4917,20325,4917.0,20325.0
BraTS-GLI-00095-001,68,0.2478,5039,20334,5039.0,20334.0
BraTS-GLI-00095-001,69,0.2526,5130,20312,5130.0,20312.0
BraTS-GLI-00095-001,70,0.2568,5211,20290,5211.0,20290.0
BraTS-GLI-00095-001,71,0.2603,5276,20270,5276.0,20270.0
BraTS-GLI-00095-001,72,0.2632,5324,20226,5324.0,20226.0
BraTS-GLI-00095-001,73,0.2654,5354,20173,5354.0,20173.0
BraTS-GLI-00095-001,74,0.2672,5379,20134,5379.0,20134.0
BraTS-GLI-00095-001,75,0.2681,5371,20037,5371.0,20037.0
BraTS-GLI-00095-001,76,0.2669,5330,19968,5330.0,19968.0
BraTS-GLI-00095-001,77,0.267,5312,19898,5312.0,19898.0
BraTS-GLI-00095-001,78,0.2667,5272,19770,5272.0,19770.0
BraTS-GLI-00095-001,79,0.2668,5246,19659,5246.0,19659.0
BraTS-GLI-00095-001,80,0.2664,5205,19541,5205.0,19541.0
BraTS-GLI-00095-001,81,0.2648,5146,19437,5146.0,19437.0
BraTS-GLI-00095-001,82,0.2648,5115,19317,5115.0,19317.0
BraTS-GLI-00095-001,83,0.2658,5092,19160,5092.0,19160.0
BraTS-GLI-00095-001,84,0.2662,5064,19021,5064.0,19021.0
BraTS-GLI-00095-001,85,0.2647,4992,18862,4992.0,18862.0
BraTS-GLI-00095-001,86,0.2625,4910,18708,4910.0,18708.0
BraTS-GLI-00095-001,87,0.2588,4803,18560,4803.0,18560.0
BraTS-GLI-00095-001,88,0.2571,4726,18380,4726.0,18380.0
BraTS-GLI-00095-001,89,0.2532,4611,18212,4611.0,18212.0
BraTS-GLI-00095-001,90,0.2529,4539,17951,4539.0,17951.0
BraTS-GLI-00095-001,91,0.2545,4509,17716,4509.0,17716.0
BraTS-GLI-00095-001,92,0.2553,4461,17475,4461.0,17475.0
BraTS-GLI-00095-001,93,0.2565,4409,17190,4409.0,17190.0
BraTS-GLI-00095-001,94,0.2541,4310,16960,4310.0,16960.0
BraTS-GLI-00095-001,95,0.2501,4175,16692,4175.0,16692.0
BraTS-GLI-00095-001,96,0.2495,4051,16236,4051.0,16236.0
BraTS-GLI-00095-001,97,0.2452,3946,16093,3946.0,16093.0
BraTS-GLI-00095-001,98,0.239,3781,15822,3781.0,15822.0
BraTS-GLI-00095-001,99,0.2204,3431,15570,3431.0,15570.0
BraTS-GLI-00095-001,100,0.2092,3180,15204,3180.0,15204.0
BraTS-GLI-00095-001,101,0.1999,2963,14826,2963.0,14826.0
BraTS-GLI-00095-001,102,0.1907,2742,14376,2742.0,14376.0
BraTS-GLI-00095-001,103,0.1796,2532,14096,2532.0,14096.0
BraTS-GLI-00095-001,104,0.1683,2319,13776,2319.0,13776.0
BraTS-GLI-00095-001,105,0.1632,2185,13386,2185.0,13386.0
BraTS-GLI-00095-001,106,0.1615,2107,13044,2107.0,13044.0
BraTS-GLI-00095-001,107,0.1576,1998,12677,1998.0,12677.0
BraTS-GLI-00095-001,108,0.1516,1879,12398,1879.0,12398.0
BraTS-GLI-00095-001,109,0.148,1784,12051,1784.0,12051.0
BraTS-GLI-00095-001,110,0.147,1700,11567,1700.0,11567.0
BraTS-GLI-00095-001,111,0.1388,1550,11166,1550.0,11166.0
BraTS-GLI-00095-001,112,0.1219,1304,10701,1304.0,10701.0
BraTS-GLI-00095-001,113,0.1031,1071,10385,1071.0,10385.0
BraTS-GLI-00095-001,114,0.0897,903,10065,903.0,10065.0
BraTS-GLI-00095-001,115,0.079,761,9639,761.0,9639.0
BraTS-GLI-01417-000,69,0.0007,14,18879,14.0,18879.0
BraTS-GLI-01417-000,70,0.0053,100,18929,100.0,18929.0
BraTS-GLI-01417-000,71,0.0072,136,18947,136.0,18947.0
BraTS-GLI-01417-000,72,0.0088,168,19011,168.0,19011.0
BraTS-GLI-01417-000,73,0.0113,215,19032,215.0,19032.0
BraTS-GLI-01417-000,74,0.0125,238,19062,238.0,19062.0
BraTS-GLI-01417-000,75,0.013,248,19039,248.0,19039.0
BraTS-GLI-01417-000,76,0.015,286,19017,286.0,19017.0
BraTS-GLI-01417-000,77,0.017,323,18983,323.0,18983.0
BraTS-GLI-01417-000,78,0.0213,404,18954,404.0,18954.0
BraTS-GLI-01417-000,79,0.0245,463,18896,463.0,18896.0
BraTS-GLI-01417-000,80,0.0305,574,18847,574.0,18847.0
BraTS-GLI-01417-000,81,0.0355,667,18789,667.0,18789.0
BraTS-GLI-01417-000,82,0.0414,775,18711,775.0,18711.0
BraTS-GLI-01417-000,83,0.044,820,18635,820.0,18635.0
BraTS-GLI-01417-000,84,0.0452,840,18581,840.0,18581.0
BraTS-GLI-01417-000,85,0.046,850,18479,850.0,18479.0
BraTS-GLI-01417-000,86,0.0459,843,18384,843.0,18384.0
BraTS-GLI-01417-000,87,0.0477,871,18246,871.0,18246.0
BraTS-GLI-01417-000,88,0.0465,843,18129,843.0,18129.0
BraTS-GLI-01417-000,89,0.0539,970,17991,970.0,17991.0
BraTS-GLI-01417-000,90,0.0558,997,17883,997.0,17883.0
BraTS-GLI-01417-000,91,0.0662,1175,17750,1175.0,17750.0
BraTS-GLI-01417-000,92,0.0826,1454,17600,1454.0,17600.0
BraTS-GLI-01417-000,93,0.0993,1728,17410,1728.0,17410.0
BraTS-GLI-01417-000,94,0.1022,1765,17277,1765.0,17277.0
BraTS-GLI-01417-000,95,0.1016,1737,17095,1737.0,17095.0
BraTS-GLI-01417-000,96,0.1092,1849,16930,1849.0,16930.0
BraTS-GLI-01417-000,97,0.1199,2005,16723,2005.0,16723.0
BraTS-GLI-01417-000,98,0.1165,1927,16542,1927.0,16542.0
BraTS-GLI-01417-000,99,0.1197,1957,16349,1957.0,16349.0
BraTS-GLI-01417-000,100,0.1294,2089,16140,2089.0,16140.0
BraTS-GLI-01417-000,101,0.1344,2144,15949,2144.0,15949.0
BraTS-GLI-01417-000,102,0.1349,2120,15719,2120.0,15719.0
BraTS-GLI-01417-000,103,0.1364,2115,15508,2115.0,15508.0
BraTS-GLI-01417-000,104,0.1367,2090,15284,2090.0,15284.0
BraTS-GLI-01417-000,105,0.1367,2056,15045,2056.0,15045.0
BraTS-GLI-01417-000,106,0.1394,2062,14793,2062.0,14793.0
BraTS-GLI-01417-000,107,0.1399,2031,14517,2031.0,14517.0
BraTS-GLI-01417-000,108,0.14,1992,14229,1992.0,14229.0
BraTS-GLI-01417-000,109,0.1385,1929,13929,1929.0,13929.0
BraTS-GLI-01417-000,110,0.132,1799,13628,1799.0,13628.0
BraTS-GLI-01417-000,111,0.1235,1645,13322,1645.0,13322.0
BraTS-GLI-01417-000,112,0.119,1553,13047,1553.0,13047.0
BraTS-GLI-01417-000,113,0.1118,1418,12680,1418.0,12680.0
BraTS-GLI-01417-000,114,0.1062,1317,12403,1317.0,12403.0
BraTS-GLI-01417-000,115,0.0961,1157,12039,1157.0,12039.0
BraTS-GLI-01305-000,64,0.0014,22,15280,22.0,15280.0
BraTS-GLI-01305-000,65,0.0024,37,15371,37.0,15371.0
BraTS-GLI-01305-000,66,0.0032,50,15462,50.0,15462.0
BraTS-GLI-01305-000,67,0.0049,76,15555,76.0,15555.0
BraTS-GLI-01305-000,68,0.0075,117,15694,117.0,15694.0
BraTS-GLI-01305-000,69,0.0097,154,15820,154.0,15820.0
BraTS-GLI-01305-000,70,0.0163,260,15941,260.0,15941.0
BraTS-GLI-01305-000,71,0.0223,359,16064,359.0,16064.0
BraTS-GLI-01305-000,72,0.0275,445,16199,445.0,16199.0
BraTS-GLI-01305-000,73,0.0351,573,16330,573.0,16330.0
BraTS-GLI-01305-000,74,0.0425,698,16423,698.0,16423.0
BraTS-GLI-01305-000,75,0.049,808,16482,808.0,16482.0
BraTS-GLI-01305-000,76,0.0571,944,16545,944.0,16545.0
BraTS-GLI-01305-000,77,0.0657,1089,16568,1089.0,16568.0
BraTS-GLI-01305-000,78,0.0734,1219,16614,1219.0,16614.0
BraTS-GLI-01305-000,79,0.0803,1337,16649,1337.0,16649.0
BraTS-GLI-01305-000,80,0.0857,1428,16670,1428.0,16670.0
BraTS-GLI-01305-000,81,0.0898,1500,16697,1500.0,16697.0
BraTS-GLI-01305-000,82,0.095,1588,16716,1588.0,16716.0
BraTS-GLI-01305-000,83,0.1014,1694,16702,1694.0,16702.0
BraTS-GLI-01305-000,84,0.1083,1808,16701,1808.0,16701.0
BraTS-GLI-01305-000,85,0.1154,1924,16672,1924.0,16672.0
BraTS-GLI-01305-000,86,0.1211,2014,16629,2014.0,16629.0
BraTS-GLI-01305-000,87,0.1269,2105,16582,2105.0,16582.0
BraTS-GLI-01305-000,88,0.1322,2186,16535,2186.0,16535.0
BraTS-GLI-01305-000,89,0.1369,2254,16462,2254.0,16462.0
BraTS-GLI-01305-000,90,0.1419,2322,16359,2322.0,16359.0
BraTS-GLI-01305-000,91,0.1477,2395,16217,2395.0,16217.0
BraTS-GLI-01305-000,92,0.1523,2447,16063,2447.0,16063.0
BraTS-GLI-01305-000,93,0.1573,2507,15934,2507.0,15934.0
BraTS-GLI-01305-000,94,0.1613,2548,15797,2548.0,15797.0
BraTS-GLI-01305-000,95,0.1672,2616,15642,2616.0,15642.0
BraTS-GLI-01305-000,96,0.1742,2698,15491,2698.0,15491.0
BraTS-GLI-01305-000,97,0.1785,2735,15322,2735.0,15322.0
BraTS-GLI-01305-000,98,0.1821,2760,15157,2760.0,15157.0
BraTS-GLI-01305-000,99,0.1839,2750,14956,2750.0,14956.0
BraTS-GLI-01305-000,100,0.1856,2740,14764,2740.0,14764.0
BraTS-GLI-01305-000,101,0.186,2711,14577,2711.0,14577.0
BraTS-GLI-01305-000,102,0.1857,2665,14348,2665.0,14348.0
BraTS-GLI-01305-000,103,0.1866,2632,14106,2632.0,14106.0
BraTS-GLI-01305-000,104,0.1853,2568,13860,2568.0,13860.0
BraTS-GLI-01305-000,105,0.1825,2482,13603,2482.0,13603.0
BraTS-GLI-01305-000,106,0.1791,2388,13332,2388.0,13332.0
BraTS-GLI-01305-000,107,0.1732,2263,13066,2263.0,13066.0
BraTS-GLI-01305-000,108,0.168,2150,12796,2150.0,12796.0
BraTS-GLI-01305-000,109,0.1639,2048,12492,2048.0,12492.0
BraTS-GLI-01305-000,110,0.1574,1920,12195,1920.0,12195.0
BraTS-GLI-01305-000,111,0.1502,1785,11885,1785.0,11885.0
BraTS-GLI-01305-000,112,0.1375,1589,11554,1589.0,11554.0
BraTS-GLI-01305-000,113,0.1302,1462,11230,1462.0,11230.0
BraTS-GLI-01305-000,114,0.1262,1377,10915,1377.0,10915.0
BraTS-GLI-01305-000,115,0.122,1291,10582,1291.0,10582.0
BraTS-GLI-00494-001,54,0.0002,2,13119,2.0,13119.0
BraTS-GLI-00494-001,55,0.0049,64,13142,64.0,13142.0
BraTS-GLI-00494-001,56,0.0149,197,13200,197.0,13200.0
BraTS-GLI-00494-001,57,0.0325,431,13269,431.0,13269.0
BraTS-GLI-00494-001,58,0.0527,699,13253,699.0,13253.0
BraTS-GLI-00494-001,59,0.0685,903,13190,903.0,13190.0
BraTS-GLI-00494-001,60,0.0814,1070,13140,1070.0,13140.0
BraTS-GLI-00494-001,61,0.097,1272,13117,1272.0,13117.0
BraTS-GLI-00494-001,62,0.1175,1550,13186,1550.0,13186.0
BraTS-GLI-00494-001,63,0.1341,1779,13268,1779.0,13268.0
BraTS-GLI-00494-001,64,0.1469,1975,13449,1975.0,13449.0
BraTS-GLI-00494-001,65,0.1568,2104,13416,2104.0,13416.0
BraTS-GLI-00494-001,66,0.1655,2217,13396,2217.0,13396.0
BraTS-GLI-00494-001,67,0.1725,2314,13414,2314.0,13414.0
BraTS-GLI-00494-001,68,0.1778,2397,13484,2397.0,13484.0
BraTS-GLI-00494-001,69,0.1838,2480,13496,2480.0,13496.0
BraTS-GLI-00494-001,70,0.1876,2543,13555,2543.0,13555.0
BraTS-GLI-00494-001,71,0.1913,2590,13538,2590.0,13538.0
BraTS-GLI-00494-001,72,0.1941,2640,13598,2640.0,13598.0
BraTS-GLI-00494-001,73,0.1961,2684,13687,2684.0,13687.0
BraTS-GLI-00494-001,74,0.1993,2736,13725,2736.0,13725.0
BraTS-GLI-00494-001,75,0.2022,2783,13763,2783.0,13763.0
BraTS-GLI-00494-001,76,0.2048,2821,13777,2821.0,13777.0
BraTS-GLI-00494-001,77,0.2076,2864,13794,2864.0,13794.0
BraTS-GLI-00494-001,78,0.21,2908,13849,2908.0,13849.0
BraTS-GLI-00494-001,79,0.1895,2640,13930,2640.0,13930.0
BraTS-GLI-00494-001,80,0.1855,2599,14009,2599.0,14009.0
BraTS-GLI-00494-001,81,0.1894,2657,14029,2657.0,14029.0
BraTS-GLI-00494-001,82,0.1997,2805,14048,2805.0,14048.0
BraTS-GLI-00494-001,83,0.2044,2875,14063,2875.0,14063.0
BraTS-GLI-00494-001,84,0.2052,2889,14080,2889.0,14080.0
BraTS-GLI-00494-001,85,0.2017,2854,14151,2854.0,14151.0
BraTS-GLI-00494-001,86,0.2011,2848,14161,2848.0,14161.0
BraTS-GLI-00494-001,87,0.198,2802,14152,2802.0,14152.0
BraTS-GLI-00494-001,88,0.1935,2737,14147,2737.0,14147.0
BraTS-GLI-00494-001,89,0.1884,2665,14149,2665.0,14149.0
BraTS-GLI-00494-001,90,0.1915,2692,14061,2692.0,14061.0
BraTS-GLI-00494-001,91,0.1869,2628,14062,2628.0,14062.0
BraTS-GLI-00494-001,92,0.186,2613,14046,2613.0,14046.0
BraTS-GLI-00494-001,93,0.1884,2623,13924,2623.0,13924.0
BraTS-GLI-00494-001,94,0.187,2585,13820,2585.0,13820.0
BraTS-GLI-00494-001,95,0.1804,2461,13642,2461.0,13642.0
BraTS-GLI-00494-001,96,0.1821,2426,13319,2426.0,13319.0
BraTS-GLI-00494-001,97,0.1839,2452,13336,2452.0,13336.0
BraTS-GLI-00494-001,98,0.1797,2383,13258,2383.0,13258.0
BraTS-GLI-00494-001,99,0.1728,2283,13215,2283.0,13215.0
BraTS-GLI-00494-001,100,0.1637,2130,13009,2130.0,13009.0
BraTS-GLI-00494-001,101,0.1616,2054,12714,2054.0,12714.0
BraTS-GLI-00494-001,102,0.1536,1904,12398,1904.0,12398.0
BraTS-GLI-00494-001,103,0.15,1846,12306,1846.0,12306.0
BraTS-GLI-00494-001,104,0.1461,1784,12213,1784.0,12213.0
BraTS-GLI-00494-001,105,0.1362,1615,11859,1615.0,11859.0
BraTS-GLI-00494-001,106,0.1221,1421,11639,1421.0,11639.0
BraTS-GLI-00494-001,107,0.1053,1171,11116,1171.0,11116.0
BraTS-GLI-00494-001,108,0.0884,969,10962,969.0,10962.0
BraTS-GLI-00494-001,109,0.0728,788,10829,788.0,10829.0
BraTS-GLI-00494-001,110,0.0543,561,10326,561.0,10326.0
BraTS-GLI-00494-001,111,0.0343,346,10080,346.0,10080.0
BraTS-GLI-00494-001,112,0.0174,167,9579,167.0,9579.0
BraTS-GLI-00494-001,113,0.0047,45,9525,45.0,9525.0
BraTS-GLI-00494-001,114,0.0008,8,9486,8.0,9486.0
BraTS-GLI-00494-001,115,0.0003,3,9107,3.0,9107.0
BraTS-GLI-00772-001,43,0.002,24,12265,24.0,12265.0
BraTS-GLI-00772-001,44,0.0084,105,12574,105.0,12574.0
BraTS-GLI-00772-001,45,0.016,206,12896,206.0,12896.0
BraTS-GLI-00772-001,46,0.0206,277,13464,277.0,13464.0
BraTS-GLI-00772-001,47,0.0284,395,13896,395.0,13896.0
BraTS-GLI-00772-001,48,0.0359,509,14190,509.0,14190.0
BraTS-GLI-00772-001,49,0.0431,619,14371,619.0,14371.0
BraTS-GLI-00772-001,50,0.0549,797,14528,797.0,14528.0
BraTS-GLI-00772-001,51,0.0589,867,14710,867.0,14710.0
BraTS-GLI-00772-001,52,0.0611,909,14887,909.0,14887.0
BraTS-GLI-00772-001,53,0.0618,930,15054,930.0,15054.0
BraTS-GLI-00772-001,54,0.0628,955,15202,955.0,15202.0
BraTS-GLI-00772-001,55,0.0639,984,15404,984.0,15404.0
BraTS-GLI-00772-001,56,0.0645,1008,15616,1008.0,15616.0
BraTS-GLI-00772-001,57,0.0653,1032,15795,1032.0,15795.0
BraTS-GLI-00772-001,58,0.0641,1028,16042,1028.0,16042.0
BraTS-GLI-00772-001,59,0.0641,1041,16249,1041.0,16249.0
BraTS-GLI-00772-001,60,0.0656,1076,16410,1076.0,16410.0
BraTS-GLI-00772-001,61,0.0673,1120,16646,1120.0,16646.0
BraTS-GLI-00772-001,62,0.0682,1147,16827,1147.0,16827.0
BraTS-GLI-00772-001,63,0.0681,1157,16987,1157.0,16987.0
BraTS-GLI-00772-001,64,0.0673,1152,17122,1152.0,17122.0
BraTS-GLI-00772-001,65,0.0669,1147,17155,1147.0,17155.0
BraTS-GLI-00772-001,66,0.0654,1126,17216,1126.0,17216.0
BraTS-GLI-00772-001,67,0.0638,1101,17244,1101.0,17244.0
BraTS-GLI-00772-001,68,0.0627,1083,17265,1083.0,17265.0
BraTS-GLI-00772-001,69,0.0611,1055,17279,1055.0,17279.0
BraTS-GLI-00772-001,70,0.0584,1010,17296,1010.0,17296.0
BraTS-GLI-00772-001,71,0.0558,966,17311,966.0,17311.0
BraTS-GLI-00772-001,72,0.0529,915,17292,915.0,17292.0
BraTS-GLI-00772-001,73,0.0475,821,17287,821.0,17287.0
BraTS-GLI-00772-001,74,0.0409,706,17278,706.0,17278.0
BraTS-GLI-00772-001,75,0.0343,591,17245,591.0,17245.0
BraTS-GLI-00772-001,76,0.0281,483,17212,483.0,17212.0
BraTS-GLI-00772-001,77,0.0232,399,17176,399.0,17176.0
BraTS-GLI-00772-001,78,0.0166,284,17116,284.0,17116.0
BraTS-GLI-00772-001,79,0.0074,127,17067,127.0,17067.0
BraTS-GLI-00772-001,80,0.0002,4,17013,4.0,17013.0
BraTS-GLI-01175-000,48,0.0008,9,10764,9.0,10764.0
BraTS-GLI-01175-000,49,0.0062,68,10894,68.0,10894.0
BraTS-GLI-01175-000,50,0.0106,117,11064,117.0,11064.0
BraTS-GLI-01175-000,51,0.0166,186,11210,186.0,11210.0
BraTS-GLI-01175-000,52,0.0207,235,11364,235.0,11364.0
BraTS-GLI-01175-000,53,0.0316,366,11567,366.0,11567.0
BraTS-GLI-01175-000,54,0.0457,538,11784,538.0,11784.0
BraTS-GLI-01175-000,55,0.0577,706,12241,706.0,12241.0
BraTS-GLI-01175-000,56,0.0744,922,12395,922.0,12395.0
BraTS-GLI-01175-000,57,0.0842,1070,12712,1070.0,12712.0
BraTS-GLI-01175-000,58,0.095,1243,13086,1243.0,13086.0
BraTS-GLI-01175-000,59,0.1178,1568,13316,1568.0,13316.0
BraTS-GLI-01175-000,60,0.1304,1754,13453,1754.0,13453.0
BraTS-GLI-01175-000,61,0.1375,1868,13581,1868.0,13581.0
BraTS-GLI-01175-000,62,0.1432,1966,13731,1966.0,13731.0
BraTS-GLI-01175-000,63,0.1458,2029,13916,2029.0,13916.0
BraTS-GLI-01175-000,64,0.1472,2082,14141,2082.0,14141.0
BraTS-GLI-01175-000,65,0.1466,2108,14376,2108.0,14376.0
BraTS-GLI-01175-000,66,0.1468,2132,14520,2132.0,14520.0
BraTS-GLI-01175-000,67,0.1484,2182,14705,2182.0,14705.0
BraTS-GLI-01175-000,68,0.151,2249,14893,2249.0,14893.0
BraTS-GLI-01175-000,69,0.1524,2298,15078,2298.0,15078.0
BraTS-GLI-01175-000,70,0.1548,2357,15225,2357.0,15225.0
BraTS-GLI-01175-000,71,0.1563,2395,15320,2395.0,15320.0
BraTS-GLI-01175-000,72,0.1566,2416,15423,2416.0,15423.0
BraTS-GLI-01175-000,73,0.1584,2454,15490,2454.0,15490.0
BraTS-GLI-01175-000,74,0.161,2505,15556,2505.0,15556.0
BraTS-GLI-01175-000,75,0.1637,2552,15592,2552.0,15592.0
BraTS-GLI-01175-000,76,0.1667,2600,15601,2600.0,15601.0
BraTS-GLI-01175-000,77,0.169,2637,15605,2637.0,15605.0
BraTS-GLI-01175-000,78,0.1736,2709,15603,2709.0,15603.0
BraTS-GLI-01175-000,79,0.1821,2837,15582,2837.0,15582.0
BraTS-GLI-01175-000,80,0.192,2990,15570,2990.0,15570.0
BraTS-GLI-01175-000,81,0.2003,3114,15548,3114.0,15548.0
BraTS-GLI-01175-000,82,0.2134,3312,15522,3312.0,15522.0
BraTS-GLI-01175-000,83,0.2201,3411,15499,3411.0,15499.0
BraTS-GLI-01175-000,84,0.2255,3491,15483,3491.0,15483.0
BraTS-GLI-01175-000,85,0.2288,3530,15430,3530.0,15430.0
BraTS-GLI-01175-000,86,0.2335,3592,15384,3592.0,15384.0
BraTS-GLI-01175-000,87,0.2369,3636,15346,3636.0,15346.0
BraTS-GLI-01175-000,88,0.2321,3553,15308,3553.0,15308.0
BraTS-GLI-01175-000,89,0.2289,3496,15274,3496.0,15274.0
BraTS-GLI-01175-000,90,0.2274,3463,15227,3463.0,15227.0
BraTS-GLI-01175-000,91,0.2243,3402,15167,3402.0,15167.0
BraTS-GLI-01175-000,92,0.2293,3457,15077,3457.0,15077.0
BraTS-GLI-01175-000,93,0.2309,3463,15000,3463.0,15000.0
BraTS-GLI-01175-000,94,0.232,3462,14923,3462.0,14923.0
BraTS-GLI-01175-000,95,0.2345,3476,14824,3476.0,14824.0
BraTS-GLI-01175-000,96,0.2356,3466,14710,3466.0,14710.0
BraTS-GLI-01175-000,97,0.2363,3455,14621,3455.0,14621.0
BraTS-GLI-01175-000,98,0.239,3468,14511,3468.0,14511.0
BraTS-GLI-01175-000,99,0.2413,3473,14395,3473.0,14395.0
BraTS-GLI-01175-000,100,0.2422,3444,14220,3444.0,14220.0
BraTS-GLI-01175-000,101,0.2427,3398,14003,3398.0,14003.0
BraTS-GLI-01175-000,102,0.2393,3311,13839,3311.0,13839.0
BraTS-GLI-01175-000,103,0.2326,3184,13691,3184.0,13691.0
BraTS-GLI-01175-000,104,0.2273,3075,13531,3075.0,13531.0
BraTS-GLI-01175-000,105,0.225,3009,13371,3009.0,13371.0
BraTS-GLI-01175-000,106,0.224,2947,13155,2947.0,13155.0
BraTS-GLI-01175-000,107,0.2233,2894,12959,2894.0,12959.0
BraTS-GLI-01175-000,108,0.222,2832,12754,2832.0,12754.0
BraTS-GLI-01175-000,109,0.2183,2731,12511,2731.0,12511.0
BraTS-GLI-01175-000,110,0.2141,2629,12279,2629.0,12279.0
BraTS-GLI-01175-000,111,0.2099,2533,12068,2533.0,12068.0
BraTS-GLI-01175-000,112,0.2084,2447,11740,2447.0,11740.0
BraTS-GLI-01175-000,113,0.2035,2344,11518,2344.0,11518.0
BraTS-GLI-01175-000,114,0.198,2237,11296,2237.0,11296.0
BraTS-GLI-01175-000,115,0.1894,2085,11011,2085.0,11011.0
BraTS-GLI-01062-000,64,0.0039,57,14665,57.0,14665.0
BraTS-GLI-01062-000,65,0.0066,97,14808,97.0,14808.0
BraTS-GLI-01062-000,66,0.007,105,14975,105.0,14975.0
BraTS-GLI-01062-000,67,0.0082,124,15155,124.0,15155.0
BraTS-GLI-01062-000,68,0.009,138,15273,138.0,15273.0
BraTS-GLI-01062-000,69,0.0089,137,15370,137.0,15370.0
BraTS-GLI-01062-000,70,0.0091,141,15469,141.0,15469.0
BraTS-GLI-01062-000,71,0.0136,212,15564,212.0,15564.0
BraTS-GLI-01062-000,72,0.0252,395,15683,395.0,15683.0
BraTS-GLI-01062-000,73,0.0404,639,15813,639.0,15813.0
BraTS-GLI-01062-000,74,0.0532,848,15953,848.0,15953.0
BraTS-GLI-01062-000,75,0.0597,961,16088,961.0,16088.0
BraTS-GLI-01062-000,76,0.0721,1169,16217,1169.0,16217.0
BraTS-GLI-01062-000,77,0.0862,1407,16317,1407.0,16317.0
BraTS-GLI-01062-000,78,0.0972,1592,16381,1592.0,16381.0
BraTS-GLI-01062-000,79,0.1112,1826,16419,1826.0,16419.0
BraTS-GLI-01062-000,80,0.1284,2112,16446,2112.0,16446.0
BraTS-GLI-01062-000,81,0.1409,2319,16459,2319.0,16459.0
BraTS-GLI-01062-000,82,0.1527,2511,16442,2511.0,16442.0
BraTS-GLI-01062-000,83,0.1641,2695,16421,2695.0,16421.0
BraTS-GLI-01062-000,84,0.1756,2877,16388,2877.0,16388.0
BraTS-GLI-01062-000,85,0.1838,3007,16363,3007.0,16363.0
BraTS-GLI-01062-000,86,0.1929,3146,16312,3146.0,16312.0
BraTS-GLI-01062-000,87,0.1992,3235,16238,3235.0,16238.0
BraTS-GLI-01062-000,88,0.2032,3287,16178,3287.0,16178.0
BraTS-GLI-01062-000,89,0.2121,3411,16084,3411.0,16084.0
BraTS-GLI-01062-000,90,0.2164,3468,16024,3468.0,16024.0
BraTS-GLI-01062-000,91,0.2208,3516,15924,3516.0,15924.0
BraTS-GLI-01062-000,92,0.2245,3550,15813,3550.0,15813.0
BraTS-GLI-01062-000,93,0.2284,3587,15708,3587.0,15708.0
BraTS-GLI-01062-000,94,0.2307,3597,15595,3597.0,15595.0
BraTS-GLI-01062-000,95,0.2303,3567,15489,3567.0,15489.0
BraTS-GLI-01062-000,96,0.2311,3551,15366,3551.0,15366.0
BraTS-GLI-01062-000,97,0.2316,3534,15261,3534.0,15261.0
BraTS-GLI-01062-000,98,0.2362,3570,15115,3570.0,15115.0
BraTS-GLI-01062-000,99,0.2435,3645,14970,3645.0,14970.0
BraTS-GLI-01062-000,100,0.2497,3693,14792,3693.0,14792.0
BraTS-GLI-01062-000,101,0.2513,3675,14626,3675.0,14626.0
BraTS-GLI-01062-000,102,0.2508,3626,14459,3626.0,14459.0
BraTS-GLI-01062-000,103,0.2493,3556,14262,3556.0,14262.0
BraTS-GLI-01062-000,104,0.2447,3444,14072,3444.0,14072.0
BraTS-GLI-01062-000,105,0.2389,3308,13848,3308.0,13848.0
BraTS-GLI-01062-000,106,0.2322,3156,13591,3156.0,13591.0
BraTS-GLI-01062-000,107,0.2302,3071,13338,3071.0,13338.0
BraTS-GLI-01062-000,108,0.2271,2968,13070,2968.0,13070.0
BraTS-GLI-01062-000,109,0.2248,2878,12802,2878.0,12802.0
BraTS-GLI-01062-000,110,0.2187,2736,12509,2736.0,12509.0
BraTS-GLI-01062-000,111,0.2118,2592,12237,2592.0,12237.0
BraTS-GLI-01062-000,112,0.2089,2499,11960,2499.0,11960.0
BraTS-GLI-01062-000,113,0.2005,2341,11677,2341.0,11677.0
BraTS-GLI-01062-000,114,0.1958,2232,11402,2232.0,11402.0
BraTS-GLI-01062-000,115,0.1857,2064,11113,2064.0,11113.0
BraTS-GLI-01060-000,42,0.0028,28,9905,28.0,9905.0
BraTS-GLI-01060-000,43,0.0077,80,10442,80.0,10442.0
BraTS-GLI-01060-000,44,0.0126,135,10739,135.0,10739.0
BraTS-GLI-01060-000,45,0.0216,238,11001,238.0,11001.0
BraTS-GLI-01060-000,46,0.0293,329,11231,329.0,11231.0
BraTS-GLI-01060-000,47,0.0346,395,11420,395.0,11420.0
BraTS-GLI-01060-000,48,0.0404,469,11599,469.0,11599.0
BraTS-GLI-01060-000,49,0.0477,560,11747,560.0,11747.0
BraTS-GLI-01060-000,50,0.0562,668,11885,668.0,11885.0
BraTS-GLI-01060-000,51,0.068,816,11994,816.0,11994.0
BraTS-GLI-01060-000,52,0.08,967,12095,967.0,12095.0
BraTS-GLI-01060-000,53,0.0917,1119,12207,1119.0,12207.0
BraTS-GLI-01060-000,54,0.106,1305,12315,1305.0,12315.0
BraTS-GLI-01060-000,55,0.1144,1421,12418,1421.0,12418.0
BraTS-GLI-01060-000,56,0.1227,1544,12584,1544.0,12584.0
BraTS-GLI-01060-000,57,0.1261,1629,12921,1629.0,12921.0
BraTS-GLI-01060-000,58,0.1291,1746,13527,1746.0,13527.0
BraTS-GLI-01060-000,59,0.1321,1824,13807,1824.0,13807.0
BraTS-GLI-01060-000,60,0.1362,1910,14022,1910.0,14022.0
BraTS-GLI-01060-000,61,0.1431,2029,14177,2029.0,14177.0
BraTS-GLI-01060-000,62,0.1476,2119,14352,2119.0,14352.0
BraTS-GLI-01060-000,63,0.1542,2240,14522,2240.0,14522.0
BraTS-GLI-01060-000,64,0.1636,2398,14661,2398.0,14661.0
BraTS-GLI-01060-000,65,0.1692,2503,14792,2503.0,14792.0
BraTS-GLI-01060-000,66,0.1736,2592,14929,2592.0,14929.0
BraTS-GLI-01060-000,67,0.1765,2661,15077,2661.0,15077.0
BraTS-GLI-01060-000,68,0.1793,2734,15248,2734.0,15248.0
BraTS-GLI-01060-000,69,0.1843,2842,15424,2842.0,15424.0
BraTS-GLI-01060-000,70,0.1863,2905,15593,2905.0,15593.0
BraTS-GLI-01060-000,71,0.1861,2943,15816,2943.0,15816.0
BraTS-GLI-01060-000,72,0.1853,2962,15983,2962.0,15983.0
BraTS-GLI-01060-000,73,0.1836,2960,16120,2960.0,16120.0
BraTS-GLI-01060-000,74,0.1829,2968,16228,2968.0,16228.0
BraTS-GLI-01060-000,75,0.1795,2926,16301,2926.0,16301.0
BraTS-GLI-01060-000,76,0.1769,2890,16340,2890.0,16340.0
BraTS-GLI-01060-000,77,0.1709,2799,16377,2799.0,16377.0
BraTS-GLI-01060-000,78,0.1658,2719,16402,2719.0,16402.0
BraTS-GLI-01060-000,79,0.1611,2646,16429,2646.0,16429.0
BraTS-GLI-01060-000,80,0.1567,2573,16415,2573.0,16415.0
BraTS-GLI-01060-000,81,0.1531,2511,16398,2511.0,16398.0
BraTS-GLI-01060-000,82,0.1479,2422,16372,2422.0,16372.0
BraTS-GLI-01060-000,83,0.1439,2353,16350,2353.0,16350.0
BraTS-GLI-01060-000,84,0.1396,2274,16295,2274.0,16295.0
BraTS-GLI-01060-000,85,0.1367,2222,16252,2222.0,16252.0
BraTS-GLI-01060-000,86,0.1343,2176,16205,2176.0,16205.0
BraTS-GLI-01060-000,87,0.1297,2095,16154,2095.0,16154.0
BraTS-GLI-01060-000,88,0.1271,2043,16076,2043.0,16076.0
BraTS-GLI-01060-000,89,0.1222,1956,16006,1956.0,16006.0
BraTS-GLI-01060-000,90,0.1173,1866,15911,1866.0,15911.0
BraTS-GLI-01060-000,91,0.1108,1751,15797,1751.0,15797.0
BraTS-GLI-01060-000,92,0.1002,1572,15689,1572.0,15689.0
BraTS-GLI-01060-000,93,0.0907,1411,15560,1411.0,15560.0
BraTS-GLI-01060-000,94,0.0825,1271,15398,1271.0,15398.0
BraTS-GLI-01060-000,95,0.0747,1140,15265,1140.0,15265.0
BraTS-GLI-01060-000,96,0.0636,962,15122,962.0,15122.0
BraTS-GLI-01060-000,97,0.0531,795,14973,795.0,14973.0
BraTS-GLI-01060-000,98,0.0422,625,14816,625.0,14816.0
BraTS-GLI-01060-000,99,0.033,484,14651,484.0,14651.0
BraTS-GLI-01060-000,100,0.0296,428,14466,428.0,14466.0
BraTS-GLI-01060-000,101,0.0245,350,14267,350.0,14267.0
BraTS-GLI-01060-000,102,0.0195,273,14029,273.0,14029.0
BraTS-GLI-01060-000,103,0.0122,168,13782,168.0,13782.0
BraTS-GLI-01060-000,104,0.0027,37,13547,37.0,13547.0
BraTS-GLI-01233-000,55,0.0009,14,16079,14.0,16079.0
BraTS-GLI-01233-000,56,0.0015,25,16209,25.0,16209.0
BraTS-GLI-01233-000,57,0.0031,50,16353,50.0,16353.0
BraTS-GLI-01233-000,58,0.0065,107,16534,107.0,16534.0
BraTS-GLI-01233-000,59,0.0114,190,16648,190.0,16648.0
BraTS-GLI-01233-000,60,0.0149,250,16829,250.0,16829.0
BraTS-GLI-01233-000,61,0.0185,315,16984,315.0,16984.0
BraTS-GLI-01233-000,62,0.0222,380,17113,380.0,17113.0
BraTS-GLI-01233-000,63,0.0248,427,17233,427.0,17233.0
BraTS-GLI-01233-000,64,0.025,435,17392,435.0,17392.0
BraTS-GLI-01233-000,65,0.0264,464,17552,464.0,17552.0
BraTS-GLI-01233-000,66,0.0284,502,17678,502.0,17678.0
BraTS-GLI-01233-000,67,0.0298,530,17790,530.0,17790.0
BraTS-GLI-01233-000,68,0.0297,531,17866,531.0,17866.0
BraTS-GLI-01233-000,69,0.0302,541,17942,541.0,17942.0
BraTS-GLI-01233-000,70,0.0309,557,18016,557.0,18016.0
BraTS-GLI-01233-000,71,0.0311,562,18056,562.0,18056.0
BraTS-GLI-01233-000,72,0.032,579,18089,579.0,18089.0
BraTS-GLI-01233-000,73,0.0335,605,18068,605.0,18068.0
BraTS-GLI-01233-000,74,0.0382,689,18048,689.0,18048.0
BraTS-GLI-01233-000,75,0.0403,728,18044,728.0,18044.0
BraTS-GLI-01233-000,76,0.048,864,18014,864.0,18014.0
BraTS-GLI-01233-000,77,0.0572,1029,17980,1029.0,17980.0
BraTS-GLI-01233-000,78,0.0657,1179,17956,1179.0,17956.0
BraTS-GLI-01233-000,79,0.0689,1235,17919,1235.0,17919.0
BraTS-GLI-01233-000,80,0.0742,1327,17875,1327.0,17875.0
BraTS-GLI-01233-000,81,0.0756,1349,17853,1349.0,17853.0
BraTS-GLI-01233-000,82,0.0823,1463,17786,1463.0,17786.0
BraTS-GLI-01233-000,83,0.0861,1526,17721,1526.0,17721.0
BraTS-GLI-01233-000,84,0.0912,1608,17634,1608.0,17634.0
BraTS-GLI-01233-000,85,0.0948,1664,17550,1664.0,17550.0
BraTS-GLI-01233-000,86,0.0998,1742,17463,1742.0,17463.0
BraTS-GLI-01233-000,87,0.1027,1784,17377,1784.0,17377.0
BraTS-GLI-01233-000,88,0.1049,1811,17260,1811.0,17260.0
BraTS-GLI-01233-000,89,0.1068,1829,17122,1829.0,17122.0
BraTS-GLI-01233-000,90,0.1068,1812,16970,1812.0,16970.0
BraTS-GLI-01233-000,91,0.1074,1807,16821,1807.0,16821.0
BraTS-GLI-01233-000,92,0.1084,1805,16657,1805.0,16657.0
BraTS-GLI-01233-000,93,0.1069,1760,16471,1760.0,16471.0
BraTS-GLI-01233-000,94,0.1068,1742,16304,1742.0,16304.0
BraTS-GLI-01233-000,95,0.1108,1788,16137,1788.0,16137.0
BraTS-GLI-01233-000,96,0.1164,1857,15960,1857.0,15960.0
BraTS-GLI-01233-000,97,0.1195,1883,15763,1883.0,15763.0
BraTS-GLI-01233-000,98,0.1225,1906,15562,1906.0,15562.0
BraTS-GLI-01233-000,99,0.124,1906,15369,1906.0,15369.0
BraTS-GLI-01233-000,100,0.1252,1896,15144,1896.0,15144.0
BraTS-GLI-01233-000,101,0.1268,1893,14933,1893.0,14933.0
BraTS-GLI-01233-000,102,0.1278,1880,14711,1880.0,14711.0
BraTS-GLI-01233-000,103,0.1286,1863,14484,1863.0,14484.0
BraTS-GLI-01233-000,104,0.1301,1851,14226,1851.0,14226.0
BraTS-GLI-01233-000,105,0.1288,1800,13975,1800.0,13975.0
BraTS-GLI-01233-000,106,0.1309,1794,13710,1794.0,13710.0
BraTS-GLI-01233-000,107,0.1347,1810,13441,1810.0,13441.0
BraTS-GLI-01233-000,108,0.1362,1794,13169,1794.0,13169.0
BraTS-GLI-01233-000,109,0.1355,1745,12875,1745.0,12875.0
BraTS-GLI-01233-000,110,0.1384,1745,12612,1745.0,12612.0
BraTS-GLI-01233-000,111,0.1366,1682,12316,1682.0,12316.0
BraTS-GLI-01233-000,112,0.14,1677,11977,1677.0,11977.0
BraTS-GLI-01233-000,113,0.1355,1580,11657,1580.0,11657.0
BraTS-GLI-01233-000,114,0.1379,1563,11338,1563.0,11338.0
BraTS-GLI-01233-000,115,0.1368,1507,11016,1507.0,11016.0
BraTS-GLI-00619-000,40,0.0544,512,9418,512.0,9418.0
BraTS-GLI-00619-000,41,0.0642,639,9958,639.0,9958.0
BraTS-GLI-00619-000,42,0.0805,830,10313,830.0,10313.0
BraTS-GLI-00619-000,43,0.0953,1011,10612,1011.0,10612.0
BraTS-GLI-00619-000,44,0.1121,1227,10946,1227.0,10946.0
BraTS-GLI-00619-000,45,0.1251,1405,11227,1405.0,11227.0
BraTS-GLI-00619-000,46,0.1373,1577,11483,1577.0,11483.0
BraTS-GLI-00619-000,47,0.1421,1662,11692,1662.0,11692.0
BraTS-GLI-00619-000,48,0.1455,1731,11899,1731.0,11899.0
BraTS-GLI-00619-000,49,0.1498,1804,12045,1804.0,12045.0
BraTS-GLI-00619-000,50,0.1531,1866,12188,1866.0,12188.0
BraTS-GLI-00619-000,51,0.1574,1939,12322,1939.0,12322.0
BraTS-GLI-00619-000,52,0.1615,2013,12463,2013.0,12463.0
BraTS-GLI-00619-000,53,0.1661,2098,12632,2098.0,12632.0
BraTS-GLI-00619-000,54,0.1715,2196,12803,2196.0,12803.0
BraTS-GLI-00619-000,55,0.1729,2254,13034,2254.0,13034.0
BraTS-GLI-00619-000,56,0.1706,2304,13506,2304.0,13506.0
BraTS-GLI-00619-000,57,0.1701,2377,13976,2377.0,13976.0
BraTS-GLI-00619-000,58,0.1663,2361,14200,2361.0,14200.0
BraTS-GLI-00619-000,59,0.1645,2373,14424,2373.0,14424.0
BraTS-GLI-00619-000,60,0.1611,2368,14695,2368.0,14695.0
BraTS-GLI-00619-000,61,0.1587,2376,14971,2376.0,14971.0
BraTS-GLI-00619-000,62,0.1566,2389,15258,2389.0,15258.0
BraTS-GLI-00619-000,63,0.1531,2377,15528,2377.0,15528.0
BraTS-GLI-00619-000,64,0.1539,2428,15780,2428.0,15780.0
BraTS-GLI-00619-000,65,0.1482,2373,16011,2373.0,16011.0
BraTS-GLI-00619-000,66,0.1453,2356,16215,2356.0,16215.0
BraTS-GLI-00619-000,67,0.1431,2352,16434,2352.0,16434.0
BraTS-GLI-00619-000,68,0.1398,2328,16656,2328.0,16656.0
BraTS-GLI-00619-000,69,0.1422,2398,16863,2398.0,16863.0
BraTS-GLI-00619-000,70,0.1418,2406,16962,2406.0,16962.0
BraTS-GLI-00619-000,71,0.1419,2416,17024,2416.0,17024.0
BraTS-GLI-00619-000,72,0.1407,2401,17063,2401.0,17063.0
BraTS-GLI-00619-000,73,0.1346,2304,17116,2304.0,17116.0
BraTS-GLI-00619-000,74,0.1289,2210,17145,2210.0,17145.0
BraTS-GLI-00619-000,75,0.1262,2166,17170,2166.0,17170.0
BraTS-GLI-00619-000,76,0.1248,2142,17159,2142.0,17159.0
BraTS-GLI-00619-000,77,0.1242,2131,17162,2131.0,17162.0
BraTS-GLI-00619-000,78,0.1233,2115,17157,2115.0,17157.0
BraTS-GLI-00619-000,79,0.1205,2068,17158,2068.0,17158.0
BraTS-GLI-00619-000,80,0.116,1988,17142,1988.0,17142.0
BraTS-GLI-00619-000,81,0.1075,1840,17120,1840.0,17120.0
BraTS-GLI-00619-000,82,0.0945,1618,17113,1618.0,17113.0
BraTS-GLI-00619-000,83,0.0878,1500,17082,1500.0,17082.0
BraTS-GLI-00619-000,84,0.0844,1439,17050,1439.0,17050.0
BraTS-GLI-00619-000,85,0.0819,1394,17017,1394.0,17017.0
BraTS-GLI-00619-000,86,0.0819,1390,16972,1390.0,16972.0
BraTS-GLI-00619-000,87,0.0813,1376,16928,1376.0,16928.0
BraTS-GLI-00619-000,88,0.0805,1357,16864,1357.0,16864.0
BraTS-GLI-00619-000,89,0.08,1345,16808,1345.0,16808.0
BraTS-GLI-00619-000,90,0.0809,1354,16747,1354.0,16747.0
BraTS-GLI-00619-000,91,0.082,1367,16676,1367.0,16676.0
BraTS-GLI-00619-000,92,0.0834,1382,16578,1382.0,16578.0
BraTS-GLI-00619-000,93,0.085,1401,16475,1401.0,16475.0
BraTS-GLI-00619-000,94,0.0873,1430,16376,1430.0,16376.0
BraTS-GLI-00619-000,95,0.0913,1485,16271,1485.0,16271.0
BraTS-GLI-00619-000,96,0.0986,1593,16158,1593.0,16158.0
BraTS-GLI-00619-000,97,0.1094,1752,16020,1752.0,16020.0
BraTS-GLI-00619-000,98,0.1128,1791,15880,1791.0,15880.0
BraTS-GLI-00619-000,99,0.1139,1792,15732,1792.0,15732.0
BraTS-GLI-00619-000,100,0.1208,1879,15559,1879.0,15559.0
BraTS-GLI-00619-000,101,0.128,1969,15383,1969.0,15383.0
BraTS-GLI-00619-000,102,0.1316,2000,15194,2000.0,15194.0
BraTS-GLI-00619-000,103,0.1293,1941,15010,1941.0,15010.0
BraTS-GLI-00619-000,104,0.1233,1824,14792,1824.0,14792.0
BraTS-GLI-00619-000,105,0.1171,1704,14557,1704.0,14557.0
BraTS-GLI-00619-000,106,0.1074,1541,14345,1541.0,14345.0
BraTS-GLI-00619-000,107,0.0952,1341,14084,1341.0,14084.0
BraTS-GLI-00619-000,108,0.0811,1122,13838,1122.0,13838.0
BraTS-GLI-00619-000,109,0.0622,844,13579,844.0,13579.0
BraTS-GLI-00619-000,110,0.0399,531,13316,531.0,13316.0
BraTS-GLI-00619-000,111,0.0169,221,13058,221.0,13058.0
BraTS-GLI-00619-000,112,0.0013,17,12781,17.0,12781.0
BraTS-GLI-00544-001,40,0.1166,1483,12714,1483.0,12714.0
BraTS-GLI-00544-001,41,0.1163,1492,12833,1492.0,12833.0
BraTS-GLI-00544-001,42,0.1161,1506,12970,1506.0,12970.0
BraTS-GLI-00544-001,43,0.1166,1524,13070,1524.0,13070.0
BraTS-GLI-00544-001,44,0.116,1528,13172,1528.0,13172.0
BraTS-GLI-00544-001,45,0.1137,1514,13313,1514.0,13313.0
BraTS-GLI-00544-001,46,0.1101,1485,13489,1485.0,13489.0
BraTS-GLI-00544-001,47,0.1065,1468,13778,1468.0,13778.0
BraTS-GLI-00544-001,48,0.1017,1441,14172,1441.0,14172.0
BraTS-GLI-00544-001,49,0.0996,1433,14393,1433.0,14393.0
BraTS-GLI-00544-001,50,0.0974,1418,14553,1418.0,14553.0
BraTS-GLI-00544-001,51,0.0941,1386,14723,1386.0,14723.0
BraTS-GLI-00544-001,52,0.0923,1370,14837,1370.0,14837.0
BraTS-GLI-00544-001,53,0.0878,1315,14976,1315.0,14976.0
BraTS-GLI-00544-001,54,0.084,1266,15075,1266.0,15075.0
BraTS-GLI-00544-001,55,0.0807,1227,15201,1227.0,15201.0
BraTS-GLI-00544-001,56,0.0765,1176,15369,1176.0,15369.0
BraTS-GLI-00544-001,57,0.0716,1113,15544,1113.0,15544.0
BraTS-GLI-00544-001,58,0.0658,1037,15755,1037.0,15755.0
BraTS-GLI-00544-001,59,0.0604,961,15899,961.0,15899.0
BraTS-GLI-00544-001,60,0.0532,853,16048,853.0,16048.0
BraTS-GLI-00544-001,61,0.0466,756,16208,756.0,16208.0
BraTS-GLI-00544-001,62,0.0413,673,16312,673.0,16312.0
BraTS-GLI-00544-001,63,0.0374,616,16463,616.0,16463.0
BraTS-GLI-00544-001,64,0.0354,589,16660,589.0,16660.0
BraTS-GLI-00544-001,65,0.0351,585,16668,585.0,16668.0
BraTS-GLI-00544-001,66,0.0345,580,16793,580.0,16793.0
BraTS-GLI-00544-001,67,0.0338,571,16871,571.0,16871.0
BraTS-GLI-00544-001,68,0.0338,573,16952,573.0,16952.0
BraTS-GLI-00544-001,69,0.0316,537,17001,537.0,17001.0
BraTS-GLI-00544-001,70,0.0276,471,17071,471.0,17071.0
BraTS-GLI-00544-001,71,0.0216,371,17143,371.0,17143.0
BraTS-GLI-00544-001,72,0.0172,296,17204,296.0,17204.0
BraTS-GLI-00544-001,73,0.0126,218,17257,218.0,17257.0
BraTS-GLI-00544-001,74,0.0051,88,17267,88.0,17267.0
BraTS-GLI-01360-000,41,0.0017,18,10508,18.0,10508.0
BraTS-GLI-01360-000,42,0.0029,31,10797,31.0,10797.0
BraTS-GLI-01360-000,43,0.0034,38,11058,38.0,11058.0
BraTS-GLI-01360-000,44,0.005,56,11253,56.0,11253.0
BraTS-GLI-01360-000,45,0.006,68,11427,68.0,11427.0
BraTS-GLI-01360-000,46,0.0061,71,11624,71.0,11624.0
BraTS-GLI-01360-000,47,0.0103,122,11801,122.0,11801.0
BraTS-GLI-01360-000,48,0.016,191,11956,191.0,11956.0
BraTS-GLI-01360-000,49,0.024,292,12188,292.0,12188.0
BraTS-GLI-01360-000,50,0.0366,465,12703,465.0,12703.0
BraTS-GLI-01360-000,51,0.0539,714,13257,714.0,13257.0
BraTS-GLI-01360-000,52,0.072,981,13616,981.0,13616.0
BraTS-GLI-01360-000,53,0.0884,1223,13838,1223.0,13838.0
BraTS-GLI-01360-000,54,0.1049,1468,13999,1468.0,13999.0
BraTS-GLI-01360-000,55,0.1234,1747,14157,1747.0,14157.0
BraTS-GLI-01360-000,56,0.139,1994,14343,1994.0,14343.0
BraTS-GLI-01360-000,57,0.1537,2230,14510,2230.0,14510.0
BraTS-GLI-01360-000,58,0.1687,2477,14683,2477.0,14683.0
BraTS-GLI-01360-000,59,0.1803,2682,14877,2682.0,14877.0
BraTS-GLI-01360-000,60,0.1892,2850,15064,2850.0,15064.0
BraTS-GLI-01360-000,61,0.1988,3038,15283,3038.0,15283.0
BraTS-GLI-01360-000,62,0.2078,3219,15490,3219.0,15490.0
BraTS-GLI-01360-000,63,0.2092,3274,15648,3274.0,15648.0
BraTS-GLI-01360-000,64,0.2079,3304,15891,3304.0,15891.0
BraTS-GLI-01360-000,65,0.209,3339,15979,3339.0,15979.0
BraTS-GLI-01360-000,66,0.2074,3339,16102,3339.0,16102.0
BraTS-GLI-01360-000,67,0.2082,3377,16219,3377.0,16219.0
BraTS-GLI-01360-000,68,0.2085,3401,16312,3401.0,16312.0
BraTS-GLI-01360-000,69,0.2077,3404,16392,3404.0,16392.0
BraTS-GLI-01360-000,70,0.2089,3440,16468,3440.0,16468.0
BraTS-GLI-01360-000,71,0.2088,3448,16513,3448.0,16513.0
BraTS-GLI-01360-000,72,0.2076,3434,16538,3434.0,16538.0
BraTS-GLI-01360-000,73,0.2031,3362,16557,3362.0,16557.0
BraTS-GLI-01360-000,74,0.2013,3331,16544,3331.0,16544.0
BraTS-GLI-01360-000,75,0.1994,3294,16522,3294.0,16522.0
BraTS-GLI-01360-000,76,0.2015,3326,16507,3326.0,16507.0
BraTS-GLI-01360-000,77,0.2015,3323,16490,3323.0,16490.0
BraTS-GLI-01360-000,78,0.2009,3301,16427,3301.0,16427.0
BraTS-GLI-01360-000,79,0.199,3258,16371,3258.0,16371.0
BraTS-GLI-01360-000,80,0.196,3198,16316,3198.0,16316.0
BraTS-GLI-01360-000,81,0.1898,3085,16256,3085.0,16256.0
BraTS-GLI-01360-000,82,0.1881,3045,16190,3045.0,16190.0
BraTS-GLI-01360-000,83,0.1861,2998,16111,2998.0,16111.0
BraTS-GLI-01360-000,84,0.1874,3002,16021,3002.0,16021.0
BraTS-GLI-01360-000,85,0.1904,3033,15927,3033.0,15927.0
BraTS-GLI-01360-000,86,0.1931,3055,15823,3055.0,15823.0
BraTS-GLI-01360-000,87,0.1974,3103,15720,3103.0,15720.0
BraTS-GLI-01360-000,88,0.1983,3090,15586,3090.0,15586.0
BraTS-GLI-01360-000,89,0.1983,3068,15473,3068.0,15473.0
BraTS-GLI-01360-000,90,0.1988,3049,15338,3049.0,15338.0
BraTS-GLI-01360-000,91,0.1947,2965,15231,2965.0,15231.0
BraTS-GLI-01360-000,92,0.1898,2867,15103,2867.0,15103.0
BraTS-GLI-01360-000,93,0.1843,2753,14941,2753.0,14941.0
BraTS-GLI-01360-000,94,0.1693,2504,14792,2504.0,14792.0
BraTS-GLI-01360-000,95,0.159,2329,14644,2329.0,14644.0
BraTS-GLI-01360-000,96,0.1545,2227,14411,2227.0,14411.0
BraTS-GLI-01360-000,97,0.1531,2186,14280,2186.0,14280.0
BraTS-GLI-01360-000,98,0.155,2183,14083,2183.0,14083.0
BraTS-GLI-01360-000,99,0.1552,2156,13888,2156.0,13888.0
BraTS-GLI-01360-000,100,0.1526,2086,13670,2086.0,13670.0
BraTS-GLI-01360-000,101,0.1462,1965,13436,1965.0,13436.0
BraTS-GLI-01360-000,102,0.1375,1811,13173,1811.0,13173.0
BraTS-GLI-01360-000,103,0.1273,1645,12925,1645.0,12925.0
BraTS-GLI-01360-000,104,0.1174,1487,12666,1487.0,12666.0
BraTS-GLI-01360-000,105,0.1095,1356,12384,1356.0,12384.0
BraTS-GLI-01360-000,106,0.0993,1204,12130,1204.0,12130.0
BraTS-GLI-01360-000,107,0.0871,1031,11836,1031.0,11836.0
BraTS-GLI-01360-000,108,0.0771,890,11542,890.0,11542.0
BraTS-GLI-01360-000,109,0.0692,777,11236,777.0,11236.0
BraTS-GLI-01360-000,110,0.0592,645,10889,645.0,10889.0
BraTS-GLI-01360-000,111,0.0442,466,10540,466.0,10540.0
BraTS-GLI-01360-000,112,0.0333,339,10186,339.0,10186.0
BraTS-GLI-01360-000,113,0.0242,239,9867,239.0,9867.0
BraTS-GLI-01360-000,114,0.0159,152,9552,152.0,9552.0
BraTS-GLI-01360-000,115,0.0117,108,9222,108.0,9222.0
BraTS-GLI-00320-000,40,0.0282,334,11862,334.0,11862.0
BraTS-GLI-00320-000,41,0.0349,420,12032,420.0,12032.0
BraTS-GLI-00320-000,42,0.0428,522,12199,522.0,12199.0
BraTS-GLI-00320-000,43,0.0485,599,12338,599.0,12338.0
BraTS-GLI-00320-000,44,0.0561,699,12462,699.0,12462.0
BraTS-GLI-00320-000,45,0.0671,846,12615,846.0,12615.0
BraTS-GLI-00320-000,46,0.0773,984,12729,984.0,12729.0
BraTS-GLI-00320-000,47,0.0858,1106,12885,1106.0,12885.0
BraTS-GLI-00320-000,48,0.0905,1201,13274,1201.0,13274.0
BraTS-GLI-00320-000,49,0.0947,1305,13775,1305.0,13775.0
BraTS-GLI-00320-000,50,0.1061,1494,14082,1494.0,14082.0
BraTS-GLI-00320-000,51,0.1139,1629,14307,1629.0,14307.0
BraTS-GLI-00320-000,52,0.1194,1731,14492,1731.0,14492.0
BraTS-GLI-00320-000,53,0.1234,1818,14732,1818.0,14732.0
BraTS-GLI-00320-000,54,0.1187,1777,14970,1777.0,14970.0
BraTS-GLI-00320-000,55,0.1094,1659,15171,1659.0,15171.0
BraTS-GLI-00320-000,56,0.099,1519,15343,1519.0,15343.0
BraTS-GLI-00320-000,57,0.088,1370,15565,1370.0,15565.0
BraTS-GLI-00320-000,58,0.0754,1189,15779,1189.0,15779.0
BraTS-GLI-00320-000,59,0.0653,1043,15984,1043.0,15984.0
BraTS-GLI-00320-000,60,0.0593,964,16265,964.0,16265.0
BraTS-GLI-00320-000,61,0.0544,896,16467,896.0,16467.0
BraTS-GLI-00320-000,62,0.054,898,16633,898.0,16633.0
BraTS-GLI-00320-000,63,0.0511,858,16798,858.0,16798.0
BraTS-GLI-00320-000,64,0.051,863,16911,863.0,16911.0
BraTS-GLI-00320-000,65,0.0513,872,16983,872.0,16983.0
BraTS-GLI-00320-000,66,0.0512,874,17056,874.0,17056.0
BraTS-GLI-00320-000,67,0.0522,892,17084,892.0,17084.0
BraTS-GLI-00320-000,68,0.0518,886,17107,886.0,17107.0
BraTS-GLI-00320-000,69,0.0494,844,17090,844.0,17090.0
BraTS-GLI-00320-000,70,0.0467,797,17078,797.0,17078.0
BraTS-GLI-00320-000,71,0.0432,738,17088,738.0,17088.0
BraTS-GLI-00320-000,72,0.0407,697,17112,697.0,17112.0
BraTS-GLI-00320-000,73,0.037,633,17118,633.0,17118.0
BraTS-GLI-00320-000,74,0.0336,574,17108,574.0,17108.0
BraTS-GLI-00320-000,75,0.0311,531,17085,531.0,17085.0
BraTS-GLI-00320-000,76,0.0275,469,17055,469.0,17055.0
BraTS-GLI-00320-000,77,0.0264,450,17029,450.0,17029.0
BraTS-GLI-00320-000,78,0.0232,395,17014,395.0,17014.0
BraTS-GLI-00320-000,79,0.019,323,16982,323.0,16982.0
BraTS-GLI-00320-000,80,0.0151,255,16903,255.0,16903.0
BraTS-GLI-00320-000,81,0.0087,147,16829,147.0,16829.0
BraTS-GLI-00320-000,82,0.0049,82,16758,82.0,16758.0
BraTS-GLI-00320-000,83,0.0026,43,16702,43.0,16702.0
BraTS-GLI-00320-000,84,0.001,17,16583,17.0,16583.0
BraTS-GLI-00109-000,60,0.0001,1,13253,1.0,13253.0
BraTS-GLI-00109-000,61,0.0002,3,13444,3.0,13444.0
BraTS-GLI-00109-000,62,0.0011,15,13592,15.0,13592.0
BraTS-GLI-00109-000,63,0.0029,40,13872,40.0,13872.0
BraTS-GLI-00109-000,64,0.0037,52,14005,52.0,14005.0
BraTS-GLI-00109-000,65,0.0066,93,14188,93.0,14188.0
BraTS-GLI-00109-000,66,0.0114,162,14263,162.0,14263.0
BraTS-GLI-00109-000,67,0.0267,386,14459,386.0,14459.0
BraTS-GLI-00109-000,68,0.0387,562,14534,562.0,14534.0
BraTS-GLI-00109-000,69,0.0525,771,14680,771.0,14680.0
BraTS-GLI-00109-000,70,0.0626,924,14772,924.0,14772.0
BraTS-GLI-00109-000,71,0.0736,1103,14979,1103.0,14979.0
BraTS-GLI-00109-000,72,0.0857,1293,15093,1293.0,15093.0
BraTS-GLI-00109-000,73,0.0982,1507,15349,1507.0,15349.0
BraTS-GLI-00109-000,74,0.1225,1892,15445,1892.0,15445.0
BraTS-GLI-00109-000,75,0.1333,2084,15634,2084.0,15634.0
BraTS-GLI-00109-000,76,0.1537,2416,15721,2416.0,15721.0
BraTS-GLI-00109-000,77,0.1587,2532,15956,2532.0,15956.0
BraTS-GLI-00109-000,78,0.1607,2578,16046,2578.0,16046.0
BraTS-GLI-00109-000,79,0.1758,2834,16121,2834.0,16121.0
BraTS-GLI-00109-000,80,0.1826,2953,16170,2953.0,16170.0
BraTS-GLI-00109-000,81,0.1876,3034,16177,3034.0,16177.0
BraTS-GLI-00109-000,82,0.1924,3112,16172,3112.0,16172.0
BraTS-GLI-00109-000,83,0.1992,3216,16141,3216.0,16141.0
BraTS-GLI-00109-000,84,0.2035,3279,16116,3279.0,16116.0
BraTS-GLI-00109-000,85,0.2082,3348,16081,3348.0,16081.0
BraTS-GLI-00109-000,86,0.2077,3332,16042,3332.0,16042.0
BraTS-GLI-00109-000,87,0.2088,3335,15972,3335.0,15972.0
BraTS-GLI-00109-000,88,0.2086,3318,15906,3318.0,15906.0
BraTS-GLI-00109-000,89,0.208,3288,15806,3288.0,15806.0
BraTS-GLI-00109-000,90,0.2078,3266,15719,3266.0,15719.0
BraTS-GLI-00109-000,91,0.208,3247,15610,3247.0,15610.0
BraTS-GLI-00109-000,92,0.2076,3224,15528,3224.0,15528.0
BraTS-GLI-00109-000,93,0.208,3208,15421,3208.0,15421.0
BraTS-GLI-00109-000,94,0.2075,3184,15341,3184.0,15341.0
BraTS-GLI-00109-000,95,0.2053,3137,15280,3137.0,15280.0
BraTS-GLI-00109-000,96,0.2048,3113,15200,3113.0,15200.0
BraTS-GLI-00109-000,97,0.2021,3051,15095,3051.0,15095.0
BraTS-GLI-00109-000,98,0.1987,2977,14981,2977.0,14981.0
BraTS-GLI-00109-000,99,0.1965,2913,14824,2913.0,14824.0
BraTS-GLI-00109-000,100,0.1943,2857,14706,2857.0,14706.0
BraTS-GLI-00109-000,101,0.193,2807,14541,2807.0,14541.0
BraTS-GLI-00109-000,102,0.1935,2786,14395,2786.0,14395.0
BraTS-GLI-00109-000,103,0.192,2724,14188,2724.0,14188.0
BraTS-GLI-00109-000,104,0.1882,2640,14027,2640.0,14027.0
BraTS-GLI-00109-000,105,0.1831,2532,13827,2532.0,13827.0
BraTS-GLI-00109-000,106,0.1744,2378,13636,2378.0,13636.0
BraTS-GLI-00109-000,107,0.1676,2256,13460,2256.0,13460.0
BraTS-GLI-00109-000,108,0.1637,2174,13284,2174.0,13284.0
BraTS-GLI-00109-000,109,0.1619,2117,13073,2117.0,13073.0
